2023-11-14T13:39:27.336Z 0: 

----------------------------------------------
2023-11-14T13:39:27.354Z 1: Discord starting: {"releaseChannel":"stable","version":"0.0.35"}, modulepath: /home/tiroir/.config/discord/0.0.35/modules
2023-11-14T13:39:27.361Z 2: ✅ webContents.created web1 "index.html"
2023-11-14T13:39:27.368Z 3: ✅ window.created win1 "discord"
2023-11-14T13:39:27.778Z 4: ✅ webContents.did-finish-load web1
2023-11-14T13:39:31.709Z 5: ✅ webContents.created web2 ""
2023-11-14T13:39:31.721Z 6: ✅ window.created win2 "Discord"
2023-11-14T13:39:40.325Z 7: ✅ webContents.did-finish-load web2
2023-11-14T13:39:40.425Z 8: window.close win1
2023-11-14T13:39:40.433Z 9: webContents.destroyed web1
2023-11-14T13:39:40.445Z 10: window.closed win1
2023-11-14T13:45:35.043Z 0: 

----------------------------------------------
2023-11-14T13:46:44.036Z 11: webContents.destroyed web2
2023-11-14T13:50:02.498Z 0: 

----------------------------------------------
2023-11-14T13:50:02.520Z 1: Discord starting: {"releaseChannel":"stable","version":"0.0.35"}, modulepath: /home/tiroir/.config/discord/0.0.35/modules
2023-11-14T13:50:02.526Z 2: Wrote 291648 byte minidump to /home/tiroir/.config/discord/0.0.35/modules/crashlogs/2023_11_14T13_50_02_519Z-0-minidump.dmp
2023-11-14T13:50:02.533Z 3: ✅ webContents.created web1 "index.html"
2023-11-14T13:50:02.540Z 4: ✅ window.created win1 "discord"
2023-11-14T13:50:02.547Z 5: Sentry report: {"sdk":{"name":"sentry.javascript.electron","packages":[{"name":"npm:@sentry/electron","version":"4.13.0"}],"version":"4.13.0","integrations":["SentryMinidump","ElectronBreadcrumbs","Net","MainContext","ChildProcess","OnUncaughtException","PreloadInjection","AdditionalContext","Screenshots","InboundFilters","FunctionToString","Console","Http","Undici","OnUnhandledRejection","ContextLines","LocalVariables","Modules","RequestData","LinkedErrors"]},"contexts":{"trace":{"trace_id":"9e989891ec864e4fa2bd7d7ac11948a1","span_id":"84e101af868b7cc0"},"app":{"app_name":"discord","app_version":"0.0.35","app_start_time":"2023-11-14T13:39:27.089Z"},"os":{"kernel_version":"6.6.1-arch1-1","name":"Arch Linux"},"browser":{"name":"Chrome"},"chrome":{"name":"Chrome","type":"runtime","version":"108.0.5359.215"},"device":{"arch":"x64","family":"Desktop","language":"en-US","screen_density":1,"screen_resolution":"2560x1600","memory_size":33368678400,"free_memory":27132866560,"processor_count":20,"cpu_description":"12th Gen Intel(R) Core(TM) i7-12700H","processor_frequency":400},"node":{"name":"Node","type":"runtime","version":"16.17.1"},"runtime":{"name":"Electron","version":"22.3.26"}},"environment":"stable","release":"0.0.35","user":{"ip_address":"{{auto}}","id":"508674913540898826","username":"adprx","email":"socialnetworksaprx@protonmail.com"},"tags":{"event.origin":"electron","event.environment":"native","event.process":"browser","event_type":"native","nativeBuildNumber":"null"},"level":"fatal","platform":"native","breadcrumbs":[{"timestamp":1699969182.666,"category":"console","level":"log","message":"2023-11-14T13:39:42.666Z [Modules] Streaming discord_game_utils@1 to /home/tiroir/.config/discord/0.0.35/modules/pending/discord_game_utils-1.zip: 68%"},{"timestamp":1699969182.666,"category":"console","level":"log","message":"legacyModuleUpdater: downloading-module-progress discord_game_utils 68"},{"timestamp":1699969182.726,"category":"console","level":"log","message":"2023-11-14T13:39:42.726Z [Modules] Streaming discord_game_utils@1 to /home/tiroir/.config/discord/0.0.35/modules/pending/discord_game_utils-1.zip: 69%"},{"timestamp":1699969182.726,"category":"console","level":"log","message":"legacyModuleUpdater: downloading-module-progress discord_game_utils 69"},{"timestamp":1699969182.762,"category":"console","level":"log","message":"2023-11-14T13:39:42.762Z [Modules] Streaming discord_game_utils@1 to /home/tiroir/.config/discord/0.0.35/modules/pending/discord_game_utils-1.zip: 70%"},{"timestamp":1699969182.762,"category":"console","level":"log","message":"legacyModuleUpdater: downloading-module-progress discord_game_utils 70"},{"timestamp":1699969183.069,"category":"electron","message":"window.blur","type":"ui","data":{"id":2,"url":"https://discordapp.com/app?_=1699969171693","title":""}},{"timestamp":1699969183.07,"category":"electron","message":"app.browser-window-blur","type":"ui"},{"timestamp":1699969183.191,"category":"console","level":"log","message":"2023-11-14T13:39:43.191Z [Modules] Streaming discord_game_utils@1 to /home/tiroir/.config/discord/0.0.35/modules/pending/discord_game_utils-1.zip: 71%"},{"timestamp":1699969183.192,"category":"console","level":"log","message":"legacyModuleUpdater: downloading-module-progress discord_game_utils 71"},{"timestamp":1699969183.198,"category":"console","level":"log","message":"2023-11-14T13:39:43.198Z [Modules] Streaming discord_game_utils@1 to /home/tiroir/.config/discord/0.0.35/modules/pending/discord_game_utils-1.zip: 72%"},{"timestamp":1699969183.198,"category":"console","level":"log","message":"legacyModuleUpdater: downloading-module-progress discord_game_utils 72"},{"timestamp":1699969183.259,"category":"console","level":"log","message":"2023-11-14T13:39:43.259Z [Modules] Streaming discord_game_utils@1 to /home/tiroir/.config/discord/0.0.35/modules/pending/discord_game_utils-1.zip: 73%"},{"timestamp":1699969183.259,"category":"console","level":"log","message":"legacyModuleUpdater: downloading-module-progress discord_game_utils 73"},{"timestamp":1699969183.262,"category":"console","level":"log","message":"2023-11-14T13:39:43.262Z [Modules] Streaming discord_game_utils@1 to /home/tiroir/.config/discord/0.0.35/modules/pending/discord_game_utils-1.zip: 74%"},{"timestamp":1699969183.263,"category":"console","level":"log","message":"legacyModuleUpdater: downloading-module-progress discord_game_utils 74"},{"timestamp":1699969183.286,"category":"console","level":"log","message":"2023-11-14T13:39:43.286Z [Modules] Streaming discord_game_utils@1 to /home/tiroir/.config/discord/0.0.35/modules/pending/discord_game_utils-1.zip: 75%"},{"timestamp":1699969183.286,"category":"console","level":"log","message":"legacyModuleUpdater: downloading-module-progress discord_game_utils 75"},{"timestamp":1699969183.293,"category":"console","level":"log","message":"2023-11-14T13:39:43.293Z [Modules] Streaming discord_game_utils@1 to /home/tiroir/.config/discord/0.0.35/modules/pending/discord_game_utils-1.zip: 76%"},{"timestamp":1699969183.294,"category":"console","level":"log","message":"legacyModuleUpdater: downloading-module-progress discord_game_utils 76"},{"timestamp":1699969183.318,"category":"console","level":"log","message":"2023-11-14T13:39:43.318Z [Modules] Streaming discord_game_utils@1 to /home/tiroir/.config/discord/0.0.35/modules/pending/discord_game_utils-1.zip: 77%"},{"timestamp":1699969183.318,"category":"console","level":"log","message":"legacyModuleUpdater: downloading-module-progress discord_game_utils 77"},{"timestamp":1699969183.323,"category":"console","level":"log","message":"2023-11-14T13:39:43.323Z [Modules] Streaming discord_game_utils@1 to /home/tiroir/.config/discord/0.0.35/modules/pending/discord_game_utils-1.zip: 79%"},{"timestamp":1699969183.323,"category":"console","level":"log","message":"legacyModuleUpdater: downloading-module-progress discord_game_utils 79"},{"timestamp":1699969183.33,"category":"console","level":"log","message":"2023-11-14T13:39:43.330Z [Modules] Streaming discord_game_utils@1 to /home/tiroir/.config/discord/0.0.35/modules/pending/discord_game_utils-1.zip: 80%"},{"timestamp":1699969183.33,"category":"console","level":"log","message":"legacyModuleUpdater: downloading-module-progress discord_game_utils 80"},{"timestamp":1699969183.332,"category":"console","level":"log","message":"2023-11-14T13:39:43.332Z [Modules] Streaming discord_game_utils@1 to /home/tiroir/.config/discord/0.0.35/modules/pending/discord_game_utils-1.zip: 81%"},{"timestamp":1699969183.332,"category":"console","level":"log","message":"legacyModuleUpdater: downloading-module-progress discord_game_utils 81"},{"timestamp":1699969183.352,"category":"console","level":"log","message":"2023-11-14T13:39:43.352Z [Modules] Streaming discord_game_utils@1 to /home/tiroir/.config/discord/0.0.35/modules/pending/discord_game_utils-1.zip: 82%"},{"timestamp":1699969183.353,"category":"console","level":"log","message":"legacyModuleUpdater: downloading-module-progress discord_game_utils 82"},{"timestamp":1699969183.362,"category":"console","level":"log","message":"2023-11-14T13:39:43.362Z [Modules] Streaming discord_game_utils@1 to /home/tiroir/.config/discord/0.0.35/modules/pending/discord_game_utils-1.zip: 83%"},{"timestamp":1699969183.363,"category":"console","level":"log","message":"legacyModuleUpdater: downloading-module-progress discord_game_utils 83"},{"timestamp":1699969183.395,"category":"console","level":"log","message":"2023-11-14T13:39:43.395Z [Modules] Streaming discord_game_utils@1 to /home/tiroir/.config/discord/0.0.35/modules/pending/discord_game_utils-1.zip: 84%"},{"timestamp":1699969183.395,"category":"console","level":"log","message":"legacyModuleUpdater: downloading-module-progress discord_game_utils 84"},{"timestamp":1699969183.403,"category":"console","level":"log","message":"2023-11-14T13:39:43.403Z [Modules] Streaming discord_game_utils@1 to /home/tiroir/.config/discord/0.0.35/modules/pending/discord_game_utils-1.zip: 85%"},{"timestamp":1699969183.403,"category":"console","level":"log","message":"legacyModuleUpdater: downloading-module-progress discord_game_utils 85"},{"timestamp":1699969183.417,"category":"console","level":"log","message":"2023-11-14T13:39:43.417Z [Modules] Streaming discord_game_utils@1 to /home/tiroir/.config/discord/0.0.35/modules/pending/discord_game_utils-1.zip: 86%"},{"timestamp":1699969183.418,"category":"console","level":"log","message":"legacyModuleUpdater: downloading-module-progress discord_game_utils 86"},{"timestamp":1699969183.419,"category":"console","level":"log","message":"2023-11-14T13:39:43.419Z [Modules] Streaming discord_game_utils@1 to /home/tiroir/.config/discord/0.0.35/modules/pending/discord_game_utils-1.zip: 88%"},{"timestamp":1699969183.42,"category":"console","level":"log","message":"legacyModuleUpdater: downloading-module-progress discord_game_utils 88"},{"timestamp":1699969183.42,"category":"console","level":"log","message":"2023-11-14T13:39:43.420Z [Modules] Streaming discord_game_utils@1 to /home/tiroir/.config/discord/0.0.35/modules/pending/discord_game_utils-1.zip: 92%"},{"timestamp":1699969183.42,"category":"console","level":"log","message":"legacyModuleUpdater: downloading-module-progress discord_game_utils 92"},{"timestamp":1699969183.421,"category":"console","level":"log","message":"2023-11-14T13:39:43.421Z [Modules] Streaming discord_game_utils@1 to /home/tiroir/.config/discord/0.0.35/modules/pending/discord_game_utils-1.zip: 93%"},{"timestamp":1699969183.421,"category":"console","level":"log","message":"legacyModuleUpdater: downloading-module-progress discord_game_utils 93"},{"timestamp":1699969183.427,"category":"console","level":"log","message":"2023-11-14T13:39:43.426Z [Modules] Streaming discord_game_utils@1 to /home/tiroir/.config/discord/0.0.35/modules/pending/discord_game_utils-1.zip: 94%"},{"timestamp":1699969183.427,"category":"console","level":"log","message":"legacyModuleUpdater: downloading-module-progress discord_game_utils 94"},{"timestamp":1699969183.429,"category":"console","level":"log","message":"2023-11-14T13:39:43.429Z [Modules] Streaming discord_game_utils@1 to /home/tiroir/.config/discord/0.0.35/modules/pending/discord_game_utils-1.zip: 97%"},{"timestamp":1699969183.429,"category":"console","level":"log","message":"legacyModuleUpdater: downloading-module-progress discord_game_utils 97"},{"timestamp":1699969183.431,"category":"console","level":"log","message":"2023-11-14T13:39:43.431Z [Modules] Streaming discord_game_utils@1 to /home/tiroir/.config/discord/0.0.35/modules/pending/discord_game_utils-1.zip: 100%"},{"timestamp":1699969183.432,"category":"console","level":"log","message":"legacyModuleUpdater: downloading-module-progress discord_game_utils 100"},{"timestamp":1699969183.433,"category":"console","level":"log","message":"2023-11-14T13:39:43.433Z [Modules] Fetching discord_rpc@1 from https://discord.com/api/modules/stable/discord_rpc/1"},{"timestamp":1699969183.433,"category":"console","level":"log","message":"2023-11-14T13:39:43.433Z [Modules] Streaming discord_rpc@1 to /home/tiroir/.config/discord/0.0.35/modules/pending/discord_rpc-1.zip"},{"timestamp":1699969183.433,"category":"console","level":"log","message":"2023-11-14T13:39:43.433Z [Modules] Installing discord_game_utils@1 from /home/tiroir/.config/discord/0.0.35/modules/pending/discord_game_utils-1.zip"},{"timestamp":1699969183.487,"category":"console","level":"log","message":"2023-11-14T13:39:43.487Z [Modules] Finished module installations. [success: 1] [failure: 0]"},{"timestamp":1699969183.487,"category":"console","level":"log","message":"legacyModuleUpdater: installed-module discord_game_utils 1 1 true"},{"timestamp":1699969183.653,"category":"console","level":"log","message":"mainScreen.UpdaterEvents: UPDATER_HISTORY_QUERY_AND_TRUNCATE"},{"timestamp":1699969183.75,"type":"http","category":"electron.net","data":{"url":"https://discord.com/api/modules/stable/discord_rpc/1?host_version=0.0.35&platform=linux","method":"GET","status_code":200}},{"timestamp":1699969183.771,"category":"console","level":"log","message":"2023-11-14T13:39:43.771Z [Modules] Streaming discord_rpc@1 to /home/tiroir/.config/discord/0.0.35/modules/pending/discord_rpc-1.zip: 38%"},{"timestamp":1699969183.771,"category":"console","level":"log","message":"legacyModuleUpdater: downloading-module-progress discord_rpc 38"},{"timestamp":1699969183.786,"category":"console","level":"log","message":"2023-11-14T13:39:43.786Z [Modules] Streaming discord_rpc@1 to /home/tiroir/.config/discord/0.0.35/modules/pending/discord_rpc-1.zip: 75%"},{"timestamp":1699969183.786,"category":"console","level":"log","message":"legacyModuleUpdater: downloading-module-progress discord_rpc 75"},{"timestamp":1699969183.809,"category":"console","level":"log","message":"2023-11-14T13:39:43.809Z [Modules] Streaming discord_rpc@1 to /home/tiroir/.config/discord/0.0.35/modules/pending/discord_rpc-1.zip: 100%"},{"timestamp":1699969183.809,"category":"console","level":"log","message":"legacyModuleUpdater: downloading-module-progress discord_rpc 100"},{"timestamp":1699969183.809,"category":"console","level":"log","message":"2023-11-14T13:39:43.809Z [Modules] Finished module downloads. [success: 3] [failure: 0]"},{"timestamp":1699969183.81,"category":"console","level":"log","message":"legacyModuleUpdater: downloading-modules-finished 3 0"},{"timestamp":1699969183.81,"category":"console","level":"log","message":"2023-11-14T13:39:43.810Z [Modules] Installing discord_rpc@1 from /home/tiroir/.config/discord/0.0.35/modules/pending/discord_rpc-1.zip"},{"timestamp":1699969183.818,"category":"console","level":"log","message":"2023-11-14T13:39:43.818Z [Modules] Finished module installations. [success: 1] [failure: 0]"},{"timestamp":1699969183.818,"category":"console","level":"log","message":"legacyModuleUpdater: installed-module discord_rpc 1 1 true"},{"timestamp":1699969183.928,"category":"console","level":"log","message":"mainScreen.UpdaterEvents: UPDATER_HISTORY_QUERY_AND_TRUNCATE"},{"timestamp":1699969199.014,"category":"electron","message":"window.focus","type":"ui","data":{"id":2,"url":"https://discordapp.com/channels/@me"}},{"timestamp":1699969199.014,"category":"electron","message":"app.browser-window-focus","type":"ui"},{"timestamp":1699969205.044,"category":"ui.click","message":"a.link__2e8e1[aria-label=\"҉҉ (message privé)\"]"},{"timestamp":1699969206.719,"category":"ui.click","message":"div.markup_a7e664.editor__66464.slateTextArea__0661c.fontSize16Padding__48818[aria-label=\"Envoyer un message à @҉҉\"]"},{"timestamp":1699969207.8,"category":"ui.input","message":"div.markup_a7e664.editor__66464.slateTextArea__0661c.fontSize16Padding__48818[aria-label=\"Envoyer un message à @҉҉\"]"},{"timestamp":1699969210.677,"category":"ui.input","message":"div.markup_a7e664.editor__66464.slateTextArea__0661c.fontSize16Padding__48818[aria-label=\"Envoyer un message à @҉҉\"]"},{"timestamp":1699969212.601,"category":"ui.input","message":"div.markup_a7e664.editor__66464.slateTextArea__0661c.fontSize16Padding__48818[aria-label=\"Envoyer un message à @҉҉\"]"},{"timestamp":1699969229.919,"category":"electron","message":"window.blur","type":"ui","data":{"id":2,"url":"https://discordapp.com/channels/@me/1156273305670647960"}},{"timestamp":1699969229.919,"category":"electron","message":"app.browser-window-blur","type":"ui"},{"timestamp":1699969231.471,"category":"electron","message":"window.focus","type":"ui","data":{"id":2,"url":"https://discordapp.com/channels/@me/1156273305670647960"}},{"timestamp":1699969231.471,"category":"electron","message":"app.browser-window-focus","type":"ui"},{"timestamp":1699969232.406,"category":"electron","message":"window.blur","type":"ui","data":{"id":2,"url":"https://discordapp.com/channels/@me/1156273305670647960"}},{"timestamp":1699969232.407,"category":"electron","message":"app.browser-window-blur","type":"ui"},{"timestamp":1699969233.032,"category":"electron","message":"window.focus","type":"ui","data":{"id":2,"url":"https://discordapp.com/channels/@me/1156273305670647960"}},{"timestamp":1699969233.032,"category":"electron","message":"app.browser-window-focus","type":"ui"},{"timestamp":1699969233.032,"category":"electron","message":"window.blur","type":"ui","data":{"id":2,"url":"https://discordapp.com/channels/@me/1156273305670647960"}},{"timestamp":1699969233.032,"category":"electron","message":"app.browser-window-blur","type":"ui"},{"timestamp":1699969233.033,"category":"electron","message":"window.focus","type":"ui","data":{"id":2,"url":"https://discordapp.com/channels/@me/1156273305670647960"}},{"timestamp":1699969233.033,"category":"electron","message":"app.browser-window-focus","type":"ui"},{"timestamp":1699969233.538,"category":"electron","message":"window.blur","type":"ui","data":{"id":2,"url":"https://discordapp.com/channels/@me/1156273305670647960"}},{"timestamp":1699969233.539,"category":"electron","message":"app.browser-window-blur","type":"ui"},{"timestamp":1699969234.829,"category":"electron","message":"window.focus","type":"ui","data":{"id":2,"url":"https://discordapp.com/channels/@me/1156273305670647960"}},{"timestamp":1699969234.829,"category":"electron","message":"app.browser-window-focus","type":"ui"},{"timestamp":1699969238.732,"category":"ui.input","message":"div.markup_a7e664.editor__66464.slateTextArea__0661c.fontSize16Padding__48818[aria-label=\"Envoyer un message à @҉҉\"]"},{"timestamp":1699969240.9,"category":"ui.click","message":"ol.scrollerInner__059a5[aria-label=\"Messages sur \"]"},{"timestamp":1699969256.675,"category":"ui.input","message":"div.markup_a7e664.editor__66464.slateTextArea__0661c.fontSize16Padding__48818[aria-label=\"Envoyer un message à @҉҉\"]"},{"timestamp":1699969534.967,"category":"electron","message":"app.second-instance","type":"ui"},{"timestamp":1699969534.968,"category":"electron","message":"window.show","type":"ui","data":{"id":2,"url":"https://discordapp.com/channels/@me/1156273305670647960"}},{"timestamp":1699969534.968,"category":"electron","message":"window.show","type":"ui","data":{"id":2,"url":"https://discordapp.com/channels/@me/1156273305670647960"}},{"timestamp":1699969539.719,"category":"ui.click","message":"div.contents_fb6220 > svg > path"},{"timestamp":1699969600.881,"category":"ui.click","message":"div.container_bb0c52 > div.closeButton__34341[aria-label=\"Fermer\"] > svg"},{"timestamp":1699969802.406,"category":"console","level":"log","message":"Discord 0.0.35"},{"timestamp":1699969802.473,"category":"electron","message":"app.will-finish-launching","type":"ui"},{"timestamp":1699969802.477,"category":"electron","message":"app.ready","type":"ui"},{"timestamp":1699969802.483,"category":"electron","message":"app.session-created","type":"ui"},{"timestamp":1699969802.483,"category":"console","level":"log","message":"Starting app."},{"timestamp":1699969802.484,"category":"console","level":"log","message":"Starting updater."},{"timestamp":1699969802.485,"category":"console","level":"log","message":"2023-11-14T13:50:02.485Z [Modules] Modules initializing"},{"timestamp":1699969802.485,"category":"console","level":"log","message":"2023-11-14T13:50:02.485Z [Modules] Distribution: remote"},{"timestamp":1699969802.485,"category":"console","level":"log","message":"2023-11-14T13:50:02.485Z [Modules] Host updates: enabled"},{"timestamp":1699969802.485,"category":"console","level":"log","message":"2023-11-14T13:50:02.485Z [Modules] Module updates: enabled"},{"timestamp":1699969802.485,"category":"console","level":"log","message":"2023-11-14T13:50:02.485Z [Modules] Module install path: /home/tiroir/.config/discord/0.0.35/modules"},{"timestamp":1699969802.485,"category":"console","level":"log","message":"2023-11-14T13:50:02.485Z [Modules] Module installed file path: /home/tiroir/.config/discord/0.0.35/modules/installed.json"},{"timestamp":1699969802.485,"category":"console","level":"log","message":"2023-11-14T13:50:02.485Z [Modules] Module download path: /home/tiroir/.config/discord/0.0.35/modules/pending"},{"timestamp":1699969802.49,"category":"console","level":"log","message":"splashScreen.initSplash(false)"},{"timestamp":1699969802.494,"category":"electron","message":"app.web-contents-created","type":"ui"},{"timestamp":1699969802.494,"category":"electron","message":"app.browser-window-created","type":"ui"},{"timestamp":1699969802.497,"category":"electron","message":"renderer.load-url","type":"ui","data":{}},{"timestamp":1699969802.498,"category":"console","level":"log","message":"blackbox: 2023-11-14T13:50:02.498Z 0 \n\n----------------------------------------------"},{"timestamp":1699969802.406,"category":"console","level":"log","message":"Discord 0.0.35"},{"timestamp":1699969802.473,"category":"electron","message":"app.will-finish-launching","type":"ui"},{"timestamp":1699969802.477,"category":"electron","message":"app.ready","type":"ui"},{"timestamp":1699969802.483,"category":"electron","message":"app.session-created","type":"ui"},{"timestamp":1699969802.483,"category":"console","level":"log","message":"Starting app."},{"timestamp":1699969802.484,"category":"console","level":"log","message":"Starting updater."},{"timestamp":1699969802.485,"category":"console","level":"log","message":"2023-11-14T13:50:02.485Z [Modules] Modules initializing"},{"timestamp":1699969802.485,"category":"console","level":"log","message":"2023-11-14T13:50:02.485Z [Modules] Distribution: remote"},{"timestamp":1699969802.485,"category":"console","level":"log","message":"2023-11-14T13:50:02.485Z [Modules] Host updates: enabled"},{"timestamp":1699969802.485,"category":"console","level":"log","message":"2023-11-14T13:50:02.485Z [Modules] Module updates: enabled"},{"timestamp":1699969802.485,"category":"console","level":"log","message":"2023-11-14T13:50:02.485Z [Modules] Module install path: /home/tiroir/.config/discord/0.0.35/modules"},{"timestamp":1699969802.485,"category":"console","level":"log","message":"2023-11-14T13:50:02.485Z [Modules] Module installed file path: /home/tiroir/.config/discord/0.0.35/modules/installed.json"},{"timestamp":1699969802.485,"category":"console","level":"log","message":"2023-11-14T13:50:02.485Z [Modules] Module download path: /home/tiroir/.config/discord/0.0.35/modules/pending"},{"timestamp":1699969802.49,"category":"console","level":"log","message":"splashScreen.initSplash(false)"},{"timestamp":1699969802.494,"category":"electron","message":"app.web-contents-created","type":"ui"},{"timestamp":1699969802.494,"category":"electron","message":"app.browser-window-created","type":"ui"},{"timestamp":1699969802.497,"category":"electron","message":"renderer.load-url","type":"ui","data":{}},{"timestamp":1699969802.498,"category":"console","level":"log","message":"blackbox: 2023-11-14T13:50:02.498Z 0 \n\n----------------------------------------------"}],"modules":{"mkdirp":"0.5.5","rimraf":"2.7.1","glob":"7.1.7","fs.realpath":"1.0.0","minimatch":"3.1.2","brace-expansion":"1.1.11","concat-map":"0.0.1","balanced-match":"1.0.2","inherits":"2.0.4","path-is-absolute":"1.0.1","inflight":"1.0.6","wrappy":"1.0.2","once":"1.4.0","yauzl":"2.10.0","fd-slicer":"1.1.0","pend":"1.2.0","buffer-crc32":"0.2.13","request":"2.88.0","extend":"3.0.2","tough-cookie":"2.4.3","psl":"1.8.0","json-stringify-safe":"5.0.1","safe-buffer":"5.2.1","aws-sign2":"0.7.0","aws4":"1.11.0","http-signature":"1.2.0","assert-plus":"1.0.0","sshpk":"1.16.1","safer-buffer":"2.1.2","asn1":"0.2.4","ecc-jsbn":"0.1.2","jsbn":"0.1.1","tweetnacl":"0.14.5","jsprim":"1.4.1","extsprintf":"1.3.0","verror":"1.10.0","core-util-is":"1.0.2","json-schema":"0.2.3","mime-types":"2.1.32","mime-db":"1.49.0","caseless":"0.12.0","forever-agent":"0.6.1","form-data":"2.3.3","combined-stream":"1.0.8","delayed-stream":"1.0.0","asynckit":"0.4.0","isstream":"0.1.2","is-typedarray":"1.0.0","qs":"6.5.3","har-validator":"5.1.5","ajv":"6.12.6","uri-js":"4.4.1","fast-deep-equal":"3.1.3","json-schema-traverse":"0.4.1","fast-json-stable-stringify":"2.1.0","har-schema":"2.0.0","uuid":"3.4.0","oauth-sign":"0.9.0","tunnel-agent":"0.6.0","performance-now":"2.1.0","https-proxy-agent":"5.0.1","ms":"2.1.2","agent-base":"6.0.2","lru_map":"0.3.3","cookie":"0.5.0","deepmerge":"4.3.0"},"event_id":"81487178547f4433a0c0b38b0359ad6d","timestamp":1699969802.513,"extra":{"release_channel":"stable","sentry":{"environment":"stable","release":"0.0.35"},"wm":"unknown,bspwm"}}
2023-11-14T13:50:02.864Z 6: ✅ webContents.did-finish-load web1
2023-11-14T13:50:03.809Z 7: ✅ webContents.created web2 ""
2023-11-14T13:50:03.820Z 8: ✅ window.created win2 "Discord"
2023-11-14T13:50:05.321Z 9: ✅ webContents.did-finish-load web2
2023-11-14T13:50:05.422Z 10: window.close win1
2023-11-14T13:50:05.431Z 11: webContents.destroyed web1
2023-11-14T13:50:05.438Z 12: window.closed win1
2023-11-14T13:54:23.088Z 13: window.close win2
2023-11-14T13:54:25.628Z 0: 

----------------------------------------------
2023-11-14T13:54:26.651Z 14: webContents.destroyed web2
2023-11-14T13:54:45.459Z 0: 

----------------------------------------------
2023-11-14T13:54:45.480Z 1: Discord starting: {"releaseChannel":"stable","version":"0.0.35"}, modulepath: /home/tiroir/.config/discord/0.0.35/modules
2023-11-14T13:54:45.487Z 2: ✅ webContents.created web1 ""
2023-11-14T13:54:45.493Z 3: ✅ window.created win1 "discord"
2023-11-14T13:54:45.832Z 4: ✅ webContents.did-finish-load web1
2023-11-14T13:54:46.207Z 5: ✅ webContents.created web2 ""
2023-11-14T13:54:46.218Z 6: ✅ window.created win2 "Discord"
2023-11-14T13:54:48.243Z 7: ✅ webContents.did-finish-load web2
2023-11-14T13:54:48.344Z 8: window.close win1
2023-11-14T13:54:48.353Z 9: webContents.destroyed web1
2023-11-14T13:54:48.359Z 10: window.closed win1
2023-11-14T13:56:25.648Z 11: window.close win2
2023-11-14T13:56:34.517Z 12: before-quit
2023-11-14T13:57:12.967Z 0: 

----------------------------------------------
2023-11-14T13:57:12.979Z 1: Discord starting: {"releaseChannel":"stable","version":"0.0.35"}, modulepath: /home/tiroir/.config/discord/0.0.35/modules
2023-11-14T13:57:12.986Z 2: ✅ webContents.created web1 ""
2023-11-14T13:57:12.993Z 3: ✅ window.created win1 "discord"
2023-11-14T13:57:13.152Z 4: ✅ webContents.did-finish-load web1
2023-11-14T13:58:04.991Z 5: window.close win1
2023-11-14T13:59:58.548Z 0: 

----------------------------------------------
2023-11-14T13:59:58.569Z 1: Discord starting: {"releaseChannel":"stable","version":"0.0.35"}, modulepath: /home/tiroir/.config/discord/0.0.35/modules
2023-11-14T13:59:58.576Z 2: ✅ webContents.created web1 "index.html"
2023-11-14T13:59:58.583Z 3: ✅ window.created win1 "discord"
2023-11-14T13:59:59.775Z 4: ✅ webContents.did-finish-load web1
2023-11-14T14:00:00.607Z 5: ✅ webContents.created web2 ""
2023-11-14T14:00:00.614Z 6: ✅ window.created win2 "Discord"
2023-11-14T14:00:02.267Z 7: ✅ webContents.did-finish-load web2
2023-11-14T14:00:02.367Z 8: window.close win1
2023-11-14T14:00:02.386Z 9: webContents.destroyed web1
2023-11-14T14:00:02.400Z 10: window.closed win1
2023-11-14T14:09:34.085Z 11: window.close win2
2023-11-14T15:55:24.693Z 0: 

----------------------------------------------
2023-11-14T15:55:24.701Z 1: Discord starting: {"releaseChannel":"stable","version":"0.0.35"}, modulepath: /home/tiroir/.config/discord/0.0.35/modules
2023-11-14T15:55:31.426Z 12: webContents.destroyed web2
2023-11-14T17:22:31.572Z 0: 

----------------------------------------------
2023-11-14T17:22:31.594Z 1: Discord starting: {"releaseChannel":"stable","version":"0.0.35"}, modulepath: /home/tiroir/.config/discord/0.0.35/modules
2023-11-14T17:22:31.601Z 2: ✅ webContents.created web1 "index.html"
2023-11-14T17:22:31.608Z 3: ✅ window.created win1 "discord"
2023-11-14T17:22:32.818Z 4: ✅ webContents.did-finish-load web1
2023-11-14T17:22:33.716Z 5: ✅ webContents.created web2 ""
2023-11-14T17:22:33.727Z 6: ✅ window.created win2 "Discord"
2023-11-14T17:22:35.753Z 7: ✅ webContents.did-finish-load web2
2023-11-14T17:22:35.853Z 8: window.close win1
2023-11-14T17:22:35.863Z 9: webContents.destroyed web1
2023-11-14T17:22:35.870Z 10: window.closed win1
2023-11-14T18:50:25.145Z 11: webContents.destroyed web2
2023-11-15T13:21:39.454Z 0: 

----------------------------------------------
2023-11-15T13:21:39.467Z 1: Discord starting: {"releaseChannel":"stable","version":"0.0.35"}, modulepath: /home/tiroir/.config/discord/0.0.35/modules
2023-11-15T13:21:39.474Z 2: ✅ webContents.created web1 ""
2023-11-15T13:21:39.481Z 3: ✅ window.created win1 "discord"
2023-11-15T13:21:39.847Z 4: ✅ webContents.did-finish-load web1
2023-11-15T13:21:40.291Z 5: ✅ webContents.created web2 ""
2023-11-15T13:21:40.297Z 6: ✅ window.created win2 "Discord"
2023-11-15T13:21:41.989Z 7: ✅ webContents.did-finish-load web2
2023-11-15T13:21:42.089Z 8: window.close win1
2023-11-15T13:21:42.098Z 9: webContents.destroyed web1
2023-11-15T13:21:42.105Z 10: window.closed win1
2023-11-15T13:55:13.048Z 11: webContents.destroyed web2
2023-11-15T14:31:40.288Z 0: 

----------------------------------------------
2023-11-15T14:31:40.309Z 1: Discord starting: {"releaseChannel":"stable","version":"0.0.35"}, modulepath: /home/tiroir/.config/discord/0.0.35/modules
2023-11-15T14:31:40.316Z 2: ✅ webContents.created web1 "index.html"
2023-11-15T14:31:40.322Z 3: ✅ window.created win1 "discord"
2023-11-15T14:31:40.668Z 4: ✅ webContents.did-finish-load web1
2023-11-15T14:31:41.191Z 5: ✅ webContents.created web2 ""
2023-11-15T14:31:41.203Z 6: ✅ window.created win2 "Discord"
2023-11-15T14:31:42.906Z 7: ✅ webContents.did-finish-load web2
2023-11-15T14:31:43.006Z 8: window.close win1
2023-11-15T14:31:43.015Z 9: webContents.destroyed web1
2023-11-15T14:31:43.021Z 10: window.closed win1
2023-11-15T15:22:12.134Z 11: before-quit
2023-11-15T15:23:00.174Z 0: 

----------------------------------------------
2023-11-15T15:23:00.187Z 1: Discord starting: {"releaseChannel":"stable","version":"0.0.35"}, modulepath: /home/tiroir/.config/discord/0.0.35/modules
2023-11-15T15:23:00.194Z 2: ✅ webContents.created web1 ""
2023-11-15T15:23:00.201Z 3: ✅ window.created win1 "discord"
2023-11-15T15:23:00.591Z 4: ✅ webContents.did-finish-load web1
2023-11-15T15:24:24.517Z 5: window.close win1
2023-11-15T15:24:24.535Z 6: webContents.destroyed web1
2023-11-15T15:24:27.644Z 0: 

----------------------------------------------
2023-11-15T15:24:27.666Z 1: Discord starting: {"releaseChannel":"stable","version":"0.0.35"}, modulepath: /home/tiroir/.config/discord/0.0.35/modules
2023-11-15T15:24:27.673Z 2: ✅ webContents.created web1 "index.html"
2023-11-15T15:24:27.680Z 3: ✅ window.created win1 "discord"
2023-11-15T15:24:28.068Z 4: ✅ webContents.did-finish-load web1
2023-11-15T15:24:28.495Z 5: ✅ webContents.created web2 ""
2023-11-15T15:24:28.501Z 6: ✅ window.created win2 "Discord"
2023-11-15T15:24:30.301Z 7: ✅ webContents.did-finish-load web2
2023-11-15T15:24:30.401Z 8: window.close win1
2023-11-15T15:24:30.414Z 9: webContents.destroyed web1
2023-11-15T15:24:30.421Z 10: window.closed win1
2023-11-15T15:26:29.077Z 11: webContents.destroyed web2
2023-11-15T15:35:32.877Z 0: 

----------------------------------------------
2023-11-15T15:35:32.894Z 1: Discord starting: {"releaseChannel":"stable","version":"0.0.35"}, modulepath: /home/tiroir/.config/discord/0.0.35/modules
2023-11-15T15:35:32.903Z 2: ✅ webContents.created web1 ""
2023-11-15T15:35:32.911Z 3: ✅ window.created win1 "discord"
2023-11-15T15:35:33.251Z 4: ✅ webContents.did-finish-load web1
2023-11-15T15:35:33.754Z 5: ✅ webContents.created web2 ""
2023-11-15T15:35:33.765Z 6: ✅ window.created win2 "Discord"
2023-11-15T15:35:35.339Z 7: ✅ webContents.did-finish-load web2
2023-11-15T15:35:35.439Z 8: window.close win1
2023-11-15T15:35:35.445Z 9: webContents.destroyed web1
2023-11-15T15:35:35.452Z 10: window.closed win1
2023-11-15T17:59:38.122Z 11: webContents.destroyed web2
2023-11-16T13:23:40.360Z 0: 

----------------------------------------------
2023-11-16T13:23:40.372Z 1: Discord starting: {"releaseChannel":"stable","version":"0.0.35"}, modulepath: /home/tiroir/.config/discord/0.0.35/modules
2023-11-16T13:23:40.382Z 2: ✅ webContents.created web1 ""
2023-11-16T13:23:40.389Z 3: ✅ window.created win1 "discord"
2023-11-16T13:23:40.396Z 4: Wrote 290304 byte minidump to /home/tiroir/.config/discord/0.0.35/modules/crashlogs/2023_11_16T13_23_40_382Z-0-minidump.dmp
2023-11-16T13:23:40.403Z 5: Sentry report: {"sdk":{"name":"sentry.javascript.electron","packages":[{"name":"npm:@sentry/electron","version":"4.13.0"}],"version":"4.13.0","integrations":["SentryMinidump","ElectronBreadcrumbs","Net","MainContext","ChildProcess","OnUncaughtException","PreloadInjection","AdditionalContext","Screenshots","InboundFilters","FunctionToString","Console","Http","Undici","OnUnhandledRejection","ContextLines","LocalVariables","Modules","RequestData","LinkedErrors"]},"contexts":{"trace":{"trace_id":"7d7f8db3c7aa438baaa6455249be8df7","span_id":"999f64d44da6e6e4"},"app":{"app_name":"discord","app_version":"0.0.35","app_start_time":"2023-11-15T15:35:32.645Z"},"os":{"kernel_version":"6.6.1-arch1-1","name":"Arch Linux"},"browser":{"name":"Chrome"},"chrome":{"name":"Chrome","type":"runtime","version":"108.0.5359.215"},"device":{"arch":"x64","family":"Desktop","language":"en-US","screen_density":1,"screen_resolution":"2560x1600","memory_size":33368678400,"free_memory":30893219840,"processor_count":20,"cpu_description":"12th Gen Intel(R) Core(TM) i7-12700H","processor_frequency":3712},"node":{"name":"Node","type":"runtime","version":"16.17.1"},"runtime":{"name":"Electron","version":"22.3.26"}},"environment":"stable","release":"0.0.35","user":{"ip_address":"{{auto}}","id":"508674913540898826","username":"adprx","email":"socialnetworksaprx@protonmail.com"},"tags":{"event.origin":"electron","event.environment":"native","event.process":"browser","event_type":"native","nativeBuildNumber":"null"},"level":"fatal","platform":"native","breadcrumbs":[{"timestamp":1700062725.648,"category":"electron","message":"window.focus","type":"ui","data":{"id":2,"url":"https://discordapp.com/channels/@me/1020792107411198155"}},{"timestamp":1700062725.649,"category":"electron","message":"app.browser-window-focus","type":"ui"},{"timestamp":1700062725.65,"category":"electron","message":"window.blur","type":"ui","data":{"id":2,"url":"https://discordapp.com/channels/@me/1020792107411198155"}},{"timestamp":1700062725.65,"category":"electron","message":"app.browser-window-blur","type":"ui"},{"timestamp":1700063867.877,"category":"electron","message":"window.focus","type":"ui","data":{"id":2,"url":"https://discordapp.com/channels/@me/1020792107411198155"}},{"timestamp":1700063867.877,"category":"electron","message":"app.browser-window-focus","type":"ui"},{"timestamp":1700063868.069,"category":"ui.click","message":"a.link__2e8e1[aria-label=\"Nelok (message privé)\"] > div.layout__59abc"},{"timestamp":1700063884.106,"category":"ui.click","message":"a.link__2e8e1[aria-label=\"҉҉ (message privé)\"] > div.layout__59abc"},{"timestamp":1700063887.334,"category":"ui.input","message":"div.markup_a7e664.editor__66464.slateTextArea__0661c.fontSize16Padding__48818[aria-label=\"Envoyer un message à @҉҉\"]"},{"timestamp":1700063893.455,"category":"ui.click","message":"div.buttons_f09f3a > div.closeButton_bf7ece[aria-label=\"Ignorer\"] > svg"},{"timestamp":1700063898.001,"category":"ui.click","message":"div.buttonWrapper__69593 > svg > path"},{"timestamp":1700063900.186,"category":"ui.input","message":"div.inner__999f6 > input.input__74754[aria-label=\"Recherche sur Tenor\"]"},{"timestamp":1700063901.109,"category":"console","level":"log","message":"legacyModuleUpdater: installed-module discord_spellcheck 1 1 true"},{"timestamp":1700063901.11,"category":"console","level":"log","message":"mainScreen.UpdaterEvents: UPDATER_HISTORY_QUERY_AND_TRUNCATE"},{"timestamp":1700063937.429,"category":"ui.click","message":"div.nameAndDecorators_cfd1ff > div.name__02dbd > div.overflow__87fe8"},{"timestamp":1700063939.668,"category":"ui.click","message":"div.nameAndDecorators_cfd1ff > div.name__02dbd > div.overflow__87fe8"},{"timestamp":1700063940.853,"category":"ui.click","message":"div.nameAndDecorators_cfd1ff > div.name__02dbd > div.overflow__87fe8"},{"timestamp":1700063942.365,"category":"ui.click","message":"div.nameAndDecorators_cfd1ff > div.name__02dbd > div.overflow__87fe8"},{"timestamp":1700063944.033,"category":"ui.click","message":"div.subText_ed6eed > div.activity_a8c37a.subtext__623a0 > svg > path"},{"timestamp":1700063945.175,"category":"ui.click","message":"div.nameAndDecorators_cfd1ff > div.name__02dbd > div.overflow__87fe8"},{"timestamp":1700063946.64,"category":"ui.click","message":"div.activity_a8c37a.subtext__623a0 > div.activityText__84949"},{"timestamp":1700063977.629,"category":"electron","message":"window.blur","type":"ui","data":{"id":2,"url":"https://discordapp.com/channels/@me/1156273305670647960"}},{"timestamp":1700063977.629,"category":"electron","message":"app.browser-window-blur","type":"ui"},{"timestamp":1700063978.788,"category":"electron","message":"window.focus","type":"ui","data":{"id":2,"url":"https://discordapp.com/channels/@me/1156273305670647960"}},{"timestamp":1700063978.788,"category":"electron","message":"app.browser-window-focus","type":"ui"},{"timestamp":1700063984.394,"category":"electron","message":"window.blur","type":"ui","data":{"id":2,"url":"https://discordapp.com/channels/@me/1156273305670647960"}},{"timestamp":1700063984.394,"category":"electron","message":"app.browser-window-blur","type":"ui"},{"timestamp":1700063984.394,"category":"electron","message":"window.focus","type":"ui","data":{"id":2,"url":"https://discordapp.com/channels/@me/1156273305670647960"}},{"timestamp":1700063984.394,"category":"electron","message":"app.browser-window-focus","type":"ui"},{"timestamp":1700064089.356,"category":"electron","message":"window.blur","type":"ui","data":{"id":2,"url":"https://discordapp.com/channels/@me/1156273305670647960"}},{"timestamp":1700064089.356,"category":"electron","message":"app.browser-window-blur","type":"ui"},{"timestamp":1700064089.356,"category":"electron","message":"window.focus","type":"ui","data":{"id":2,"url":"https://discordapp.com/channels/@me/1156273305670647960"}},{"timestamp":1700064089.356,"category":"electron","message":"app.browser-window-focus","type":"ui"},{"timestamp":1700064090.088,"category":"electron","message":"window.blur","type":"ui","data":{"id":2,"url":"https://discordapp.com/channels/@me/1156273305670647960"}},{"timestamp":1700064090.088,"category":"electron","message":"app.browser-window-blur","type":"ui"},{"timestamp":1700064181.519,"category":"electron","message":"window.focus","type":"ui","data":{"id":2,"url":"https://discordapp.com/channels/@me/1156273305670647960"}},{"timestamp":1700064181.52,"category":"electron","message":"app.browser-window-focus","type":"ui"},{"timestamp":1700064181.52,"category":"electron","message":"window.blur","type":"ui","data":{"id":2,"url":"https://discordapp.com/channels/@me/1156273305670647960"}},{"timestamp":1700064181.52,"category":"electron","message":"app.browser-window-blur","type":"ui"},{"timestamp":1700064181.52,"category":"electron","message":"window.focus","type":"ui","data":{"id":2,"url":"https://discordapp.com/channels/@me/1156273305670647960"}},{"timestamp":1700064181.52,"category":"electron","message":"app.browser-window-focus","type":"ui"},{"timestamp":1700064183.328,"category":"ui.click","message":"div"},{"timestamp":1700064185.806,"category":"ui.input","message":"div.markup_a7e664.editor__66464.slateTextArea__0661c.fontSize16Padding__48818[aria-label=\"Envoyer un message à @҉҉\"]"},{"timestamp":1700064194.729,"category":"ui.input","message":"div.markup_a7e664.editor__66464.slateTextArea__0661c.fontSize16Padding__48818[aria-label=\"Envoyer un message à @҉҉\"]"},{"timestamp":1700064219.999,"category":"electron","message":"window.blur","type":"ui","data":{"id":2,"url":"https://discordapp.com/channels/@me/1156273305670647960"}},{"timestamp":1700064219.999,"category":"electron","message":"app.browser-window-blur","type":"ui"},{"timestamp":1700064220.001,"category":"electron","message":"window.focus","type":"ui","data":{"id":2,"url":"https://discordapp.com/channels/@me/1156273305670647960"}},{"timestamp":1700064220.001,"category":"electron","message":"app.browser-window-focus","type":"ui"},{"timestamp":1700064613.997,"category":"electron","message":"window.blur","type":"ui","data":{"id":2,"url":"https://discordapp.com/channels/@me/1156273305670647960"}},{"timestamp":1700064613.998,"category":"electron","message":"app.browser-window-blur","type":"ui"},{"timestamp":1700064613.998,"category":"electron","message":"window.focus","type":"ui","data":{"id":2,"url":"https://discordapp.com/channels/@me/1156273305670647960"}},{"timestamp":1700064613.998,"category":"electron","message":"app.browser-window-focus","type":"ui"},{"timestamp":1700064616.82,"category":"electron","message":"window.blur","type":"ui","data":{"id":2,"url":"https://discordapp.com/channels/@me/1156273305670647960"}},{"timestamp":1700064616.82,"category":"electron","message":"app.browser-window-blur","type":"ui"},{"timestamp":1700064616.82,"category":"electron","message":"window.focus","type":"ui","data":{"id":2,"url":"https://discordapp.com/channels/@me/1156273305670647960"}},{"timestamp":1700064616.82,"category":"electron","message":"app.browser-window-focus","type":"ui"},{"timestamp":1700064625.555,"category":"electron","message":"window.blur","type":"ui","data":{"id":2,"url":"https://discordapp.com/channels/@me/1156273305670647960"}},{"timestamp":1700064625.555,"category":"electron","message":"app.browser-window-blur","type":"ui"},{"timestamp":1700064625.555,"category":"electron","message":"window.focus","type":"ui","data":{"id":2,"url":"https://discordapp.com/channels/@me/1156273305670647960"}},{"timestamp":1700064625.555,"category":"electron","message":"app.browser-window-focus","type":"ui"},{"timestamp":1700064630.705,"category":"ui.click","message":"div"},{"timestamp":1700064642.237,"category":"ui.input","message":"div.markup_a7e664.editor__66464.slateTextArea__0661c.fontSize16Padding__48818[aria-label=\"Envoyer un message à @҉҉\"]"},{"timestamp":1700064646.181,"category":"ui.input","message":"div.markup_a7e664.editor__66464.slateTextArea__0661c.fontSize16Padding__48818[aria-label=\"Envoyer un message à @҉҉\"]"},{"timestamp":1700064736.35,"category":"ui.click","message":"a.originalLink__94d5d"},{"timestamp":1700064750.639,"category":"ui.click","message":"div.layerContainer_d5a653 > div.backdrop__7e89b.withLayer__1fe9d"},{"timestamp":1700065649.194,"category":"electron","message":"powerMonitor.suspend","type":"ui"},{"timestamp":1700066539.977,"category":"electron","message":"powerMonitor.resume","type":"ui"},{"timestamp":1700067023.61,"category":"console","level":"log","message":"mainScreen.UpdaterEvents: CHECK_FOR_UPDATES UPDATE_NOT_AVAILABLE"},{"timestamp":1700067023.61,"category":"console","level":"log","message":"2023-11-15T16:50:23.610Z [Modules] Checking for host updates."},{"timestamp":1700067023.615,"type":"http","category":"electron.net","data":{"url":"https://discord.com/api/updates/stable?platform=linux&version=0.0.35","method":"GET"}},{"timestamp":1700067023.615,"category":"console","level":"log","message":"Error downloading with electron net: net::ERR_NAME_NOT_RESOLVED"},{"timestamp":1700067023.616,"category":"console","level":"log","message":"Falling back to node net library.."},{"timestamp":1700067023.629,"category":"http","data":{"url":"https://discord.com/api/updates/stable","http.method":"GET","http.query":"platform=linux&version=0.0.35"},"type":"http"},{"timestamp":1700067023.629,"category":"console","level":"error","message":"[Updates] Error fetching https://discord.com/api/updates/stable?platform=linux&version=0.0.35: getaddrinfo EAI_AGAIN discord.com"},{"timestamp":1700067023.629,"category":"console","level":"log","message":"2023-11-15T16:50:23.629Z [Modules] Host update failed: Error: getaddrinfo EAI_AGAIN discord.com"},{"timestamp":1700067023.629,"category":"console","level":"log","message":"legacyModuleUpdater: update-check-finished"},{"timestamp":1700069035.699,"category":"electron","message":"window.blur","type":"ui","data":{"id":2,"url":"https://discordapp.com/channels/@me/1156273305670647960"}},{"timestamp":1700069035.699,"category":"electron","message":"app.browser-window-blur","type":"ui"},{"timestamp":1700069459.736,"category":"electron","message":"window.focus","type":"ui","data":{"id":2,"url":"https://discordapp.com/channels/@me/1156273305670647960"}},{"timestamp":1700069459.736,"category":"electron","message":"app.browser-window-focus","type":"ui"},{"timestamp":1700069459.736,"category":"electron","message":"window.blur","type":"ui","data":{"id":2,"url":"https://discordapp.com/channels/@me/1156273305670647960"}},{"timestamp":1700069459.736,"category":"electron","message":"app.browser-window-blur","type":"ui"},{"timestamp":1700070623.613,"category":"console","level":"log","message":"mainScreen.UpdaterEvents: CHECK_FOR_UPDATES UPDATE_NOT_AVAILABLE"},{"timestamp":1700070623.613,"category":"console","level":"log","message":"2023-11-15T17:50:23.613Z [Modules] Checking for host updates."},{"timestamp":1700070623.892,"type":"http","category":"electron.net","data":{"url":"https://discord.com/api/updates/stable?platform=linux&version=0.0.35","method":"GET","status_code":204}},{"timestamp":1700070623.893,"category":"console","level":"log","message":"2023-11-15T17:50:23.893Z [Modules] Host is up to date."},{"timestamp":1700070623.894,"category":"console","level":"log","message":"2023-11-15T17:50:23.894Z [Modules] Checking for module updates at https://discord.com/api/modules/stable/versions.json"},{"timestamp":1700070624.181,"type":"http","category":"electron.net","data":{"url":"https://discord.com/api/modules/stable/versions.json?host_version=0.0.35&platform=linux&_=5666902","method":"GET","status_code":200}},{"timestamp":1700070624.183,"category":"console","level":"log","message":"2023-11-15T17:50:24.183Z [Modules] No module updates available."},{"timestamp":1700070624.183,"category":"console","level":"log","message":"legacyModuleUpdater: update-check-finished"},{"timestamp":1700070889.519,"category":"electron","message":"window.focus","type":"ui","data":{"id":2,"url":"https://discordapp.com/channels/@me/1156273305670647960"}},{"timestamp":1700070889.519,"category":"electron","message":"app.browser-window-focus","type":"ui"},{"timestamp":1700070889.52,"category":"electron","message":"window.blur","type":"ui","data":{"id":2,"url":"https://discordapp.com/channels/@me/1156273305670647960"}},{"timestamp":1700070889.52,"category":"electron","message":"app.browser-window-blur","type":"ui"},{"timestamp":1700071064.042,"category":"electron","message":"window.focus","type":"ui","data":{"id":2,"url":"https://discordapp.com/channels/@me/1156273305670647960"}},{"timestamp":1700071064.042,"category":"electron","message":"app.browser-window-focus","type":"ui"},{"timestamp":1700071064.243,"category":"ui.click","message":"a.originalLink__94d5d"},{"timestamp":1700071072.309,"category":"ui.click","message":"div.layerContainer_d5a653 > div.backdrop__7e89b.withLayer__1fe9d"},{"timestamp":1700071172.501,"category":"electron","message":"window.blur","type":"ui","data":{"id":2,"url":"https://discordapp.com/channels/@me/1156273305670647960"}},{"timestamp":1700071172.501,"category":"electron","message":"app.browser-window-blur","type":"ui"},{"timestamp":1700141020.235,"category":"console","level":"log","message":"Discord 0.0.35"},{"timestamp":1700141020.323,"category":"electron","message":"app.will-finish-launching","type":"ui"},{"timestamp":1700141020.33,"category":"electron","message":"app.ready","type":"ui"},{"timestamp":1700141020.341,"category":"electron","message":"app.session-created","type":"ui"},{"timestamp":1700141020.342,"category":"console","level":"log","message":"Starting app."},{"timestamp":1700141020.344,"category":"console","level":"log","message":"Starting updater."},{"timestamp":1700141020.344,"category":"console","level":"log","message":"2023-11-16T13:23:40.344Z [Modules] Modules initializing"},{"timestamp":1700141020.345,"category":"console","level":"log","message":"2023-11-16T13:23:40.344Z [Modules] Distribution: remote"},{"timestamp":1700141020.345,"category":"console","level":"log","message":"2023-11-16T13:23:40.345Z [Modules] Host updates: enabled"},{"timestamp":1700141020.345,"category":"console","level":"log","message":"2023-11-16T13:23:40.345Z [Modules] Module updates: enabled"},{"timestamp":1700141020.345,"category":"console","level":"log","message":"2023-11-16T13:23:40.345Z [Modules] Module install path: /home/tiroir/.config/discord/0.0.35/modules"},{"timestamp":1700141020.345,"category":"console","level":"log","message":"2023-11-16T13:23:40.345Z [Modules] Module installed file path: /home/tiroir/.config/discord/0.0.35/modules/installed.json"},{"timestamp":1700141020.345,"category":"console","level":"log","message":"2023-11-16T13:23:40.345Z [Modules] Module download path: /home/tiroir/.config/discord/0.0.35/modules/pending"},{"timestamp":1700141020.346,"category":"console","level":"log","message":"splashScreen.initSplash(false)"},{"timestamp":1700141020.354,"category":"electron","message":"app.web-contents-created","type":"ui"},{"timestamp":1700141020.355,"category":"electron","message":"app.browser-window-created","type":"ui"},{"timestamp":1700141020.359,"category":"electron","message":"renderer.load-url","type":"ui","data":{}},{"timestamp":1700141020.36,"category":"console","level":"log","message":"blackbox: 2023-11-16T13:23:40.360Z 0 \n\n----------------------------------------------"},{"timestamp":1700141020.235,"category":"console","level":"log","message":"Discord 0.0.35"},{"timestamp":1700141020.323,"category":"electron","message":"app.will-finish-launching","type":"ui"},{"timestamp":1700141020.33,"category":"electron","message":"app.ready","type":"ui"},{"timestamp":1700141020.341,"category":"electron","message":"app.session-created","type":"ui"},{"timestamp":1700141020.342,"category":"console","level":"log","message":"Starting app."},{"timestamp":1700141020.344,"category":"console","level":"log","message":"Starting updater."},{"timestamp":1700141020.344,"category":"console","level":"log","message":"2023-11-16T13:23:40.344Z [Modules] Modules initializing"},{"timestamp":1700141020.345,"category":"console","level":"log","message":"2023-11-16T13:23:40.344Z [Modules] Distribution: remote"},{"timestamp":1700141020.345,"category":"console","level":"log","message":"2023-11-16T13:23:40.345Z [Modules] Host updates: enabled"},{"timestamp":1700141020.345,"category":"console","level":"log","message":"2023-11-16T13:23:40.345Z [Modules] Module updates: enabled"},{"timestamp":1700141020.345,"category":"console","level":"log","message":"2023-11-16T13:23:40.345Z [Modules] Module install path: /home/tiroir/.config/discord/0.0.35/modules"},{"timestamp":1700141020.345,"category":"console","level":"log","message":"2023-11-16T13:23:40.345Z [Modules] Module installed file path: /home/tiroir/.config/discord/0.0.35/modules/installed.json"},{"timestamp":1700141020.345,"category":"console","level":"log","message":"2023-11-16T13:23:40.345Z [Modules] Module download path: /home/tiroir/.config/discord/0.0.35/modules/pending"},{"timestamp":1700141020.346,"category":"console","level":"log","message":"splashScreen.initSplash(false)"},{"timestamp":1700141020.354,"category":"electron","message":"app.web-contents-created","type":"ui"},{"timestamp":1700141020.355,"category":"electron","message":"app.browser-window-created","type":"ui"},{"timestamp":1700141020.359,"category":"electron","message":"renderer.load-url","type":"ui","data":{}},{"timestamp":1700141020.36,"category":"console","level":"log","message":"blackbox: 2023-11-16T13:23:40.360Z 0 \n\n----------------------------------------------"},{"timestamp":1700141020.372,"category":"console","level":"log","message":"blackbox: 2023-11-16T13:23:40.372Z 1 Discord starting: {\"releaseChannel\":\"stable\",\"version\":\"0.0.35\"}, modulepath: /home/tiroir/.config/discord/0.0.35/modules"}],"modules":{"mkdirp":"0.5.5","rimraf":"2.7.1","glob":"7.1.7","fs.realpath":"1.0.0","minimatch":"3.1.2","brace-expansion":"1.1.11","concat-map":"0.0.1","balanced-match":"1.0.2","inherits":"2.0.4","path-is-absolute":"1.0.1","inflight":"1.0.6","wrappy":"1.0.2","once":"1.4.0","yauzl":"2.10.0","fd-slicer":"1.1.0","pend":"1.2.0","buffer-crc32":"0.2.13","request":"2.88.0","extend":"3.0.2","tough-cookie":"2.4.3","psl":"1.8.0","json-stringify-safe":"5.0.1","safe-buffer":"5.2.1","aws-sign2":"0.7.0","aws4":"1.11.0","http-signature":"1.2.0","assert-plus":"1.0.0","sshpk":"1.16.1","safer-buffer":"2.1.2","asn1":"0.2.4","ecc-jsbn":"0.1.2","jsbn":"0.1.1","tweetnacl":"0.14.5","jsprim":"1.4.1","extsprintf":"1.3.0","verror":"1.10.0","core-util-is":"1.0.2","json-schema":"0.2.3","mime-types":"2.1.32","mime-db":"1.49.0","caseless":"0.12.0","forever-agent":"0.6.1","form-data":"2.3.3","combined-stream":"1.0.8","delayed-stream":"1.0.0","asynckit":"0.4.0","isstream":"0.1.2","is-typedarray":"1.0.0","qs":"6.5.3","har-validator":"5.1.5","ajv":"6.12.6","uri-js":"4.4.1","fast-deep-equal":"3.1.3","json-schema-traverse":"0.4.1","fast-json-stable-stringify":"2.1.0","har-schema":"2.0.0","uuid":"3.4.0","oauth-sign":"0.9.0","tunnel-agent":"0.6.0","performance-now":"2.1.0","https-proxy-agent":"5.0.1","ms":"2.1.2","agent-base":"6.0.2","lru_map":"0.3.3","cookie":"0.5.0","deepmerge":"4.3.0"},"event_id":"cf75831d31464dc48196c5e474d27461","timestamp":1700141020.376,"extra":{"release_channel":"stable","sentry":{"environment":"stable","release":"0.0.35"},"wm":"unknown,bspwm"}}
2023-11-16T13:23:40.780Z 6: ✅ webContents.did-finish-load web1
2023-11-16T13:24:12.749Z 7: webContents.destroyed web1
2023-11-16T13:31:06.752Z 0: 

----------------------------------------------
2023-11-16T13:31:06.773Z 1: Discord starting: {"releaseChannel":"stable","version":"0.0.35"}, modulepath: /home/tiroir/.config/discord/0.0.35/modules
2023-11-16T13:31:06.780Z 2: ✅ webContents.created web1 "index.html"
2023-11-16T13:31:06.787Z 3: ✅ window.created win1 "discord"
2023-11-16T13:31:07.157Z 4: ✅ webContents.did-finish-load web1
2023-11-16T13:31:07.621Z 5: ✅ webContents.created web2 ""
2023-11-16T13:31:07.628Z 6: ✅ window.created win2 "Discord"
2023-11-16T13:31:10.670Z 7: ✅ webContents.did-finish-load web2
2023-11-16T13:31:10.769Z 8: window.close win1
2023-11-16T13:31:10.778Z 9: webContents.destroyed web1
2023-11-16T13:31:10.784Z 10: window.closed win1
2023-11-16T15:04:57.367Z 11: webContents.destroyed web2
2023-11-16T15:05:28.195Z 0: 

----------------------------------------------
2023-11-16T15:05:28.215Z 1: Discord starting: {"releaseChannel":"stable","version":"0.0.35"}, modulepath: /home/tiroir/.config/discord/0.0.35/modules
2023-11-16T15:05:28.224Z 2: ✅ webContents.created web1 "index.html"
2023-11-16T15:05:28.231Z 3: ✅ window.created win1 "discord"
2023-11-16T15:05:28.577Z 4: ✅ webContents.did-finish-load web1
2023-11-16T15:05:29.212Z 5: ✅ webContents.created web2 ""
2023-11-16T15:05:29.223Z 6: ✅ window.created win2 "Discord"
2023-11-16T15:05:30.872Z 7: ✅ webContents.did-finish-load web2
2023-11-16T15:05:30.972Z 8: window.close win1
2023-11-16T15:05:30.980Z 9: webContents.destroyed web1
2023-11-16T15:05:30.987Z 10: window.closed win1
2023-11-16T16:37:38.105Z 11: webContents.destroyed web2
2023-11-16T16:37:41.419Z 0: 

----------------------------------------------
2023-11-16T16:37:41.436Z 1: Discord starting: {"releaseChannel":"stable","version":"0.0.35"}, modulepath: /home/tiroir/.config/discord/0.0.35/modules
2023-11-16T16:37:41.448Z 2: ✅ webContents.created web1 "index.html"
2023-11-16T16:37:41.457Z 3: ✅ window.created win1 "discord"
2023-11-16T16:37:41.831Z 4: ✅ webContents.did-finish-load web1
2023-11-16T16:37:42.227Z 5: ✅ webContents.created web2 ""
2023-11-16T16:37:42.238Z 6: ✅ window.created win2 "Discord"
2023-11-16T16:37:43.786Z 7: ✅ webContents.did-finish-load web2
2023-11-16T16:37:43.886Z 8: window.close win1
2023-11-16T16:37:43.894Z 9: webContents.destroyed web1
2023-11-16T16:37:43.900Z 10: window.closed win1
2023-11-16T17:50:05.750Z 11: webContents.destroyed web2
2023-11-16T21:34:56.341Z 0: 

----------------------------------------------
2023-11-16T21:34:56.356Z 1: Discord starting: {"releaseChannel":"stable","version":"0.0.35"}, modulepath: /home/tiroir/.config/discord/0.0.35/modules
2023-11-16T21:34:56.363Z 2: ✅ webContents.created web1 ""
2023-11-16T21:34:56.370Z 3: ✅ window.created win1 "discord"
2023-11-16T21:34:56.743Z 4: ✅ webContents.did-finish-load web1
2023-11-16T21:34:57.649Z 5: ✅ webContents.created web2 ""
2023-11-16T21:34:57.656Z 6: ✅ window.created win2 "Discord"
2023-11-16T21:34:59.234Z 7: ✅ webContents.did-finish-load web2
2023-11-16T21:34:59.335Z 8: window.close win1
2023-11-16T21:34:59.351Z 9: webContents.destroyed web1
2023-11-16T21:34:59.365Z 10: window.closed win1
2023-11-16T23:06:18.800Z 11: window.close win2
2023-11-17T11:04:53.352Z 0: 

----------------------------------------------
2023-11-17T11:04:53.363Z 1: Discord starting: {"releaseChannel":"stable","version":"0.0.35"}, modulepath: /home/tiroir/.config/discord/0.0.35/modules
2023-11-17T11:11:23.660Z 12: webContents.destroyed web2
2023-11-17T12:05:18.686Z 0: 

----------------------------------------------
2023-11-17T12:05:18.698Z 1: Discord starting: {"releaseChannel":"stable","version":"0.0.35"}, modulepath: /home/tiroir/.config/discord/0.0.35/modules
2023-11-17T12:05:18.705Z 2: ✅ webContents.created web1 ""
2023-11-17T12:05:18.711Z 3: ✅ window.created win1 "discord"
2023-11-17T12:05:19.103Z 4: ✅ webContents.did-finish-load web1
2023-11-17T12:05:19.363Z 5: ✅ webContents.created web2 ""
2023-11-17T12:05:19.375Z 6: ✅ window.created win2 "Discord"
2023-11-17T12:05:20.866Z 7: ✅ webContents.did-finish-load web2
2023-11-17T12:05:20.965Z 8: window.close win1
2023-11-17T12:05:20.974Z 9: webContents.destroyed web1
2023-11-17T12:05:20.980Z 10: window.closed win1
2023-11-17T12:05:35.249Z 11: window.close win2
2023-11-17T12:16:38.822Z 0: 

----------------------------------------------
2023-11-17T15:41:08.097Z 12: window.close win2
2023-11-17T15:57:02.348Z 13: ❌ render-process-gone { reason: 'killed', exitCode: 9 }
2023-11-17T21:57:11.422Z 0: 

----------------------------------------------
2023-11-17T21:57:11.442Z 1: Discord starting: {"releaseChannel":"stable","version":"0.0.35"}, modulepath: /home/tiroir/.config/discord/0.0.35/modules
2023-11-17T21:57:11.449Z 2: ✅ webContents.created web1 ""
2023-11-17T21:57:11.456Z 3: ✅ window.created win1 "discord"
2023-11-17T21:57:11.795Z 4: ✅ webContents.did-finish-load web1
2023-11-17T21:57:12.075Z 5: ✅ webContents.created web2 ""
2023-11-17T21:57:12.087Z 6: ✅ window.created win2 "Discord"
2023-11-17T21:57:13.553Z 7: ✅ webContents.did-finish-load web2
2023-11-17T21:57:13.654Z 8: window.close win1
2023-11-17T21:57:13.663Z 9: webContents.destroyed web1
2023-11-17T21:57:13.669Z 10: window.closed win1
2023-11-18T16:21:09.063Z 11: window.close win2
2023-11-18T16:32:28.965Z 12: before-quit
2023-11-19T15:24:11.139Z 0: 

----------------------------------------------
2023-11-19T15:24:11.152Z 1: Discord starting: {"releaseChannel":"stable","version":"0.0.35"}, modulepath: /home/tiroir/.config/discord/0.0.35/modules
2023-11-19T15:24:11.160Z 2: ✅ webContents.created web1 ""
2023-11-19T15:24:11.166Z 3: ✅ window.created win1 "discord"
2023-11-19T15:24:11.554Z 4: ✅ webContents.did-finish-load web1
2023-11-19T15:24:12.132Z 5: ✅ webContents.created web2 ""
2023-11-19T15:24:12.139Z 6: ✅ window.created win2 "Discord"
2023-11-19T15:24:26.281Z 7: ✅ webContents.did-finish-load web2
2023-11-19T15:24:26.382Z 8: window.close win1
2023-11-19T15:24:26.391Z 9: webContents.destroyed web1
2023-11-19T15:24:26.398Z 10: window.closed win1
2023-11-19T15:34:09.385Z 11: webContents.destroyed web2
2023-11-19T18:20:04.191Z 0: 

----------------------------------------------
2023-11-19T18:20:04.213Z 1: Discord starting: {"releaseChannel":"stable","version":"0.0.35"}, modulepath: /home/tiroir/.config/discord/0.0.35/modules
2023-11-19T18:20:04.226Z 2: ✅ webContents.created web1 "index.html"
2023-11-19T18:20:04.238Z 3: ✅ window.created win1 "discord"
2023-11-19T18:20:04.600Z 4: ✅ webContents.did-finish-load web1
2023-11-19T18:20:06.238Z 5: ✅ webContents.created web2 ""
2023-11-19T18:20:06.249Z 6: ✅ window.created win2 "Discord"
2023-11-19T18:20:08.057Z 7: ✅ webContents.did-finish-load web2
2023-11-19T18:20:08.156Z 8: window.close win1
2023-11-19T18:20:08.163Z 9: webContents.destroyed web1
2023-11-19T18:20:08.169Z 10: window.closed win1
2023-11-19T18:23:08.432Z 11: webContents.destroyed web2
2023-11-19T19:23:28.878Z 0: 

----------------------------------------------
2023-11-19T19:23:28.890Z 1: Discord starting: {"releaseChannel":"stable","version":"0.0.35"}, modulepath: /home/tiroir/.config/discord/0.0.35/modules
2023-11-19T19:23:28.897Z 2: ✅ webContents.created web1 ""
2023-11-19T19:23:28.904Z 3: ✅ window.created win1 "discord"
2023-11-19T19:23:29.265Z 4: ✅ webContents.did-finish-load web1
2023-11-19T19:23:29.982Z 5: ✅ webContents.created web2 ""
2023-11-19T19:23:29.989Z 6: ✅ window.created win2 "Discord"
2023-11-19T19:23:31.854Z 7: ✅ webContents.did-finish-load web2
2023-11-19T19:23:31.954Z 8: window.close win1
2023-11-19T19:23:31.962Z 9: webContents.destroyed web1
2023-11-19T19:23:31.969Z 10: window.closed win1
2023-11-19T20:20:32.908Z 11: window.close win2
2023-11-19T21:48:57.393Z 12: before-quit
2023-11-19T21:48:57.410Z 13: window.close win2
2023-11-20T07:15:57.946Z 0: 

----------------------------------------------
2023-11-20T07:15:57.958Z 1: Discord starting: {"releaseChannel":"stable","version":"0.0.35"}, modulepath: /home/tiroir/.config/discord/0.0.35/modules
2023-11-20T07:15:57.966Z 2: ✅ webContents.created web1 ""
2023-11-20T07:15:57.972Z 3: ✅ window.created win1 "discord"
2023-11-20T07:15:58.326Z 4: ✅ webContents.did-finish-load web1
2023-11-20T07:15:58.770Z 5: ✅ webContents.created web2 ""
2023-11-20T07:15:58.777Z 6: ✅ window.created win2 "Discord"
2023-11-20T07:16:00.366Z 7: ✅ webContents.did-finish-load web2
2023-11-20T07:16:00.467Z 8: window.close win1
2023-11-20T07:16:00.475Z 9: webContents.destroyed web1
2023-11-20T07:16:00.484Z 10: window.closed win1
2023-11-20T07:16:02.098Z 11: Sentry report: {"sdk":{"name":"sentry.javascript.electron","packages":[{"name":"npm:@sentry/electron","version":"4.13.0"}],"version":"4.13.0","integrations":["InboundFilters","FunctionToString","TryCatch","Breadcrumbs","GlobalHandlers","LinkedErrors","Dedupe","HttpContext","ScopeToMain","SentryMinidump","ElectronBreadcrumbs","Net","MainContext","ChildProcess","OnUncaughtException","PreloadInjection","AdditionalContext","Screenshots","InboundFilters","FunctionToString","Console","Http","Undici","OnUnhandledRejection","ContextLines","LocalVariables","Modules","RequestData","LinkedErrors"]},"contexts":{"app":{"app_name":"discord","app_version":"0.0.35","app_start_time":"2023-11-20T07:15:57.646Z"},"os":{"kernel_version":"6.6.1-arch1-1","name":"Arch Linux","version":"\"rolling\""},"browser":{"name":"Chrome"},"chrome":{"name":"Chrome","type":"runtime","version":"108.0.5359.215"},"device":{"arch":"x64","family":"Desktop","language":"en-US","screen_density":1,"screen_resolution":"2560x1600","memory_size":33368678400,"free_memory":30158036992,"processor_count":20,"cpu_description":"12th Gen Intel(R) Core(TM) i7-12700H","processor_frequency":1293},"node":{"name":"Node","type":"runtime","version":"16.17.1"},"runtime":{"name":"Electron","version":"22.3.26"},"trace":{"trace_id":"6cd1aab8fa0349a6ae54f3b610464001","span_id":"a6e0a5d18fdce6a0"}},"environment":"stable","release":"0.0.35","user":{"ip_address":"{{auto}}","id":"508674913540898826","username":"adprx","email":"socialnetworksaprx@protonmail.com"},"tags":{"event.origin":"electron","event.environment":"javascript","event.process":"renderer","event_type":"javascript","nativeBuildNumber":"null"},"exception":{"values":[{"type":"Error","value":"Unexpected token '<', \"<!DOCTYPE \"... is not valid JSON","stacktrace":{"frames":[{"filename":"node:internal/process/task_queues","function":"process.processTicksAndRejections","lineno":83,"colno":21,"in_app":false},{"filename":"node:internal/streams/readable","function":"endReadableNT","lineno":1358,"colno":12,"in_app":false},{"filename":"node:events","function":"IncomingMessage.emit","lineno":525,"colno":35,"in_app":false},{"filename":"webpack-internal:///./src/api/https.js","function":"IncomingMessage.eval","in_app":true,"lineno":39,"colno":13}]},"mechanism":{"type":"onerror","handled":false}}]},"level":"error","platform":"javascript","request":{"url":"https://discordapp.com/channels/@me","headers":{}},"event_id":"9efc222ede0a42748dc0420a257245a5","timestamp":1700464562.091,"extra":{"release_channel":"stable","sentry":{"environment":"stable","release":"0.0.35","user":{"id":"508674913540898826","username":"adprx","email":"socialnetworksaprx@protonmail.com"}},"wm":"unknown,bspwm","distro":"\"Arch Linux\"","nativeBuildNumber":"null","user_id":"508674913540898826","username":"adprx","email":"socialnetworksaprx@protonmail.com"},"breadcrumbs":[{"timestamp":1700464557.835,"category":"console","level":"log","message":"Discord 0.0.35"},{"timestamp":1700464557.902,"category":"electron","message":"app.will-finish-launching","type":"ui"},{"timestamp":1700464557.911,"category":"electron","message":"app.ready","type":"ui"},{"timestamp":1700464557.922,"category":"electron","message":"app.session-created","type":"ui"},{"timestamp":1700464557.922,"category":"console","level":"log","message":"Starting app."},{"timestamp":1700464557.925,"category":"console","level":"log","message":"Starting updater."},{"timestamp":1700464557.926,"category":"console","level":"log","message":"2023-11-20T07:15:57.926Z [Modules] Modules initializing"},{"timestamp":1700464557.926,"category":"console","level":"log","message":"2023-11-20T07:15:57.926Z [Modules] Distribution: remote"},{"timestamp":1700464557.926,"category":"console","level":"log","message":"2023-11-20T07:15:57.926Z [Modules] Host updates: enabled"},{"timestamp":1700464557.926,"category":"console","level":"log","message":"2023-11-20T07:15:57.926Z [Modules] Module updates: enabled"},{"timestamp":1700464557.927,"category":"console","level":"log","message":"2023-11-20T07:15:57.927Z [Modules] Module install path: /home/tiroir/.config/discord/0.0.35/modules"},{"timestamp":1700464557.927,"category":"console","level":"log","message":"2023-11-20T07:15:57.927Z [Modules] Module installed file path: /home/tiroir/.config/discord/0.0.35/modules/installed.json"},{"timestamp":1700464557.927,"category":"console","level":"log","message":"2023-11-20T07:15:57.927Z [Modules] Module download path: /home/tiroir/.config/discord/0.0.35/modules/pending"},{"timestamp":1700464557.929,"category":"console","level":"log","message":"splashScreen.initSplash(false)"},{"timestamp":1700464557.938,"category":"electron","message":"app.web-contents-created","type":"ui"},{"timestamp":1700464557.939,"category":"electron","message":"app.browser-window-created","type":"ui"},{"timestamp":1700464557.944,"category":"electron","message":"renderer.load-url","type":"ui","data":{}},{"timestamp":1700464557.946,"category":"console","level":"log","message":"blackbox: 2023-11-20T07:15:57.946Z 0 \n\n----------------------------------------------"},{"timestamp":1700464557.958,"category":"console","level":"log","message":"blackbox: 2023-11-20T07:15:57.958Z 1 Discord starting: {\"releaseChannel\":\"stable\",\"version\":\"0.0.35\"}, modulepath: /home/tiroir/.config/discord/0.0.35/modules"},{"timestamp":1700464557.966,"category":"console","level":"log","message":"blackbox: 2023-11-20T07:15:57.966Z 2 ✅ webContents.created web1 \"\""},{"timestamp":1700464557.972,"category":"console","level":"log","message":"blackbox: 2023-11-20T07:15:57.972Z 3 ✅ window.created win1 \"discord\""},{"timestamp":1700464558.249,"category":"electron","message":"app.gpu-info-update","type":"ui"},{"timestamp":1700464558.278,"category":"console","level":"log","message":"splashScreen: SPLASH_SCREEN_READY"},{"timestamp":1700464558.279,"category":"console","level":"log","message":"splashScreen.webContentsSend: SPLASH_SCREEN_QUOTE SPLASH_SCREEN_QUOTE [ 'Hold Tight — Loading Discord' ]"},{"timestamp":1700464558.28,"category":"electron","message":"window.show","type":"ui","data":{"id":1,"url":"app:///app_bootstrap/splash/index.html"}},{"timestamp":1700464558.28,"category":"console","level":"log","message":"2023-11-20T07:15:58.280Z [Modules] No updates to install"},{"timestamp":1700464558.28,"category":"console","level":"log","message":"splashScreen: no-pending-updates"},{"timestamp":1700464558.28,"category":"console","level":"log","message":"2023-11-20T07:15:58.280Z [Modules] Checking for host updates."},{"timestamp":1700464558.281,"category":"console","level":"log","message":"splashScreen: checking-for-updates"},{"timestamp":1700464558.281,"category":"console","level":"log","message":"splashScreen.updateSplashState checking-for-updates checking-for-updates {}"},{"timestamp":1700464558.281,"category":"console","level":"log","message":"splashScreen.webContentsSend: SPLASH_UPDATE_STATE SPLASH_UPDATE_STATE [ { status: 'checking-for-updates' } ]"},{"timestamp":1700464558.283,"category":"electron","message":"window.focus","type":"ui","data":{"id":1,"url":"app:///app_bootstrap/splash/index.html"}},{"timestamp":1700464558.284,"category":"electron","message":"app.browser-window-focus","type":"ui"},{"timestamp":1700464558.296,"category":"electron","message":"renderer.dom-ready","type":"ui","data":{"id":1,"url":"app:///app_bootstrap/splash/index.html"}},{"timestamp":1700464558.326,"category":"console","level":"log","message":"blackbox: 2023-11-20T07:15:58.326Z 4 ✅ webContents.did-finish-load web1"},{"timestamp":1700464558.642,"type":"http","category":"electron.net","data":{"url":"https://discord.com/api/updates/stable?platform=linux&version=0.0.35","method":"GET","status_code":204}},{"timestamp":1700464558.645,"category":"console","level":"log","message":"2023-11-20T07:15:58.645Z [Modules] Host is up to date."},{"timestamp":1700464558.645,"category":"console","level":"log","message":"2023-11-20T07:15:58.645Z [Modules] Checking for module updates at https://discord.com/api/modules/stable/versions.json"},{"timestamp":1700464558.716,"type":"http","category":"electron.net","data":{"url":"https://discord.com/api/modules/stable/versions.json?host_version=0.0.35&platform=linux&_=5668215","method":"GET","status_code":200}},{"timestamp":1700464558.718,"category":"console","level":"log","message":"2023-11-20T07:15:58.718Z [Modules] No module updates available."},{"timestamp":1700464558.718,"category":"console","level":"log","message":"splashScreen: update-check-finished true 0 false"},{"timestamp":1700464558.718,"category":"console","level":"log","message":"splashScreen.launchMainWindow: false"},{"timestamp":1700464558.758,"category":"electron","message":"powerMonitor.newListener","type":"ui"},{"timestamp":1700464558.763,"category":"electron","message":"app.web-contents-created","type":"ui"},{"timestamp":1700464558.765,"category":"electron","message":"app.browser-window-created","type":"ui"},{"timestamp":1700464558.765,"category":"console","level":"log","message":"Optional module ./ElectronTestRpc was not included."},{"timestamp":1700464558.769,"category":"electron","message":"renderer.load-url","type":"ui","data":{}},{"timestamp":1700464558.77,"category":"console","level":"log","message":"splashScreen.updateSplashState launching launching {}"},{"timestamp":1700464558.77,"category":"console","level":"log","message":"splashScreen.webContentsSend: SPLASH_UPDATE_STATE SPLASH_UPDATE_STATE [ { status: 'launching' } ]"},{"timestamp":1700464558.77,"category":"electron","message":"powerMonitor.newListener","type":"ui"},{"timestamp":1700464558.77,"category":"console","level":"log","message":"blackbox: 2023-11-20T07:15:58.770Z 5 ✅ webContents.created web2 \"\""},{"timestamp":1700464558.777,"category":"console","level":"log","message":"blackbox: 2023-11-20T07:15:58.777Z 6 ✅ window.created win2 \"Discord\""},{"timestamp":1700464559.513,"category":"console","data":{"arguments":["Initializing voice engine with audio subsystem: false"],"logger":"console"},"level":"log","message":"Initializing voice engine with audio subsystem: false"},{"timestamp":1700464559.629,"category":"console","level":"log","message":"legacyModuleUpdater: installed-module discord_game_utils 1 1 true"},{"timestamp":1700464559.63,"category":"console","level":"log","message":"legacyModuleUpdater: installed-module discord_krisp 1 1 true"},{"timestamp":1700464559.699,"category":"console","level":"log","message":"mainScreen.UpdaterEvents: UPDATER_HISTORY_QUERY_AND_TRUNCATE"},{"timestamp":1700464559.702,"category":"electron","message":"renderer.dom-ready","type":"ui","data":{"id":2,"url":"https://discordapp.com/app?_=1700464558756"}},{"timestamp":1700464559.768,"category":"console","data":{"arguments":["Initializing krisp module"],"logger":"console"},"level":"info","message":"Initializing krisp module"},{"timestamp":1700464560.05,"category":"console","level":"log","message":"mainScreen.UpdaterEvents: UPDATER_HISTORY_QUERY_AND_TRUNCATE"},{"timestamp":1700464560.058,"category":"console","level":"log","message":"mainScreen.UpdaterEvents: UPDATER_HISTORY_QUERY_AND_TRUNCATE"},{"timestamp":1700464560.329,"category":"console","level":"log","message":"mainScreen.UpdaterEvents: CHECK_FOR_UPDATES UPDATE_NOT_AVAILABLE"},{"timestamp":1700464560.329,"category":"console","level":"log","message":"2023-11-20T07:16:00.329Z [Modules] Checking for host updates."},{"timestamp":1700464560.364,"category":"console","level":"log","message":"legacyModuleUpdater: installed-module discord_rpc 1 1 true"},{"timestamp":1700464560.365,"category":"console","level":"log","message":"mainScreen.on(did-finish-load) false false"},{"timestamp":1700464560.366,"category":"console","level":"log","message":"splashScreen.pageReady"},{"timestamp":1700464560.366,"category":"electron","message":"window.show","type":"ui","data":{"id":2,"url":"https://discordapp.com/app?_=1700464558756","title":""}},{"timestamp":1700464560.366,"category":"console","level":"log","message":"blackbox: 2023-11-20T07:16:00.366Z 7 ✅ webContents.did-finish-load web2"},{"timestamp":1700464560.37,"category":"electron","message":"window.blur","type":"ui","data":{"id":1,"url":"app:///app_bootstrap/splash/index.html"}},{"timestamp":1700464560.37,"category":"electron","message":"app.browser-window-blur","type":"ui"},{"timestamp":1700464560.37,"category":"electron","message":"window.focus","type":"ui","data":{"id":2,"url":"https://discordapp.com/app?_=1700464558756","title":""}},{"timestamp":1700464560.37,"category":"electron","message":"app.browser-window-focus","type":"ui"},{"timestamp":1700464560.413,"category":"console","level":"log","message":"mainScreen.UpdaterEvents: UPDATER_HISTORY_QUERY_AND_TRUNCATE"},{"timestamp":1700464560.467,"category":"electron","message":"window.hide","type":"ui","data":{"id":1,"url":"app:///app_bootstrap/splash/index.html"}},{"timestamp":1700464560.467,"category":"electron","message":"window.close","type":"ui","data":{"id":1,"url":"app:///app_bootstrap/splash/index.html"}},{"timestamp":1700464560.467,"category":"console","level":"log","message":"blackbox: 2023-11-20T07:16:00.467Z 8 window.close win1"},{"timestamp":1700464560.467,"category":"electron","message":"renderer.destroyed","type":"ui","data":{"id":1,"url":"app:///app_bootstrap/splash/index.html"}},{"timestamp":1700464560.469,"category":"electron","message":"window.closed","type":"ui","data":{"id":1,"url":"app:///app_bootstrap/splash/index.html"}},{"timestamp":1700464560.475,"category":"console","level":"log","message":"blackbox: 2023-11-20T07:16:00.475Z 9 webContents.destroyed web1"},{"timestamp":1700464560.484,"category":"console","level":"log","message":"blackbox: 2023-11-20T07:16:00.484Z 10 window.closed win1"},{"timestamp":1700464560.504,"type":"http","category":"electron.net","data":{"url":"https://discord.com/api/updates/stable?platform=linux&version=0.0.35","method":"GET","status_code":204}},{"timestamp":1700464560.505,"category":"console","level":"log","message":"2023-11-20T07:16:00.505Z [Modules] Host is up to date."},{"timestamp":1700464560.505,"category":"console","level":"log","message":"2023-11-20T07:16:00.505Z [Modules] Checking for module updates at https://discord.com/api/modules/stable/versions.json"},{"timestamp":1700464560.506,"type":"http","category":"electron.net","data":{"url":"https://discord.com/api/modules/stable/versions.json?host_version=0.0.35&platform=linux&_=5668215","method":"GET","status_code":200}},{"timestamp":1700464560.507,"category":"console","level":"log","message":"2023-11-20T07:16:00.507Z [Modules] No module updates available."},{"timestamp":1700464560.507,"category":"console","level":"log","message":"legacyModuleUpdater: update-check-finished"},{"timestamp":1700464560.617,"category":"console","level":"error","message":"Error occurred in handler for 'bd-get-accent-color': TypeError: electron__WEBPACK_IMPORTED_MODULE_0__.systemPreferences.getAccentColor is not a function\n    at getAccentColor (webpack-internal:///./src/modules/ipc.js:96:68)\n    at node:electron/js2c/browser_init:2:97909\n    at EventEmitter.<anonymous> (node:electron/js2c/browser_init:2:81422)\n    at EventEmitter.emit (node:events:513:28)\n    at EventEmitter.emit (node:domain:489:12)\n    at emitter.emit (/opt/discord/resources/app.asar/node_modules/@sentry/electron/main/integrations/electron-breadcrumbs.js:116:20)"},{"timestamp":1700464562.092,"category":"sentry.event","event_id":"9efc222ede0a42748dc0420a257245a5","level":"error","message":"Error: Unexpected token '<', \"<!DOCTYPE \"... is not valid JSON"}],"sdkProcessingMetadata":{"propagationContext":{"traceId":"3d2b97cdc14f4bf396e72d569f58d2d1","spanId":"8049c8c95754c688"}},"modules":{"mkdirp":"0.5.5","rimraf":"2.7.1","glob":"7.1.7","fs.realpath":"1.0.0","minimatch":"3.1.2","brace-expansion":"1.1.11","concat-map":"0.0.1","balanced-match":"1.0.2","inherits":"2.0.4","path-is-absolute":"1.0.1","inflight":"1.0.6","wrappy":"1.0.2","once":"1.4.0","yauzl":"2.10.0","fd-slicer":"1.1.0","pend":"1.2.0","buffer-crc32":"0.2.13","request":"2.88.0","extend":"3.0.2","tough-cookie":"2.4.3","psl":"1.8.0","json-stringify-safe":"5.0.1","safe-buffer":"5.2.1","aws-sign2":"0.7.0","aws4":"1.11.0","http-signature":"1.2.0","assert-plus":"1.0.0","sshpk":"1.16.1","safer-buffer":"2.1.2","asn1":"0.2.4","ecc-jsbn":"0.1.2","jsbn":"0.1.1","tweetnacl":"0.14.5","jsprim":"1.4.1","extsprintf":"1.3.0","verror":"1.10.0","core-util-is":"1.0.2","json-schema":"0.2.3","mime-types":"2.1.32","mime-db":"1.49.0","caseless":"0.12.0","forever-agent":"0.6.1","form-data":"2.3.3","combined-stream":"1.0.8","delayed-stream":"1.0.0","asynckit":"0.4.0","isstream":"0.1.2","is-typedarray":"1.0.0","qs":"6.5.3","har-validator":"5.1.5","ajv":"6.12.6","uri-js":"4.4.1","fast-deep-equal":"3.1.3","json-schema-traverse":"0.4.1","fast-json-stable-stringify":"2.1.0","har-schema":"2.0.0","uuid":"3.4.0","oauth-sign":"0.9.0","tunnel-agent":"0.6.0","performance-now":"2.1.0","https-proxy-agent":"5.0.1","ms":"2.1.2","agent-base":"6.0.2","lru_map":"0.3.3","cookie":"0.5.0","deepmerge":"4.3.0"}}
2023-11-20T20:30:41.093Z 12: before-quit
2023-11-20T20:30:41.107Z 13: window.close win2
2023-11-20T20:30:41.139Z 14: webContents.destroyed web2
2023-11-20T20:37:00.165Z 0: 

----------------------------------------------
2023-11-20T20:37:00.181Z 1: Discord starting: {"releaseChannel":"stable","version":"0.0.35"}, modulepath: /home/tiroir/.config/discord/0.0.35/modules
2023-11-20T20:37:00.189Z 2: ✅ webContents.created web1 ""
2023-11-20T20:37:00.195Z 3: ✅ window.created win1 "discord"
2023-11-20T20:37:00.580Z 4: ✅ webContents.did-finish-load web1
2023-11-20T20:37:00.818Z 5: ✅ webContents.created web2 ""
2023-11-20T20:37:00.831Z 6: ✅ window.created win2 "Discord"
2023-11-20T20:37:02.475Z 7: ✅ webContents.did-finish-load web2
2023-11-20T20:37:02.575Z 8: window.close win1
2023-11-20T20:37:02.584Z 9: webContents.destroyed web1
2023-11-20T20:37:02.591Z 10: window.closed win1
2023-11-20T20:37:04.080Z 11: Sentry report: {"sdk":{"name":"sentry.javascript.electron","packages":[{"name":"npm:@sentry/electron","version":"4.13.0"}],"version":"4.13.0","integrations":["InboundFilters","FunctionToString","TryCatch","Breadcrumbs","GlobalHandlers","LinkedErrors","Dedupe","HttpContext","ScopeToMain","SentryMinidump","ElectronBreadcrumbs","Net","MainContext","ChildProcess","OnUncaughtException","PreloadInjection","AdditionalContext","Screenshots","InboundFilters","FunctionToString","Console","Http","Undici","OnUnhandledRejection","ContextLines","LocalVariables","Modules","RequestData","LinkedErrors"]},"contexts":{"app":{"app_name":"discord","app_version":"0.0.35","app_start_time":"2023-11-20T20:36:59.773Z"},"os":{"kernel_version":"6.6.1-arch1-1","name":"Arch Linux","version":"\"rolling\""},"browser":{"name":"Chrome"},"chrome":{"name":"Chrome","type":"runtime","version":"108.0.5359.215"},"device":{"arch":"x64","family":"Desktop","language":"en-US","screen_density":1,"screen_resolution":"2560x1600","memory_size":33368678400,"free_memory":31255146496,"processor_count":20,"cpu_description":"12th Gen Intel(R) Core(TM) i7-12700H","processor_frequency":2392},"node":{"name":"Node","type":"runtime","version":"16.17.1"},"runtime":{"name":"Electron","version":"22.3.26"},"trace":{"trace_id":"5705ee63beab46a49fd50471892f45ba","span_id":"a77a61f84cf4dabd"}},"environment":"stable","release":"0.0.35","user":{"ip_address":"{{auto}}","id":"508674913540898826","username":"adprx","email":"socialnetworksaprx@protonmail.com"},"tags":{"event.origin":"electron","event.environment":"javascript","event.process":"renderer","event_type":"javascript","nativeBuildNumber":"null"},"exception":{"values":[{"type":"Error","value":"Unexpected token '<', \"<!DOCTYPE \"... is not valid JSON","stacktrace":{"frames":[{"filename":"node:internal/process/task_queues","function":"process.processTicksAndRejections","lineno":83,"colno":21,"in_app":false},{"filename":"node:internal/streams/readable","function":"endReadableNT","lineno":1358,"colno":12,"in_app":false},{"filename":"node:events","function":"IncomingMessage.emit","lineno":525,"colno":35,"in_app":false},{"filename":"webpack-internal:///./src/api/https.js","function":"IncomingMessage.eval","in_app":true,"lineno":39,"colno":13}]},"mechanism":{"type":"onerror","handled":false}}]},"level":"error","platform":"javascript","request":{"url":"https://discordapp.com/channels/@me","headers":{}},"event_id":"28f36dd9888f49ce863a1883e8bf418a","timestamp":1700512624.073,"extra":{"release_channel":"stable","sentry":{"environment":"stable","release":"0.0.35","user":{"id":"508674913540898826","username":"adprx","email":"socialnetworksaprx@protonmail.com"}},"wm":"unknown,bspwm","distro":"\"Arch Linux\"","nativeBuildNumber":"null","user_id":"508674913540898826","username":"adprx","email":"socialnetworksaprx@protonmail.com"},"breadcrumbs":[{"timestamp":1700512619.963,"category":"console","level":"log","message":"Discord 0.0.35"},{"timestamp":1700512620.13,"category":"electron","message":"app.will-finish-launching","type":"ui"},{"timestamp":1700512620.135,"category":"electron","message":"app.ready","type":"ui"},{"timestamp":1700512620.146,"category":"electron","message":"app.session-created","type":"ui"},{"timestamp":1700512620.146,"category":"console","level":"log","message":"Starting app."},{"timestamp":1700512620.148,"category":"console","level":"log","message":"Starting updater."},{"timestamp":1700512620.148,"category":"console","level":"log","message":"2023-11-20T20:37:00.148Z [Modules] Modules initializing"},{"timestamp":1700512620.148,"category":"console","level":"log","message":"2023-11-20T20:37:00.148Z [Modules] Distribution: remote"},{"timestamp":1700512620.148,"category":"console","level":"log","message":"2023-11-20T20:37:00.148Z [Modules] Host updates: enabled"},{"timestamp":1700512620.148,"category":"console","level":"log","message":"2023-11-20T20:37:00.148Z [Modules] Module updates: enabled"},{"timestamp":1700512620.148,"category":"console","level":"log","message":"2023-11-20T20:37:00.148Z [Modules] Module install path: /home/tiroir/.config/discord/0.0.35/modules"},{"timestamp":1700512620.148,"category":"console","level":"log","message":"2023-11-20T20:37:00.148Z [Modules] Module installed file path: /home/tiroir/.config/discord/0.0.35/modules/installed.json"},{"timestamp":1700512620.149,"category":"console","level":"log","message":"2023-11-20T20:37:00.149Z [Modules] Module download path: /home/tiroir/.config/discord/0.0.35/modules/pending"},{"timestamp":1700512620.15,"category":"console","level":"log","message":"splashScreen.initSplash(false)"},{"timestamp":1700512620.158,"category":"electron","message":"app.web-contents-created","type":"ui"},{"timestamp":1700512620.159,"category":"electron","message":"app.browser-window-created","type":"ui"},{"timestamp":1700512620.164,"category":"electron","message":"renderer.load-url","type":"ui","data":{}},{"timestamp":1700512620.165,"category":"console","level":"log","message":"blackbox: 2023-11-20T20:37:00.165Z 0 \n\n----------------------------------------------"},{"timestamp":1700512620.181,"category":"console","level":"log","message":"blackbox: 2023-11-20T20:37:00.181Z 1 Discord starting: {\"releaseChannel\":\"stable\",\"version\":\"0.0.35\"}, modulepath: /home/tiroir/.config/discord/0.0.35/modules"},{"timestamp":1700512620.189,"category":"console","level":"log","message":"blackbox: 2023-11-20T20:37:00.189Z 2 ✅ webContents.created web1 \"\""},{"timestamp":1700512620.195,"category":"console","level":"log","message":"blackbox: 2023-11-20T20:37:00.195Z 3 ✅ window.created win1 \"discord\""},{"timestamp":1700512620.478,"category":"electron","message":"app.gpu-info-update","type":"ui"},{"timestamp":1700512620.505,"category":"console","level":"log","message":"splashScreen: SPLASH_SCREEN_READY"},{"timestamp":1700512620.507,"category":"console","level":"log","message":"splashScreen.webContentsSend: SPLASH_SCREEN_QUOTE SPLASH_SCREEN_QUOTE [ 'Hold Tight — Loading Discord' ]"},{"timestamp":1700512620.507,"category":"electron","message":"window.show","type":"ui","data":{"id":1,"url":"app:///app_bootstrap/splash/index.html"}},{"timestamp":1700512620.508,"category":"console","level":"log","message":"2023-11-20T20:37:00.507Z [Modules] No updates to install"},{"timestamp":1700512620.508,"category":"console","level":"log","message":"splashScreen: no-pending-updates"},{"timestamp":1700512620.508,"category":"console","level":"log","message":"2023-11-20T20:37:00.508Z [Modules] Checking for host updates."},{"timestamp":1700512620.508,"category":"console","level":"log","message":"splashScreen: checking-for-updates"},{"timestamp":1700512620.508,"category":"console","level":"log","message":"splashScreen.updateSplashState checking-for-updates checking-for-updates {}"},{"timestamp":1700512620.508,"category":"console","level":"log","message":"splashScreen.webContentsSend: SPLASH_UPDATE_STATE SPLASH_UPDATE_STATE [ { status: 'checking-for-updates' } ]"},{"timestamp":1700512620.51,"category":"electron","message":"window.focus","type":"ui","data":{"id":1,"url":"app:///app_bootstrap/splash/index.html"}},{"timestamp":1700512620.51,"category":"electron","message":"app.browser-window-focus","type":"ui"},{"timestamp":1700512620.528,"category":"electron","message":"renderer.dom-ready","type":"ui","data":{"id":1,"url":"app:///app_bootstrap/splash/index.html"}},{"timestamp":1700512620.58,"category":"console","level":"log","message":"blackbox: 2023-11-20T20:37:00.580Z 4 ✅ webContents.did-finish-load web1"},{"timestamp":1700512620.717,"type":"http","category":"electron.net","data":{"url":"https://discord.com/api/updates/stable?platform=linux&version=0.0.35","method":"GET","status_code":204}},{"timestamp":1700512620.719,"category":"console","level":"log","message":"2023-11-20T20:37:00.719Z [Modules] Host is up to date."},{"timestamp":1700512620.719,"category":"console","level":"log","message":"2023-11-20T20:37:00.719Z [Modules] Checking for module updates at https://discord.com/api/modules/stable/versions.json"},{"timestamp":1700512620.764,"type":"http","category":"electron.net","data":{"url":"https://discord.com/api/modules/stable/versions.json?host_version=0.0.35&platform=linux&_=5668375","method":"GET","status_code":200}},{"timestamp":1700512620.765,"category":"console","level":"log","message":"2023-11-20T20:37:00.765Z [Modules] No module updates available."},{"timestamp":1700512620.766,"category":"console","level":"log","message":"splashScreen: update-check-finished true 0 false"},{"timestamp":1700512620.766,"category":"console","level":"log","message":"splashScreen.launchMainWindow: false"},{"timestamp":1700512620.806,"category":"electron","message":"powerMonitor.newListener","type":"ui"},{"timestamp":1700512620.812,"category":"electron","message":"app.web-contents-created","type":"ui"},{"timestamp":1700512620.814,"category":"electron","message":"app.browser-window-created","type":"ui"},{"timestamp":1700512620.814,"category":"console","level":"log","message":"Optional module ./ElectronTestRpc was not included."},{"timestamp":1700512620.818,"category":"electron","message":"renderer.load-url","type":"ui","data":{}},{"timestamp":1700512620.818,"category":"console","level":"log","message":"splashScreen.updateSplashState launching launching {}"},{"timestamp":1700512620.818,"category":"console","level":"log","message":"splashScreen.webContentsSend: SPLASH_UPDATE_STATE SPLASH_UPDATE_STATE [ { status: 'launching' } ]"},{"timestamp":1700512620.818,"category":"electron","message":"powerMonitor.newListener","type":"ui"},{"timestamp":1700512620.818,"category":"console","level":"log","message":"blackbox: 2023-11-20T20:37:00.818Z 5 ✅ webContents.created web2 \"\""},{"timestamp":1700512620.831,"category":"console","level":"log","message":"blackbox: 2023-11-20T20:37:00.831Z 6 ✅ window.created win2 \"Discord\""},{"timestamp":1700512621.567,"category":"console","data":{"arguments":["Initializing voice engine with audio subsystem: false"],"logger":"console"},"level":"log","message":"Initializing voice engine with audio subsystem: false"},{"timestamp":1700512621.688,"category":"console","level":"log","message":"legacyModuleUpdater: installed-module discord_game_utils 1 1 true"},{"timestamp":1700512621.689,"category":"console","level":"log","message":"legacyModuleUpdater: installed-module discord_krisp 1 1 true"},{"timestamp":1700512621.757,"category":"console","level":"log","message":"mainScreen.UpdaterEvents: UPDATER_HISTORY_QUERY_AND_TRUNCATE"},{"timestamp":1700512621.759,"category":"electron","message":"renderer.dom-ready","type":"ui","data":{"id":2,"url":"https://discordapp.com/app?_=1700512620804"}},{"timestamp":1700512621.847,"category":"console","data":{"arguments":["Initializing krisp module"],"logger":"console"},"level":"info","message":"Initializing krisp module"},{"timestamp":1700512622.125,"category":"console","level":"log","message":"mainScreen.UpdaterEvents: UPDATER_HISTORY_QUERY_AND_TRUNCATE"},{"timestamp":1700512622.133,"category":"console","level":"log","message":"mainScreen.UpdaterEvents: UPDATER_HISTORY_QUERY_AND_TRUNCATE"},{"timestamp":1700512622.381,"category":"console","level":"log","message":"mainScreen.UpdaterEvents: CHECK_FOR_UPDATES UPDATE_NOT_AVAILABLE"},{"timestamp":1700512622.382,"category":"console","level":"log","message":"2023-11-20T20:37:02.382Z [Modules] Checking for host updates."},{"timestamp":1700512622.417,"category":"console","level":"log","message":"legacyModuleUpdater: installed-module discord_rpc 1 1 true"},{"timestamp":1700512622.458,"category":"console","level":"log","message":"mainScreen.UpdaterEvents: UPDATER_HISTORY_QUERY_AND_TRUNCATE"},{"timestamp":1700512622.474,"category":"console","level":"log","message":"mainScreen.on(did-finish-load) false false"},{"timestamp":1700512622.474,"category":"console","level":"log","message":"splashScreen.pageReady"},{"timestamp":1700512622.475,"category":"electron","message":"window.show","type":"ui","data":{"id":2,"url":"https://discordapp.com/app?_=1700512620804","title":""}},{"timestamp":1700512622.475,"category":"console","level":"log","message":"blackbox: 2023-11-20T20:37:02.475Z 7 ✅ webContents.did-finish-load web2"},{"timestamp":1700512622.479,"category":"electron","message":"window.blur","type":"ui","data":{"id":1,"url":"app:///app_bootstrap/splash/index.html"}},{"timestamp":1700512622.479,"category":"electron","message":"app.browser-window-blur","type":"ui"},{"timestamp":1700512622.479,"category":"electron","message":"window.focus","type":"ui","data":{"id":2,"url":"https://discordapp.com/app?_=1700512620804","title":""}},{"timestamp":1700512622.479,"category":"electron","message":"app.browser-window-focus","type":"ui"},{"timestamp":1700512622.565,"type":"http","category":"electron.net","data":{"url":"https://discord.com/api/updates/stable?platform=linux&version=0.0.35","method":"GET","status_code":204}},{"timestamp":1700512622.565,"category":"console","level":"log","message":"2023-11-20T20:37:02.565Z [Modules] Host is up to date."},{"timestamp":1700512622.565,"category":"console","level":"log","message":"2023-11-20T20:37:02.565Z [Modules] Checking for module updates at https://discord.com/api/modules/stable/versions.json"},{"timestamp":1700512622.567,"type":"http","category":"electron.net","data":{"url":"https://discord.com/api/modules/stable/versions.json?host_version=0.0.35&platform=linux&_=5668375","method":"GET","status_code":200}},{"timestamp":1700512622.567,"category":"console","level":"log","message":"2023-11-20T20:37:02.567Z [Modules] No module updates available."},{"timestamp":1700512622.567,"category":"console","level":"log","message":"legacyModuleUpdater: update-check-finished"},{"timestamp":1700512622.575,"category":"electron","message":"window.hide","type":"ui","data":{"id":1,"url":"app:///app_bootstrap/splash/index.html"}},{"timestamp":1700512622.575,"category":"electron","message":"window.close","type":"ui","data":{"id":1,"url":"app:///app_bootstrap/splash/index.html"}},{"timestamp":1700512622.575,"category":"console","level":"log","message":"blackbox: 2023-11-20T20:37:02.575Z 8 window.close win1"},{"timestamp":1700512622.576,"category":"electron","message":"renderer.destroyed","type":"ui","data":{"id":1,"url":"app:///app_bootstrap/splash/index.html"}},{"timestamp":1700512622.577,"category":"electron","message":"window.closed","type":"ui","data":{"id":1,"url":"app:///app_bootstrap/splash/index.html"}},{"timestamp":1700512622.584,"category":"console","level":"log","message":"blackbox: 2023-11-20T20:37:02.584Z 9 webContents.destroyed web1"},{"timestamp":1700512622.591,"category":"console","level":"log","message":"blackbox: 2023-11-20T20:37:02.591Z 10 window.closed win1"},{"timestamp":1700512622.656,"category":"console","level":"error","message":"Error occurred in handler for 'bd-get-accent-color': TypeError: electron__WEBPACK_IMPORTED_MODULE_0__.systemPreferences.getAccentColor is not a function\n    at getAccentColor (webpack-internal:///./src/modules/ipc.js:96:68)\n    at node:electron/js2c/browser_init:2:97909\n    at EventEmitter.<anonymous> (node:electron/js2c/browser_init:2:81422)\n    at EventEmitter.emit (node:events:513:28)\n    at EventEmitter.emit (node:domain:489:12)\n    at emitter.emit (/opt/discord/resources/app.asar/node_modules/@sentry/electron/main/integrations/electron-breadcrumbs.js:116:20)"},{"timestamp":1700512624.074,"category":"sentry.event","event_id":"28f36dd9888f49ce863a1883e8bf418a","level":"error","message":"Error: Unexpected token '<', \"<!DOCTYPE \"... is not valid JSON"}],"sdkProcessingMetadata":{"propagationContext":{"traceId":"932e9f76462e476cac65f281cc8637f7","spanId":"a374ddc8dddceff2"}},"modules":{"mkdirp":"0.5.5","rimraf":"2.7.1","glob":"7.1.7","fs.realpath":"1.0.0","minimatch":"3.1.2","brace-expansion":"1.1.11","concat-map":"0.0.1","balanced-match":"1.0.2","inherits":"2.0.4","path-is-absolute":"1.0.1","inflight":"1.0.6","wrappy":"1.0.2","once":"1.4.0","yauzl":"2.10.0","fd-slicer":"1.1.0","pend":"1.2.0","buffer-crc32":"0.2.13","request":"2.88.0","extend":"3.0.2","tough-cookie":"2.4.3","psl":"1.8.0","json-stringify-safe":"5.0.1","safe-buffer":"5.2.1","aws-sign2":"0.7.0","aws4":"1.11.0","http-signature":"1.2.0","assert-plus":"1.0.0","sshpk":"1.16.1","safer-buffer":"2.1.2","asn1":"0.2.4","ecc-jsbn":"0.1.2","jsbn":"0.1.1","tweetnacl":"0.14.5","jsprim":"1.4.1","extsprintf":"1.3.0","verror":"1.10.0","core-util-is":"1.0.2","json-schema":"0.2.3","mime-types":"2.1.32","mime-db":"1.49.0","caseless":"0.12.0","forever-agent":"0.6.1","form-data":"2.3.3","combined-stream":"1.0.8","delayed-stream":"1.0.0","asynckit":"0.4.0","isstream":"0.1.2","is-typedarray":"1.0.0","qs":"6.5.3","har-validator":"5.1.5","ajv":"6.12.6","uri-js":"4.4.1","fast-deep-equal":"3.1.3","json-schema-traverse":"0.4.1","fast-json-stable-stringify":"2.1.0","har-schema":"2.0.0","uuid":"3.4.0","oauth-sign":"0.9.0","tunnel-agent":"0.6.0","performance-now":"2.1.0","https-proxy-agent":"5.0.1","ms":"2.1.2","agent-base":"6.0.2","lru_map":"0.3.3","cookie":"0.5.0","deepmerge":"4.3.0"}}
2023-11-20T22:18:32.844Z 12: window.close win2
2023-11-20T22:25:29.007Z 13: before-quit
2023-11-22T19:38:40.926Z 0: 

----------------------------------------------
2023-11-22T19:38:40.939Z 1: Discord starting: {"releaseChannel":"stable","version":"0.0.35"}, modulepath: /home/tiroir/.config/discord/0.0.35/modules
2023-11-22T19:38:40.949Z 2: ✅ webContents.created web1 ""
2023-11-22T19:38:40.956Z 3: ✅ window.created win1 "discord"
2023-11-22T19:38:41.337Z 4: ✅ webContents.did-finish-load web1
2023-11-22T19:38:42.820Z 5: ✅ webContents.created web2 ""
2023-11-22T19:38:42.830Z 6: ✅ window.created win2 "Discord"
2023-11-22T19:39:01.479Z 7: ✅ webContents.did-finish-load web2
2023-11-22T19:39:01.580Z 8: window.close win1
2023-11-22T19:39:01.588Z 9: webContents.destroyed web1
2023-11-22T19:39:01.595Z 10: window.closed win1
2023-11-22T19:43:53.171Z 0: 

----------------------------------------------
2023-11-23T22:28:38.488Z 0: 

----------------------------------------------
2023-11-23T22:28:38.513Z 1: Discord starting: {"releaseChannel":"stable","version":"0.0.35"}, modulepath: /home/tiroir/.config/discord/0.0.35/modules
2023-11-23T22:28:38.528Z 2: ✅ webContents.created web1 ""
2023-11-23T22:28:38.535Z 3: ✅ window.created win1 "discord"
2023-11-23T22:28:38.757Z 4: ✅ webContents.did-finish-load web1
2023-11-23T22:28:39.070Z 5: ✅ webContents.created web2 ""
2023-11-23T22:28:39.079Z 6: ✅ window.created win2 "Discord"
2023-11-23T22:28:41.969Z 7: ✅ webContents.did-finish-load web2
2023-11-23T22:28:42.069Z 8: window.close win1
2023-11-23T22:28:42.078Z 9: webContents.destroyed web1
2023-11-23T22:28:42.085Z 10: window.closed win1
2023-11-23T22:29:09.590Z 11: window.close win2
2023-11-23T22:42:20.335Z 12: before-quit
2023-11-24T18:21:39.071Z 0: 

----------------------------------------------
2023-11-24T18:21:39.083Z 1: Discord starting: {"releaseChannel":"stable","version":"0.0.35"}, modulepath: /home/tiroir/.config/discord/0.0.35/modules
2023-11-24T18:21:39.093Z 2: ✅ webContents.created web1 ""
2023-11-24T18:21:39.100Z 3: ✅ window.created win1 "discord"
2023-11-24T18:21:39.469Z 4: ✅ webContents.did-finish-load web1
2023-11-24T18:21:39.751Z 5: ✅ webContents.created web2 ""
2023-11-24T18:21:39.762Z 6: ✅ window.created win2 "Discord"
2023-11-24T18:21:41.348Z 7: ✅ webContents.did-finish-load web2
2023-11-24T18:21:41.448Z 8: window.close win1
2023-11-24T18:21:41.458Z 9: webContents.destroyed web1
2023-11-24T18:21:41.464Z 10: window.closed win1
2023-11-24T21:07:18.660Z 11: window.close win2
2023-11-24T21:08:18.638Z 12: before-quit
2023-11-24T22:35:14.897Z 0: 

----------------------------------------------
2023-11-24T22:35:14.910Z 1: Discord starting: {"releaseChannel":"stable","version":"0.0.35"}, modulepath: /home/tiroir/.config/discord/0.0.35/modules
2023-11-24T22:35:14.920Z 2: ✅ webContents.created web1 ""
2023-11-24T22:35:14.927Z 3: ✅ window.created win1 "discord"
2023-11-24T22:35:15.312Z 4: ✅ webContents.did-finish-load web1
2023-11-24T22:35:15.568Z 5: ✅ webContents.created web2 ""
2023-11-24T22:35:15.575Z 6: ✅ window.created win2 "Discord"
2023-11-24T22:35:17.149Z 7: ✅ webContents.did-finish-load web2
2023-11-24T22:35:17.249Z 8: window.close win1
2023-11-24T22:35:17.258Z 9: webContents.destroyed web1
2023-11-24T22:35:17.265Z 10: window.closed win1
2023-11-25T10:50:04.906Z 11: webContents.destroyed web2
2023-11-26T12:17:31.834Z 0: 

----------------------------------------------
2023-11-26T12:17:31.850Z 1: Discord starting: {"releaseChannel":"stable","version":"0.0.35"}, modulepath: /home/tiroir/.config/discord/0.0.35/modules
2023-11-26T12:17:31.857Z 2: ✅ webContents.created web1 ""
2023-11-26T12:17:31.864Z 3: ✅ window.created win1 "discord"
2023-11-26T12:17:33.087Z 4: ✅ webContents.did-finish-load web1
2023-11-26T12:17:36.562Z 5: ✅ webContents.created web2 ""
2023-11-26T12:17:36.569Z 6: ✅ window.created win2 "Discord"
2023-11-26T12:17:40.945Z 7: ✅ webContents.did-finish-load web2
2023-11-26T12:17:41.045Z 8: window.close win1
2023-11-26T12:17:41.054Z 9: webContents.destroyed web1
2023-11-26T12:17:41.066Z 10: window.closed win1
2023-11-26T14:00:17.567Z 11: webContents.destroyed web2
2023-11-26T15:47:43.529Z 0: 

----------------------------------------------
2023-11-26T15:47:43.544Z 1: Discord starting: {"releaseChannel":"stable","version":"0.0.35"}, modulepath: /home/tiroir/.config/discord/0.0.35/modules
2023-11-26T15:47:43.551Z 2: ✅ webContents.created web1 ""
2023-11-26T15:47:43.557Z 3: ✅ window.created win1 "discord"
2023-11-26T15:47:44.779Z 4: ✅ webContents.did-finish-load web1
2023-11-26T15:47:45.068Z 5: ✅ webContents.created web2 ""
2023-11-26T15:47:45.080Z 6: ✅ window.created win2 "Discord"
2023-11-26T15:47:46.588Z 7: ✅ webContents.did-finish-load web2
2023-11-26T15:47:46.687Z 8: window.close win1
2023-11-26T15:47:46.696Z 9: webContents.destroyed web1
2023-11-26T15:47:46.703Z 10: window.closed win1
2023-11-26T20:18:12.740Z 11: window.close win2
2023-11-26T20:39:37.375Z 0: 

----------------------------------------------
2023-11-26T20:39:37.398Z 1: Discord starting: {"releaseChannel":"stable","version":"0.0.35"}, modulepath: /home/tiroir/.config/discord/0.0.35/modules
2023-11-26T20:39:37.404Z 2: ✅ webContents.created web1 "index.html"
2023-11-26T20:39:37.411Z 3: ✅ window.created win1 "discord"
2023-11-26T20:39:38.607Z 4: ✅ webContents.did-finish-load web1
2023-11-26T20:39:39.113Z 5: ✅ webContents.created web2 ""
2023-11-26T20:39:39.121Z 6: ✅ window.created win2 "Discord"
2023-11-26T20:39:44.312Z 7: ✅ webContents.did-finish-load web2
2023-11-26T20:39:44.413Z 8: window.close win1
2023-11-26T20:39:44.421Z 9: webContents.destroyed web1
2023-11-26T20:39:44.428Z 10: window.closed win1
2023-11-26T20:39:48.224Z 11: window.close win2
2023-11-26T20:40:02.174Z 12: ❌ render-process-gone { reason: 'killed', exitCode: 9 }
2023-11-26T20:40:09.360Z 12: ❌ render-process-gone { reason: 'killed', exitCode: 15 }
2023-11-26T20:40:19.716Z 0: 

----------------------------------------------
2023-11-26T20:40:19.736Z 1: Discord starting: {"releaseChannel":"stable","version":"0.0.35"}, modulepath: /home/tiroir/.config/discord/0.0.35/modules
2023-11-26T20:40:19.743Z 2: ✅ webContents.created web1 "index.html"
2023-11-26T20:40:19.750Z 3: ✅ window.created win1 "discord"
2023-11-26T20:40:20.959Z 4: ✅ webContents.did-finish-load web1
2023-11-26T20:40:21.508Z 5: ✅ webContents.created web2 ""
2023-11-26T20:40:21.515Z 6: ✅ window.created win2 "Discord"
2023-11-26T20:40:23.153Z 7: ✅ webContents.did-finish-load web2
2023-11-26T20:40:23.253Z 8: window.close win1
2023-11-26T20:40:23.261Z 9: webContents.destroyed web1
2023-11-26T20:40:23.268Z 10: window.closed win1
2023-11-26T20:41:53.433Z 11: webContents.destroyed web2
2023-11-27T10:30:53.592Z 0: 

----------------------------------------------
2023-11-27T10:30:53.606Z 1: Discord starting: {"releaseChannel":"stable","version":"0.0.35"}, modulepath: /home/tiroir/.config/discord/0.0.35/modules
2023-11-27T10:30:53.613Z 2: ✅ webContents.created web1 ""
2023-11-27T10:30:53.624Z 3: ✅ window.created win1 "discord"
2023-11-27T10:30:53.972Z 4: ✅ webContents.did-finish-load web1
2023-11-27T10:30:54.470Z 5: ✅ webContents.created web2 ""
2023-11-27T10:30:54.476Z 6: ✅ window.created win2 "Discord"
2023-11-27T10:30:56.348Z 7: ✅ webContents.did-finish-load web2
2023-11-27T10:30:56.449Z 8: window.close win1
2023-11-27T10:30:56.457Z 9: webContents.destroyed web1
2023-11-27T10:30:56.465Z 10: window.closed win1
2023-11-27T12:09:40.627Z 11: webContents.destroyed web2
2023-11-27T12:10:57.243Z 0: 

----------------------------------------------
2023-11-27T12:10:57.256Z 1: Discord starting: {"releaseChannel":"stable","version":"0.0.35"}, modulepath: /home/tiroir/.config/discord/0.0.35/modules
2023-11-27T12:10:57.263Z 2: ✅ webContents.created web1 ""
2023-11-27T12:10:57.269Z 3: ✅ window.created win1 "discord"
2023-11-27T12:10:57.426Z 4: ✅ webContents.did-finish-load web1
2023-11-27T12:10:57.676Z 5: ✅ webContents.created web2 ""
2023-11-27T12:10:57.683Z 6: ✅ window.created win2 "Discord"
2023-11-27T12:10:59.550Z 7: ✅ webContents.did-finish-load web2
2023-11-27T12:10:59.650Z 8: window.close win1
2023-11-27T12:10:59.660Z 9: webContents.destroyed web1
2023-11-27T12:10:59.666Z 10: window.closed win1
2023-11-27T12:17:17.957Z 11: before-quit
2023-11-27T12:18:09.450Z 0: 

----------------------------------------------
2023-11-27T12:18:09.462Z 1: Discord starting: {"releaseChannel":"stable","version":"0.0.35"}, modulepath: /home/tiroir/.config/discord/0.0.35/modules
2023-11-27T12:18:09.469Z 2: ✅ webContents.created web1 ""
2023-11-27T12:18:09.476Z 3: ✅ window.created win1 "discord"
2023-11-27T12:18:09.869Z 4: ✅ webContents.did-finish-load web1
2023-11-27T12:18:10.118Z 5: ✅ webContents.created web2 ""
2023-11-27T12:18:10.128Z 6: ✅ window.created win2 "Discord"
2023-11-27T12:18:11.721Z 7: ✅ webContents.did-finish-load web2
2023-11-27T12:18:11.821Z 8: window.close win1
2023-11-27T12:18:11.830Z 9: webContents.destroyed web1
2023-11-27T12:18:11.837Z 10: window.closed win1
2023-11-27T12:19:01.592Z 11: before-quit
2023-11-27T17:32:31.981Z 0: 

----------------------------------------------
2023-11-27T17:32:31.993Z 1: Discord starting: {"releaseChannel":"stable","version":"0.0.35"}, modulepath: /home/tiroir/.config/discord/0.0.35/modules
2023-11-27T17:32:32.000Z 2: ✅ webContents.created web1 ""
2023-11-27T17:32:32.007Z 3: ✅ window.created win1 "discord"
2023-11-27T17:32:32.418Z 4: ✅ webContents.did-finish-load web1
2023-11-27T17:32:32.692Z 5: ✅ webContents.created web2 ""
2023-11-27T17:32:32.699Z 6: ✅ window.created win2 "Discord"
2023-11-27T17:32:34.326Z 7: ✅ webContents.did-finish-load web2
2023-11-27T17:32:34.426Z 8: window.close win1
2023-11-27T17:32:34.434Z 9: webContents.destroyed web1
2023-11-27T17:32:34.441Z 10: window.closed win1
2023-11-28T14:02:48.753Z 11: window.close win2
2023-11-28T14:05:09.309Z 0: 

----------------------------------------------
