2023-11-12T21:49:39.352Z [Modules] Modules initializing
2023-11-12T21:49:39.352Z [Modules] Distribution: remote
2023-11-12T21:49:39.352Z [Modules] Host updates: enabled
2023-11-12T21:49:39.352Z [Modules] Module updates: enabled
2023-11-12T21:49:39.352Z [Modules] Module install path: /home/tiroir/.config/discord/0.0.34/modules
2023-11-12T21:49:39.352Z [Modules] Module installed file path: /home/tiroir/.config/discord/0.0.34/modules/installed.json
2023-11-12T21:49:39.352Z [Modules] Module download path: /home/tiroir/.config/discord/0.0.34/modules/pending
2023-11-12T21:49:39.724Z [Modules] Bootstrapping...
2023-11-12T21:49:39.725Z [Modules] Installing discord_desktop_core@0 from /opt/discord/resources/bootstrap/discord_desktop_core.zip
2023-11-12T21:49:39.726Z [Modules] Failed installing discord_desktop_core@0: Error: ENOENT: no such file or directory, open '/opt/discord/resources/bootstrap/discord_desktop_core.zip'
2023-11-12T21:49:39.727Z [Modules] Installing discord_erlpack@0 from /opt/discord/resources/bootstrap/discord_erlpack.zip
2023-11-12T21:49:39.727Z [Modules] Failed installing discord_erlpack@0: Error: ENOENT: no such file or directory, open '/opt/discord/resources/bootstrap/discord_erlpack.zip'
2023-11-12T21:49:39.727Z [Modules] Installing discord_spellcheck@0 from /opt/discord/resources/bootstrap/discord_spellcheck.zip
2023-11-12T21:49:39.728Z [Modules] Failed installing discord_spellcheck@0: Error: ENOENT: no such file or directory, open '/opt/discord/resources/bootstrap/discord_spellcheck.zip'
2023-11-12T21:49:39.728Z [Modules] Installing discord_utils@0 from /opt/discord/resources/bootstrap/discord_utils.zip
2023-11-12T21:49:39.729Z [Modules] Failed installing discord_utils@0: Error: ENOENT: no such file or directory, open '/opt/discord/resources/bootstrap/discord_utils.zip'
2023-11-12T21:49:39.729Z [Modules] Installing discord_voice@0 from /opt/discord/resources/bootstrap/discord_voice.zip
2023-11-12T21:49:39.729Z [Modules] Failed installing discord_voice@0: Error: ENOENT: no such file or directory, open '/opt/discord/resources/bootstrap/discord_voice.zip'
2023-11-12T21:49:39.729Z [Modules] Finished module installations. [success: 0] [failure: 5]
2023-11-12T21:49:39.729Z [Modules] Checking for host updates.
2023-11-12T21:49:39.813Z [Modules] Host update failed: Error: getaddrinfo EAI_AGAIN discord.com
2023-11-12T21:49:49.821Z [Modules] Checking for host updates.
2023-11-12T21:49:49.830Z [Modules] Host update failed: Error: getaddrinfo EAI_AGAIN discord.com
2023-11-12T21:50:09.851Z [Modules] Checking for host updates.
2023-11-12T21:50:09.860Z [Modules] Host update failed: Error: getaddrinfo EAI_AGAIN discord.com
2023-11-12T22:15:32.297Z [Modules] Modules initializing
2023-11-12T22:15:32.297Z [Modules] Distribution: remote
2023-11-12T22:15:32.297Z [Modules] Host updates: enabled
2023-11-12T22:15:32.297Z [Modules] Module updates: enabled
2023-11-12T22:15:32.298Z [Modules] Module install path: /home/tiroir/.config/discord/0.0.34/modules
2023-11-12T22:15:32.298Z [Modules] Module installed file path: /home/tiroir/.config/discord/0.0.34/modules/installed.json
2023-11-12T22:15:32.298Z [Modules] Module download path: /home/tiroir/.config/discord/0.0.34/modules/pending
2023-11-12T22:15:32.623Z [Modules] No updates to install
2023-11-12T22:15:32.623Z [Modules] Checking for host updates.
2023-11-12T22:15:32.898Z [Modules] Host is up to date.
2023-11-12T22:15:32.899Z [Modules] Checking for module updates at https://discord.com/api/modules/stable/versions.json
2023-11-12T22:15:32.997Z [Modules] Module update available: discord_desktop_core@1 [installed: 0]
2023-11-12T22:15:32.997Z [Modules] Module update available: discord_erlpack@1 [installed: 0]
2023-11-12T22:15:32.997Z [Modules] Module update available: discord_spellcheck@1 [installed: 0]
2023-11-12T22:15:32.997Z [Modules] Module update available: discord_utils@1 [installed: 0]
2023-11-12T22:15:32.997Z [Modules] Module update available: discord_voice@1 [installed: 0]
2023-11-12T22:15:32.998Z [Modules] Fetching discord_desktop_core@1 from https://discord.com/api/modules/stable/discord_desktop_core/1
2023-11-12T22:15:32.998Z [Modules] Streaming discord_desktop_core@1 to /home/tiroir/.config/discord/0.0.34/modules/pending/discord_desktop_core-1.zip
2023-11-12T22:15:33.377Z [Modules] Streaming discord_desktop_core@1 to /home/tiroir/.config/discord/0.0.34/modules/pending/discord_desktop_core-1.zip: 1%
2023-11-12T22:15:33.398Z [Modules] Streaming discord_desktop_core@1 to /home/tiroir/.config/discord/0.0.34/modules/pending/discord_desktop_core-1.zip: 2%
2023-11-12T22:15:33.426Z [Modules] Streaming discord_desktop_core@1 to /home/tiroir/.config/discord/0.0.34/modules/pending/discord_desktop_core-1.zip: 3%
2023-11-12T22:15:33.430Z [Modules] Streaming discord_desktop_core@1 to /home/tiroir/.config/discord/0.0.34/modules/pending/discord_desktop_core-1.zip: 4%
2023-11-12T22:15:33.448Z [Modules] Streaming discord_desktop_core@1 to /home/tiroir/.config/discord/0.0.34/modules/pending/discord_desktop_core-1.zip: 6%
2023-11-12T22:15:33.456Z [Modules] Streaming discord_desktop_core@1 to /home/tiroir/.config/discord/0.0.34/modules/pending/discord_desktop_core-1.zip: 7%
2023-11-12T22:15:33.461Z [Modules] Streaming discord_desktop_core@1 to /home/tiroir/.config/discord/0.0.34/modules/pending/discord_desktop_core-1.zip: 8%
2023-11-12T22:15:33.464Z [Modules] Streaming discord_desktop_core@1 to /home/tiroir/.config/discord/0.0.34/modules/pending/discord_desktop_core-1.zip: 9%
2023-11-12T22:15:33.478Z [Modules] Streaming discord_desktop_core@1 to /home/tiroir/.config/discord/0.0.34/modules/pending/discord_desktop_core-1.zip: 10%
2023-11-12T22:15:33.486Z [Modules] Streaming discord_desktop_core@1 to /home/tiroir/.config/discord/0.0.34/modules/pending/discord_desktop_core-1.zip: 12%
2023-11-12T22:15:33.488Z [Modules] Streaming discord_desktop_core@1 to /home/tiroir/.config/discord/0.0.34/modules/pending/discord_desktop_core-1.zip: 13%
2023-11-12T22:15:33.494Z [Modules] Streaming discord_desktop_core@1 to /home/tiroir/.config/discord/0.0.34/modules/pending/discord_desktop_core-1.zip: 14%
2023-11-12T22:15:33.498Z [Modules] Streaming discord_desktop_core@1 to /home/tiroir/.config/discord/0.0.34/modules/pending/discord_desktop_core-1.zip: 15%
2023-11-12T22:15:33.502Z [Modules] Streaming discord_desktop_core@1 to /home/tiroir/.config/discord/0.0.34/modules/pending/discord_desktop_core-1.zip: 17%
2023-11-12T22:15:33.512Z [Modules] Streaming discord_desktop_core@1 to /home/tiroir/.config/discord/0.0.34/modules/pending/discord_desktop_core-1.zip: 19%
2023-11-12T22:15:33.515Z [Modules] Streaming discord_desktop_core@1 to /home/tiroir/.config/discord/0.0.34/modules/pending/discord_desktop_core-1.zip: 20%
2023-11-12T22:15:33.520Z [Modules] Streaming discord_desktop_core@1 to /home/tiroir/.config/discord/0.0.34/modules/pending/discord_desktop_core-1.zip: 22%
2023-11-12T22:15:33.529Z [Modules] Streaming discord_desktop_core@1 to /home/tiroir/.config/discord/0.0.34/modules/pending/discord_desktop_core-1.zip: 24%
2023-11-12T22:15:33.533Z [Modules] Streaming discord_desktop_core@1 to /home/tiroir/.config/discord/0.0.34/modules/pending/discord_desktop_core-1.zip: 25%
2023-11-12T22:15:33.546Z [Modules] Streaming discord_desktop_core@1 to /home/tiroir/.config/discord/0.0.34/modules/pending/discord_desktop_core-1.zip: 28%
2023-11-12T22:15:33.552Z [Modules] Streaming discord_desktop_core@1 to /home/tiroir/.config/discord/0.0.34/modules/pending/discord_desktop_core-1.zip: 30%
2023-11-12T22:15:33.556Z [Modules] Streaming discord_desktop_core@1 to /home/tiroir/.config/discord/0.0.34/modules/pending/discord_desktop_core-1.zip: 31%
2023-11-12T22:15:33.567Z [Modules] Streaming discord_desktop_core@1 to /home/tiroir/.config/discord/0.0.34/modules/pending/discord_desktop_core-1.zip: 32%
2023-11-12T22:15:33.573Z [Modules] Streaming discord_desktop_core@1 to /home/tiroir/.config/discord/0.0.34/modules/pending/discord_desktop_core-1.zip: 34%
2023-11-12T22:15:33.576Z [Modules] Streaming discord_desktop_core@1 to /home/tiroir/.config/discord/0.0.34/modules/pending/discord_desktop_core-1.zip: 35%
2023-11-12T22:15:33.580Z [Modules] Streaming discord_desktop_core@1 to /home/tiroir/.config/discord/0.0.34/modules/pending/discord_desktop_core-1.zip: 37%
2023-11-12T22:15:33.589Z [Modules] Streaming discord_desktop_core@1 to /home/tiroir/.config/discord/0.0.34/modules/pending/discord_desktop_core-1.zip: 39%
2023-11-12T22:15:33.595Z [Modules] Streaming discord_desktop_core@1 to /home/tiroir/.config/discord/0.0.34/modules/pending/discord_desktop_core-1.zip: 41%
2023-11-12T22:15:33.598Z [Modules] Streaming discord_desktop_core@1 to /home/tiroir/.config/discord/0.0.34/modules/pending/discord_desktop_core-1.zip: 42%
2023-11-12T22:15:33.601Z [Modules] Streaming discord_desktop_core@1 to /home/tiroir/.config/discord/0.0.34/modules/pending/discord_desktop_core-1.zip: 43%
2023-11-12T22:15:33.604Z [Modules] Streaming discord_desktop_core@1 to /home/tiroir/.config/discord/0.0.34/modules/pending/discord_desktop_core-1.zip: 45%
2023-11-12T22:15:33.609Z [Modules] Streaming discord_desktop_core@1 to /home/tiroir/.config/discord/0.0.34/modules/pending/discord_desktop_core-1.zip: 46%
2023-11-12T22:15:33.620Z [Modules] Streaming discord_desktop_core@1 to /home/tiroir/.config/discord/0.0.34/modules/pending/discord_desktop_core-1.zip: 48%
2023-11-12T22:15:33.627Z [Modules] Streaming discord_desktop_core@1 to /home/tiroir/.config/discord/0.0.34/modules/pending/discord_desktop_core-1.zip: 51%
2023-11-12T22:15:33.635Z [Modules] Streaming discord_desktop_core@1 to /home/tiroir/.config/discord/0.0.34/modules/pending/discord_desktop_core-1.zip: 54%
2023-11-12T22:15:33.641Z [Modules] Streaming discord_desktop_core@1 to /home/tiroir/.config/discord/0.0.34/modules/pending/discord_desktop_core-1.zip: 55%
2023-11-12T22:15:33.650Z [Modules] Streaming discord_desktop_core@1 to /home/tiroir/.config/discord/0.0.34/modules/pending/discord_desktop_core-1.zip: 57%
2023-11-12T22:15:33.656Z [Modules] Streaming discord_desktop_core@1 to /home/tiroir/.config/discord/0.0.34/modules/pending/discord_desktop_core-1.zip: 60%
2023-11-12T22:15:33.665Z [Modules] Streaming discord_desktop_core@1 to /home/tiroir/.config/discord/0.0.34/modules/pending/discord_desktop_core-1.zip: 62%
2023-11-12T22:15:33.705Z [Modules] Streaming discord_desktop_core@1 to /home/tiroir/.config/discord/0.0.34/modules/pending/discord_desktop_core-1.zip: 63%
2023-11-12T22:15:33.710Z [Modules] Streaming discord_desktop_core@1 to /home/tiroir/.config/discord/0.0.34/modules/pending/discord_desktop_core-1.zip: 65%
2023-11-12T22:15:33.716Z [Modules] Streaming discord_desktop_core@1 to /home/tiroir/.config/discord/0.0.34/modules/pending/discord_desktop_core-1.zip: 67%
2023-11-12T22:15:33.728Z [Modules] Streaming discord_desktop_core@1 to /home/tiroir/.config/discord/0.0.34/modules/pending/discord_desktop_core-1.zip: 69%
2023-11-12T22:15:33.733Z [Modules] Streaming discord_desktop_core@1 to /home/tiroir/.config/discord/0.0.34/modules/pending/discord_desktop_core-1.zip: 72%
2023-11-12T22:15:33.740Z [Modules] Streaming discord_desktop_core@1 to /home/tiroir/.config/discord/0.0.34/modules/pending/discord_desktop_core-1.zip: 74%
2023-11-12T22:15:33.752Z [Modules] Streaming discord_desktop_core@1 to /home/tiroir/.config/discord/0.0.34/modules/pending/discord_desktop_core-1.zip: 77%
2023-11-12T22:15:33.757Z [Modules] Streaming discord_desktop_core@1 to /home/tiroir/.config/discord/0.0.34/modules/pending/discord_desktop_core-1.zip: 79%
2023-11-12T22:15:33.760Z [Modules] Streaming discord_desktop_core@1 to /home/tiroir/.config/discord/0.0.34/modules/pending/discord_desktop_core-1.zip: 80%
2023-11-12T22:15:33.764Z [Modules] Streaming discord_desktop_core@1 to /home/tiroir/.config/discord/0.0.34/modules/pending/discord_desktop_core-1.zip: 81%
2023-11-12T22:15:33.766Z [Modules] Streaming discord_desktop_core@1 to /home/tiroir/.config/discord/0.0.34/modules/pending/discord_desktop_core-1.zip: 82%
2023-11-12T22:15:33.772Z [Modules] Streaming discord_desktop_core@1 to /home/tiroir/.config/discord/0.0.34/modules/pending/discord_desktop_core-1.zip: 85%
2023-11-12T22:15:33.778Z [Modules] Streaming discord_desktop_core@1 to /home/tiroir/.config/discord/0.0.34/modules/pending/discord_desktop_core-1.zip: 86%
2023-11-12T22:15:33.781Z [Modules] Streaming discord_desktop_core@1 to /home/tiroir/.config/discord/0.0.34/modules/pending/discord_desktop_core-1.zip: 88%
2023-11-12T22:15:33.791Z [Modules] Streaming discord_desktop_core@1 to /home/tiroir/.config/discord/0.0.34/modules/pending/discord_desktop_core-1.zip: 90%
2023-11-12T22:15:33.796Z [Modules] Streaming discord_desktop_core@1 to /home/tiroir/.config/discord/0.0.34/modules/pending/discord_desktop_core-1.zip: 92%
2023-11-12T22:15:33.799Z [Modules] Streaming discord_desktop_core@1 to /home/tiroir/.config/discord/0.0.34/modules/pending/discord_desktop_core-1.zip: 93%
2023-11-12T22:15:33.803Z [Modules] Streaming discord_desktop_core@1 to /home/tiroir/.config/discord/0.0.34/modules/pending/discord_desktop_core-1.zip: 95%
2023-11-12T22:15:33.813Z [Modules] Streaming discord_desktop_core@1 to /home/tiroir/.config/discord/0.0.34/modules/pending/discord_desktop_core-1.zip: 97%
2023-11-12T22:15:33.816Z [Modules] Streaming discord_desktop_core@1 to /home/tiroir/.config/discord/0.0.34/modules/pending/discord_desktop_core-1.zip: 100%
2023-11-12T22:15:33.819Z [Modules] Fetching discord_erlpack@1 from https://discord.com/api/modules/stable/discord_erlpack/1
2023-11-12T22:15:33.819Z [Modules] Streaming discord_erlpack@1 to /home/tiroir/.config/discord/0.0.34/modules/pending/discord_erlpack-1.zip
2023-11-12T22:15:34.173Z [Modules] Streaming discord_erlpack@1 to /home/tiroir/.config/discord/0.0.34/modules/pending/discord_erlpack-1.zip: 2%
2023-11-12T22:15:34.178Z [Modules] Streaming discord_erlpack@1 to /home/tiroir/.config/discord/0.0.34/modules/pending/discord_erlpack-1.zip: 5%
2023-11-12T22:15:34.185Z [Modules] Streaming discord_erlpack@1 to /home/tiroir/.config/discord/0.0.34/modules/pending/discord_erlpack-1.zip: 7%
2023-11-12T22:15:34.187Z [Modules] Streaming discord_erlpack@1 to /home/tiroir/.config/discord/0.0.34/modules/pending/discord_erlpack-1.zip: 8%
2023-11-12T22:15:34.196Z [Modules] Streaming discord_erlpack@1 to /home/tiroir/.config/discord/0.0.34/modules/pending/discord_erlpack-1.zip: 11%
2023-11-12T22:15:34.204Z [Modules] Streaming discord_erlpack@1 to /home/tiroir/.config/discord/0.0.34/modules/pending/discord_erlpack-1.zip: 13%
2023-11-12T22:15:34.210Z [Modules] Streaming discord_erlpack@1 to /home/tiroir/.config/discord/0.0.34/modules/pending/discord_erlpack-1.zip: 16%
2023-11-12T22:15:34.212Z [Modules] Streaming discord_erlpack@1 to /home/tiroir/.config/discord/0.0.34/modules/pending/discord_erlpack-1.zip: 17%
2023-11-12T22:15:34.216Z [Modules] Streaming discord_erlpack@1 to /home/tiroir/.config/discord/0.0.34/modules/pending/discord_erlpack-1.zip: 18%
2023-11-12T22:15:34.219Z [Modules] Streaming discord_erlpack@1 to /home/tiroir/.config/discord/0.0.34/modules/pending/discord_erlpack-1.zip: 19%
2023-11-12T22:15:34.228Z [Modules] Streaming discord_erlpack@1 to /home/tiroir/.config/discord/0.0.34/modules/pending/discord_erlpack-1.zip: 23%
2023-11-12T22:15:34.234Z [Modules] Streaming discord_erlpack@1 to /home/tiroir/.config/discord/0.0.34/modules/pending/discord_erlpack-1.zip: 24%
2023-11-12T22:15:34.237Z [Modules] Streaming discord_erlpack@1 to /home/tiroir/.config/discord/0.0.34/modules/pending/discord_erlpack-1.zip: 26%
2023-11-12T22:15:34.241Z [Modules] Streaming discord_erlpack@1 to /home/tiroir/.config/discord/0.0.34/modules/pending/discord_erlpack-1.zip: 27%
2023-11-12T22:15:34.244Z [Modules] Streaming discord_erlpack@1 to /home/tiroir/.config/discord/0.0.34/modules/pending/discord_erlpack-1.zip: 29%
2023-11-12T22:15:34.250Z [Modules] Streaming discord_erlpack@1 to /home/tiroir/.config/discord/0.0.34/modules/pending/discord_erlpack-1.zip: 31%
2023-11-12T22:15:34.252Z [Modules] Streaming discord_erlpack@1 to /home/tiroir/.config/discord/0.0.34/modules/pending/discord_erlpack-1.zip: 32%
2023-11-12T22:15:34.259Z [Modules] Streaming discord_erlpack@1 to /home/tiroir/.config/discord/0.0.34/modules/pending/discord_erlpack-1.zip: 35%
2023-11-12T22:15:34.268Z [Modules] Streaming discord_erlpack@1 to /home/tiroir/.config/discord/0.0.34/modules/pending/discord_erlpack-1.zip: 38%
2023-11-12T22:15:34.270Z [Modules] Streaming discord_erlpack@1 to /home/tiroir/.config/discord/0.0.34/modules/pending/discord_erlpack-1.zip: 39%
2023-11-12T22:15:34.278Z [Modules] Streaming discord_erlpack@1 to /home/tiroir/.config/discord/0.0.34/modules/pending/discord_erlpack-1.zip: 41%
2023-11-12T22:15:34.284Z [Modules] Streaming discord_erlpack@1 to /home/tiroir/.config/discord/0.0.34/modules/pending/discord_erlpack-1.zip: 44%
2023-11-12T22:15:34.287Z [Modules] Streaming discord_erlpack@1 to /home/tiroir/.config/discord/0.0.34/modules/pending/discord_erlpack-1.zip: 45%
2023-11-12T22:15:34.291Z [Modules] Streaming discord_erlpack@1 to /home/tiroir/.config/discord/0.0.34/modules/pending/discord_erlpack-1.zip: 47%
2023-11-12T22:15:34.303Z [Modules] Streaming discord_erlpack@1 to /home/tiroir/.config/discord/0.0.34/modules/pending/discord_erlpack-1.zip: 50%
2023-11-12T22:15:34.308Z [Modules] Streaming discord_erlpack@1 to /home/tiroir/.config/discord/0.0.34/modules/pending/discord_erlpack-1.zip: 53%
2023-11-12T22:15:34.315Z [Modules] Streaming discord_erlpack@1 to /home/tiroir/.config/discord/0.0.34/modules/pending/discord_erlpack-1.zip: 55%
2023-11-12T22:15:34.318Z [Modules] Streaming discord_erlpack@1 to /home/tiroir/.config/discord/0.0.34/modules/pending/discord_erlpack-1.zip: 56%
2023-11-12T22:15:34.324Z [Modules] Streaming discord_erlpack@1 to /home/tiroir/.config/discord/0.0.34/modules/pending/discord_erlpack-1.zip: 59%
2023-11-12T22:15:34.330Z [Modules] Streaming discord_erlpack@1 to /home/tiroir/.config/discord/0.0.34/modules/pending/discord_erlpack-1.zip: 61%
2023-11-12T22:15:34.338Z [Modules] Streaming discord_erlpack@1 to /home/tiroir/.config/discord/0.0.34/modules/pending/discord_erlpack-1.zip: 62%
2023-11-12T22:15:34.344Z [Modules] Streaming discord_erlpack@1 to /home/tiroir/.config/discord/0.0.34/modules/pending/discord_erlpack-1.zip: 64%
2023-11-12T22:15:34.350Z [Modules] Streaming discord_erlpack@1 to /home/tiroir/.config/discord/0.0.34/modules/pending/discord_erlpack-1.zip: 66%
2023-11-12T22:15:34.351Z [Modules] Streaming discord_erlpack@1 to /home/tiroir/.config/discord/0.0.34/modules/pending/discord_erlpack-1.zip: 67%
2023-11-12T22:15:34.356Z [Modules] Streaming discord_erlpack@1 to /home/tiroir/.config/discord/0.0.34/modules/pending/discord_erlpack-1.zip: 69%
2023-11-12T22:15:34.365Z [Modules] Streaming discord_erlpack@1 to /home/tiroir/.config/discord/0.0.34/modules/pending/discord_erlpack-1.zip: 71%
2023-11-12T22:15:34.371Z [Modules] Streaming discord_erlpack@1 to /home/tiroir/.config/discord/0.0.34/modules/pending/discord_erlpack-1.zip: 74%
2023-11-12T22:15:34.383Z [Modules] Streaming discord_erlpack@1 to /home/tiroir/.config/discord/0.0.34/modules/pending/discord_erlpack-1.zip: 77%
2023-11-12T22:15:34.393Z [Modules] Streaming discord_erlpack@1 to /home/tiroir/.config/discord/0.0.34/modules/pending/discord_erlpack-1.zip: 80%
2023-11-12T22:15:34.399Z [Modules] Streaming discord_erlpack@1 to /home/tiroir/.config/discord/0.0.34/modules/pending/discord_erlpack-1.zip: 83%
2023-11-12T22:15:34.407Z [Modules] Streaming discord_erlpack@1 to /home/tiroir/.config/discord/0.0.34/modules/pending/discord_erlpack-1.zip: 85%
2023-11-12T22:15:34.413Z [Modules] Streaming discord_erlpack@1 to /home/tiroir/.config/discord/0.0.34/modules/pending/discord_erlpack-1.zip: 88%
2023-11-12T22:15:34.416Z [Modules] Streaming discord_erlpack@1 to /home/tiroir/.config/discord/0.0.34/modules/pending/discord_erlpack-1.zip: 89%
2023-11-12T22:15:34.420Z [Modules] Streaming discord_erlpack@1 to /home/tiroir/.config/discord/0.0.34/modules/pending/discord_erlpack-1.zip: 90%
2023-11-12T22:15:34.423Z [Modules] Streaming discord_erlpack@1 to /home/tiroir/.config/discord/0.0.34/modules/pending/discord_erlpack-1.zip: 91%
2023-11-12T22:15:34.429Z [Modules] Streaming discord_erlpack@1 to /home/tiroir/.config/discord/0.0.34/modules/pending/discord_erlpack-1.zip: 94%
2023-11-12T22:15:34.442Z [Modules] Streaming discord_erlpack@1 to /home/tiroir/.config/discord/0.0.34/modules/pending/discord_erlpack-1.zip: 97%
2023-11-12T22:15:34.448Z [Modules] Streaming discord_erlpack@1 to /home/tiroir/.config/discord/0.0.34/modules/pending/discord_erlpack-1.zip: 100%
2023-11-12T22:15:34.451Z [Modules] Fetching discord_spellcheck@1 from https://discord.com/api/modules/stable/discord_spellcheck/1
2023-11-12T22:15:34.452Z [Modules] Streaming discord_spellcheck@1 to /home/tiroir/.config/discord/0.0.34/modules/pending/discord_spellcheck-1.zip
2023-11-12T22:15:34.720Z [Modules] Streaming discord_spellcheck@1 to /home/tiroir/.config/discord/0.0.34/modules/pending/discord_spellcheck-1.zip: 1%
2023-11-12T22:15:34.733Z [Modules] Streaming discord_spellcheck@1 to /home/tiroir/.config/discord/0.0.34/modules/pending/discord_spellcheck-1.zip: 2%
2023-11-12T22:15:34.750Z [Modules] Streaming discord_spellcheck@1 to /home/tiroir/.config/discord/0.0.34/modules/pending/discord_spellcheck-1.zip: 3%
2023-11-12T22:15:34.763Z [Modules] Streaming discord_spellcheck@1 to /home/tiroir/.config/discord/0.0.34/modules/pending/discord_spellcheck-1.zip: 4%
2023-11-12T22:15:34.780Z [Modules] Streaming discord_spellcheck@1 to /home/tiroir/.config/discord/0.0.34/modules/pending/discord_spellcheck-1.zip: 5%
2023-11-12T22:15:34.796Z [Modules] Streaming discord_spellcheck@1 to /home/tiroir/.config/discord/0.0.34/modules/pending/discord_spellcheck-1.zip: 6%
2023-11-12T22:15:34.809Z [Modules] Streaming discord_spellcheck@1 to /home/tiroir/.config/discord/0.0.34/modules/pending/discord_spellcheck-1.zip: 7%
2023-11-12T22:15:34.823Z [Modules] Streaming discord_spellcheck@1 to /home/tiroir/.config/discord/0.0.34/modules/pending/discord_spellcheck-1.zip: 8%
2023-11-12T22:15:34.833Z [Modules] Streaming discord_spellcheck@1 to /home/tiroir/.config/discord/0.0.34/modules/pending/discord_spellcheck-1.zip: 9%
2023-11-12T22:15:34.848Z [Modules] Streaming discord_spellcheck@1 to /home/tiroir/.config/discord/0.0.34/modules/pending/discord_spellcheck-1.zip: 10%
2023-11-12T22:15:34.864Z [Modules] Streaming discord_spellcheck@1 to /home/tiroir/.config/discord/0.0.34/modules/pending/discord_spellcheck-1.zip: 11%
2023-11-12T22:15:34.877Z [Modules] Streaming discord_spellcheck@1 to /home/tiroir/.config/discord/0.0.34/modules/pending/discord_spellcheck-1.zip: 12%
2023-11-12T22:15:34.906Z [Modules] Streaming discord_spellcheck@1 to /home/tiroir/.config/discord/0.0.34/modules/pending/discord_spellcheck-1.zip: 13%
2023-11-12T22:15:34.918Z [Modules] Streaming discord_spellcheck@1 to /home/tiroir/.config/discord/0.0.34/modules/pending/discord_spellcheck-1.zip: 14%
2023-11-12T22:15:34.944Z [Modules] Streaming discord_spellcheck@1 to /home/tiroir/.config/discord/0.0.34/modules/pending/discord_spellcheck-1.zip: 15%
2023-11-12T22:15:34.957Z [Modules] Streaming discord_spellcheck@1 to /home/tiroir/.config/discord/0.0.34/modules/pending/discord_spellcheck-1.zip: 16%
2023-11-12T22:15:34.978Z [Modules] Streaming discord_spellcheck@1 to /home/tiroir/.config/discord/0.0.34/modules/pending/discord_spellcheck-1.zip: 17%
2023-11-12T22:15:34.991Z [Modules] Streaming discord_spellcheck@1 to /home/tiroir/.config/discord/0.0.34/modules/pending/discord_spellcheck-1.zip: 18%
2023-11-12T22:15:35.006Z [Modules] Streaming discord_spellcheck@1 to /home/tiroir/.config/discord/0.0.34/modules/pending/discord_spellcheck-1.zip: 19%
2023-11-12T22:15:35.028Z [Modules] Streaming discord_spellcheck@1 to /home/tiroir/.config/discord/0.0.34/modules/pending/discord_spellcheck-1.zip: 20%
2023-11-12T22:15:35.044Z [Modules] Streaming discord_spellcheck@1 to /home/tiroir/.config/discord/0.0.34/modules/pending/discord_spellcheck-1.zip: 21%
2023-11-12T22:15:35.056Z [Modules] Streaming discord_spellcheck@1 to /home/tiroir/.config/discord/0.0.34/modules/pending/discord_spellcheck-1.zip: 22%
2023-11-12T22:15:35.072Z [Modules] Streaming discord_spellcheck@1 to /home/tiroir/.config/discord/0.0.34/modules/pending/discord_spellcheck-1.zip: 23%
2023-11-12T22:15:35.086Z [Modules] Streaming discord_spellcheck@1 to /home/tiroir/.config/discord/0.0.34/modules/pending/discord_spellcheck-1.zip: 24%
2023-11-12T22:15:35.103Z [Modules] Streaming discord_spellcheck@1 to /home/tiroir/.config/discord/0.0.34/modules/pending/discord_spellcheck-1.zip: 25%
2023-11-12T22:15:35.125Z [Modules] Streaming discord_spellcheck@1 to /home/tiroir/.config/discord/0.0.34/modules/pending/discord_spellcheck-1.zip: 26%
2023-11-12T22:15:35.296Z [Modules] Streaming discord_spellcheck@1 to /home/tiroir/.config/discord/0.0.34/modules/pending/discord_spellcheck-1.zip: 27%
2023-11-12T22:15:35.319Z [Modules] Streaming discord_spellcheck@1 to /home/tiroir/.config/discord/0.0.34/modules/pending/discord_spellcheck-1.zip: 28%
2023-11-12T22:15:35.335Z [Modules] Streaming discord_spellcheck@1 to /home/tiroir/.config/discord/0.0.34/modules/pending/discord_spellcheck-1.zip: 29%
2023-11-12T22:15:35.343Z [Modules] Streaming discord_spellcheck@1 to /home/tiroir/.config/discord/0.0.34/modules/pending/discord_spellcheck-1.zip: 30%
2023-11-12T22:15:35.350Z [Modules] Streaming discord_spellcheck@1 to /home/tiroir/.config/discord/0.0.34/modules/pending/discord_spellcheck-1.zip: 31%
2023-11-12T22:15:35.355Z [Modules] Streaming discord_spellcheck@1 to /home/tiroir/.config/discord/0.0.34/modules/pending/discord_spellcheck-1.zip: 32%
2023-11-12T22:15:35.360Z [Modules] Streaming discord_spellcheck@1 to /home/tiroir/.config/discord/0.0.34/modules/pending/discord_spellcheck-1.zip: 33%
2023-11-12T22:15:35.374Z [Modules] Streaming discord_spellcheck@1 to /home/tiroir/.config/discord/0.0.34/modules/pending/discord_spellcheck-1.zip: 34%
2023-11-12T22:15:35.381Z [Modules] Streaming discord_spellcheck@1 to /home/tiroir/.config/discord/0.0.34/modules/pending/discord_spellcheck-1.zip: 35%
2023-11-12T22:15:35.384Z [Modules] Streaming discord_spellcheck@1 to /home/tiroir/.config/discord/0.0.34/modules/pending/discord_spellcheck-1.zip: 36%
2023-11-12T22:15:35.390Z [Modules] Streaming discord_spellcheck@1 to /home/tiroir/.config/discord/0.0.34/modules/pending/discord_spellcheck-1.zip: 37%
2023-11-12T22:15:35.397Z [Modules] Streaming discord_spellcheck@1 to /home/tiroir/.config/discord/0.0.34/modules/pending/discord_spellcheck-1.zip: 38%
2023-11-12T22:15:35.405Z [Modules] Streaming discord_spellcheck@1 to /home/tiroir/.config/discord/0.0.34/modules/pending/discord_spellcheck-1.zip: 39%
2023-11-12T22:15:35.407Z [Modules] Streaming discord_spellcheck@1 to /home/tiroir/.config/discord/0.0.34/modules/pending/discord_spellcheck-1.zip: 40%
2023-11-12T22:15:35.408Z [Modules] Streaming discord_spellcheck@1 to /home/tiroir/.config/discord/0.0.34/modules/pending/discord_spellcheck-1.zip: 41%
2023-11-12T22:15:35.409Z [Modules] Streaming discord_spellcheck@1 to /home/tiroir/.config/discord/0.0.34/modules/pending/discord_spellcheck-1.zip: 43%
2023-11-12T22:15:35.435Z [Modules] Streaming discord_spellcheck@1 to /home/tiroir/.config/discord/0.0.34/modules/pending/discord_spellcheck-1.zip: 44%
2023-11-12T22:15:35.478Z [Modules] Streaming discord_spellcheck@1 to /home/tiroir/.config/discord/0.0.34/modules/pending/discord_spellcheck-1.zip: 45%
2023-11-12T22:15:35.491Z [Modules] Streaming discord_spellcheck@1 to /home/tiroir/.config/discord/0.0.34/modules/pending/discord_spellcheck-1.zip: 46%
2023-11-12T22:15:35.503Z [Modules] Streaming discord_spellcheck@1 to /home/tiroir/.config/discord/0.0.34/modules/pending/discord_spellcheck-1.zip: 47%
2023-11-12T22:15:35.517Z [Modules] Streaming discord_spellcheck@1 to /home/tiroir/.config/discord/0.0.34/modules/pending/discord_spellcheck-1.zip: 48%
2023-11-12T22:15:35.539Z [Modules] Streaming discord_spellcheck@1 to /home/tiroir/.config/discord/0.0.34/modules/pending/discord_spellcheck-1.zip: 49%
2023-11-12T22:15:35.548Z [Modules] Streaming discord_spellcheck@1 to /home/tiroir/.config/discord/0.0.34/modules/pending/discord_spellcheck-1.zip: 50%
2023-11-12T22:15:35.564Z [Modules] Streaming discord_spellcheck@1 to /home/tiroir/.config/discord/0.0.34/modules/pending/discord_spellcheck-1.zip: 51%
2023-11-12T22:15:35.579Z [Modules] Streaming discord_spellcheck@1 to /home/tiroir/.config/discord/0.0.34/modules/pending/discord_spellcheck-1.zip: 52%
2023-11-12T22:15:35.594Z [Modules] Streaming discord_spellcheck@1 to /home/tiroir/.config/discord/0.0.34/modules/pending/discord_spellcheck-1.zip: 53%
2023-11-12T22:15:35.614Z [Modules] Streaming discord_spellcheck@1 to /home/tiroir/.config/discord/0.0.34/modules/pending/discord_spellcheck-1.zip: 54%
2023-11-12T22:15:35.633Z [Modules] Streaming discord_spellcheck@1 to /home/tiroir/.config/discord/0.0.34/modules/pending/discord_spellcheck-1.zip: 55%
2023-11-12T22:15:35.641Z [Modules] Streaming discord_spellcheck@1 to /home/tiroir/.config/discord/0.0.34/modules/pending/discord_spellcheck-1.zip: 56%
2023-11-12T22:15:35.655Z [Modules] Streaming discord_spellcheck@1 to /home/tiroir/.config/discord/0.0.34/modules/pending/discord_spellcheck-1.zip: 57%
2023-11-12T22:15:35.669Z [Modules] Streaming discord_spellcheck@1 to /home/tiroir/.config/discord/0.0.34/modules/pending/discord_spellcheck-1.zip: 58%
2023-11-12T22:15:35.685Z [Modules] Streaming discord_spellcheck@1 to /home/tiroir/.config/discord/0.0.34/modules/pending/discord_spellcheck-1.zip: 59%
2023-11-12T22:15:35.704Z [Modules] Streaming discord_spellcheck@1 to /home/tiroir/.config/discord/0.0.34/modules/pending/discord_spellcheck-1.zip: 60%
2023-11-12T22:15:35.712Z [Modules] Streaming discord_spellcheck@1 to /home/tiroir/.config/discord/0.0.34/modules/pending/discord_spellcheck-1.zip: 61%
2023-11-12T22:15:35.724Z [Modules] Streaming discord_spellcheck@1 to /home/tiroir/.config/discord/0.0.34/modules/pending/discord_spellcheck-1.zip: 62%
2023-11-12T22:15:35.740Z [Modules] Streaming discord_spellcheck@1 to /home/tiroir/.config/discord/0.0.34/modules/pending/discord_spellcheck-1.zip: 63%
2023-11-12T22:15:35.759Z [Modules] Streaming discord_spellcheck@1 to /home/tiroir/.config/discord/0.0.34/modules/pending/discord_spellcheck-1.zip: 64%
2023-11-12T22:15:35.775Z [Modules] Streaming discord_spellcheck@1 to /home/tiroir/.config/discord/0.0.34/modules/pending/discord_spellcheck-1.zip: 65%
2023-11-12T22:15:35.811Z [Modules] Streaming discord_spellcheck@1 to /home/tiroir/.config/discord/0.0.34/modules/pending/discord_spellcheck-1.zip: 66%
2023-11-12T22:15:36.041Z [Modules] Streaming discord_spellcheck@1 to /home/tiroir/.config/discord/0.0.34/modules/pending/discord_spellcheck-1.zip: 67%
2023-11-12T22:15:36.047Z [Modules] Streaming discord_spellcheck@1 to /home/tiroir/.config/discord/0.0.34/modules/pending/discord_spellcheck-1.zip: 68%
2023-11-12T22:15:36.054Z [Modules] Streaming discord_spellcheck@1 to /home/tiroir/.config/discord/0.0.34/modules/pending/discord_spellcheck-1.zip: 69%
2023-11-12T22:15:36.060Z [Modules] Streaming discord_spellcheck@1 to /home/tiroir/.config/discord/0.0.34/modules/pending/discord_spellcheck-1.zip: 70%
2023-11-12T22:15:36.073Z [Modules] Streaming discord_spellcheck@1 to /home/tiroir/.config/discord/0.0.34/modules/pending/discord_spellcheck-1.zip: 71%
2023-11-12T22:15:36.079Z [Modules] Streaming discord_spellcheck@1 to /home/tiroir/.config/discord/0.0.34/modules/pending/discord_spellcheck-1.zip: 72%
2023-11-12T22:15:36.091Z [Modules] Streaming discord_spellcheck@1 to /home/tiroir/.config/discord/0.0.34/modules/pending/discord_spellcheck-1.zip: 73%
2023-11-12T22:15:36.097Z [Modules] Streaming discord_spellcheck@1 to /home/tiroir/.config/discord/0.0.34/modules/pending/discord_spellcheck-1.zip: 74%
2023-11-12T22:15:36.098Z [Modules] Streaming discord_spellcheck@1 to /home/tiroir/.config/discord/0.0.34/modules/pending/discord_spellcheck-1.zip: 77%
2023-11-12T22:15:36.099Z [Modules] Streaming discord_spellcheck@1 to /home/tiroir/.config/discord/0.0.34/modules/pending/discord_spellcheck-1.zip: 80%
2023-11-12T22:15:36.100Z [Modules] Streaming discord_spellcheck@1 to /home/tiroir/.config/discord/0.0.34/modules/pending/discord_spellcheck-1.zip: 81%
2023-11-12T22:15:36.110Z [Modules] Streaming discord_spellcheck@1 to /home/tiroir/.config/discord/0.0.34/modules/pending/discord_spellcheck-1.zip: 82%
2023-11-12T22:15:36.120Z [Modules] Streaming discord_spellcheck@1 to /home/tiroir/.config/discord/0.0.34/modules/pending/discord_spellcheck-1.zip: 83%
2023-11-12T22:15:36.148Z [Modules] Streaming discord_spellcheck@1 to /home/tiroir/.config/discord/0.0.34/modules/pending/discord_spellcheck-1.zip: 84%
2023-11-12T22:15:36.164Z [Modules] Streaming discord_spellcheck@1 to /home/tiroir/.config/discord/0.0.34/modules/pending/discord_spellcheck-1.zip: 85%
2023-11-12T22:15:36.179Z [Modules] Streaming discord_spellcheck@1 to /home/tiroir/.config/discord/0.0.34/modules/pending/discord_spellcheck-1.zip: 86%
2023-11-12T22:15:36.198Z [Modules] Streaming discord_spellcheck@1 to /home/tiroir/.config/discord/0.0.34/modules/pending/discord_spellcheck-1.zip: 87%
2023-11-12T22:15:36.218Z [Modules] Streaming discord_spellcheck@1 to /home/tiroir/.config/discord/0.0.34/modules/pending/discord_spellcheck-1.zip: 88%
2023-11-12T22:15:36.230Z [Modules] Streaming discord_spellcheck@1 to /home/tiroir/.config/discord/0.0.34/modules/pending/discord_spellcheck-1.zip: 89%
2023-11-12T22:15:36.245Z [Modules] Streaming discord_spellcheck@1 to /home/tiroir/.config/discord/0.0.34/modules/pending/discord_spellcheck-1.zip: 90%
2023-11-12T22:15:36.264Z [Modules] Streaming discord_spellcheck@1 to /home/tiroir/.config/discord/0.0.34/modules/pending/discord_spellcheck-1.zip: 91%
2023-11-12T22:15:36.276Z [Modules] Streaming discord_spellcheck@1 to /home/tiroir/.config/discord/0.0.34/modules/pending/discord_spellcheck-1.zip: 92%
2023-11-12T22:15:36.286Z [Modules] Streaming discord_spellcheck@1 to /home/tiroir/.config/discord/0.0.34/modules/pending/discord_spellcheck-1.zip: 93%
2023-11-12T22:15:36.299Z [Modules] Streaming discord_spellcheck@1 to /home/tiroir/.config/discord/0.0.34/modules/pending/discord_spellcheck-1.zip: 94%
2023-11-12T22:15:36.313Z [Modules] Streaming discord_spellcheck@1 to /home/tiroir/.config/discord/0.0.34/modules/pending/discord_spellcheck-1.zip: 95%
2023-11-12T22:15:36.326Z [Modules] Streaming discord_spellcheck@1 to /home/tiroir/.config/discord/0.0.34/modules/pending/discord_spellcheck-1.zip: 96%
2023-11-12T22:15:36.348Z [Modules] Streaming discord_spellcheck@1 to /home/tiroir/.config/discord/0.0.34/modules/pending/discord_spellcheck-1.zip: 97%
2023-11-12T22:15:36.361Z [Modules] Streaming discord_spellcheck@1 to /home/tiroir/.config/discord/0.0.34/modules/pending/discord_spellcheck-1.zip: 98%
2023-11-12T22:15:36.376Z [Modules] Streaming discord_spellcheck@1 to /home/tiroir/.config/discord/0.0.34/modules/pending/discord_spellcheck-1.zip: 99%
2023-11-12T22:15:36.388Z [Modules] Streaming discord_spellcheck@1 to /home/tiroir/.config/discord/0.0.34/modules/pending/discord_spellcheck-1.zip: 100%
2023-11-12T22:15:36.391Z [Modules] Fetching discord_utils@1 from https://discord.com/api/modules/stable/discord_utils/1
2023-11-12T22:15:36.391Z [Modules] Streaming discord_utils@1 to /home/tiroir/.config/discord/0.0.34/modules/pending/discord_utils-1.zip
2023-11-12T22:15:36.723Z [Modules] Streaming discord_utils@1 to /home/tiroir/.config/discord/0.0.34/modules/pending/discord_utils-1.zip: 2%
2023-11-12T22:15:36.727Z [Modules] Streaming discord_utils@1 to /home/tiroir/.config/discord/0.0.34/modules/pending/discord_utils-1.zip: 3%
2023-11-12T22:15:36.757Z [Modules] Streaming discord_utils@1 to /home/tiroir/.config/discord/0.0.34/modules/pending/discord_utils-1.zip: 4%
2023-11-12T22:15:36.761Z [Modules] Streaming discord_utils@1 to /home/tiroir/.config/discord/0.0.34/modules/pending/discord_utils-1.zip: 5%
2023-11-12T22:15:36.767Z [Modules] Streaming discord_utils@1 to /home/tiroir/.config/discord/0.0.34/modules/pending/discord_utils-1.zip: 6%
2023-11-12T22:15:36.772Z [Modules] Streaming discord_utils@1 to /home/tiroir/.config/discord/0.0.34/modules/pending/discord_utils-1.zip: 7%
2023-11-12T22:15:36.775Z [Modules] Streaming discord_utils@1 to /home/tiroir/.config/discord/0.0.34/modules/pending/discord_utils-1.zip: 8%
2023-11-12T22:15:36.779Z [Modules] Streaming discord_utils@1 to /home/tiroir/.config/discord/0.0.34/modules/pending/discord_utils-1.zip: 9%
2023-11-12T22:15:36.789Z [Modules] Streaming discord_utils@1 to /home/tiroir/.config/discord/0.0.34/modules/pending/discord_utils-1.zip: 11%
2023-11-12T22:15:36.795Z [Modules] Streaming discord_utils@1 to /home/tiroir/.config/discord/0.0.34/modules/pending/discord_utils-1.zip: 12%
2023-11-12T22:15:36.799Z [Modules] Streaming discord_utils@1 to /home/tiroir/.config/discord/0.0.34/modules/pending/discord_utils-1.zip: 13%
2023-11-12T22:15:36.805Z [Modules] Streaming discord_utils@1 to /home/tiroir/.config/discord/0.0.34/modules/pending/discord_utils-1.zip: 14%
2023-11-12T22:15:36.809Z [Modules] Streaming discord_utils@1 to /home/tiroir/.config/discord/0.0.34/modules/pending/discord_utils-1.zip: 15%
2023-11-12T22:15:36.812Z [Modules] Streaming discord_utils@1 to /home/tiroir/.config/discord/0.0.34/modules/pending/discord_utils-1.zip: 16%
2023-11-12T22:15:36.817Z [Modules] Streaming discord_utils@1 to /home/tiroir/.config/discord/0.0.34/modules/pending/discord_utils-1.zip: 17%
2023-11-12T22:15:36.822Z [Modules] Streaming discord_utils@1 to /home/tiroir/.config/discord/0.0.34/modules/pending/discord_utils-1.zip: 18%
2023-11-12T22:15:36.826Z [Modules] Streaming discord_utils@1 to /home/tiroir/.config/discord/0.0.34/modules/pending/discord_utils-1.zip: 19%
2023-11-12T22:15:36.837Z [Modules] Streaming discord_utils@1 to /home/tiroir/.config/discord/0.0.34/modules/pending/discord_utils-1.zip: 21%
2023-11-12T22:15:36.842Z [Modules] Streaming discord_utils@1 to /home/tiroir/.config/discord/0.0.34/modules/pending/discord_utils-1.zip: 22%
2023-11-12T22:15:36.846Z [Modules] Streaming discord_utils@1 to /home/tiroir/.config/discord/0.0.34/modules/pending/discord_utils-1.zip: 23%
2023-11-12T22:15:36.849Z [Modules] Streaming discord_utils@1 to /home/tiroir/.config/discord/0.0.34/modules/pending/discord_utils-1.zip: 24%
2023-11-12T22:15:36.852Z [Modules] Streaming discord_utils@1 to /home/tiroir/.config/discord/0.0.34/modules/pending/discord_utils-1.zip: 25%
2023-11-12T22:15:36.860Z [Modules] Streaming discord_utils@1 to /home/tiroir/.config/discord/0.0.34/modules/pending/discord_utils-1.zip: 27%
2023-11-12T22:15:36.867Z [Modules] Streaming discord_utils@1 to /home/tiroir/.config/discord/0.0.34/modules/pending/discord_utils-1.zip: 28%
2023-11-12T22:15:36.870Z [Modules] Streaming discord_utils@1 to /home/tiroir/.config/discord/0.0.34/modules/pending/discord_utils-1.zip: 29%
2023-11-12T22:15:36.876Z [Modules] Streaming discord_utils@1 to /home/tiroir/.config/discord/0.0.34/modules/pending/discord_utils-1.zip: 30%
2023-11-12T22:15:36.883Z [Modules] Streaming discord_utils@1 to /home/tiroir/.config/discord/0.0.34/modules/pending/discord_utils-1.zip: 32%
2023-11-12T22:15:36.889Z [Modules] Streaming discord_utils@1 to /home/tiroir/.config/discord/0.0.34/modules/pending/discord_utils-1.zip: 33%
2023-11-12T22:15:36.894Z [Modules] Streaming discord_utils@1 to /home/tiroir/.config/discord/0.0.34/modules/pending/discord_utils-1.zip: 34%
2023-11-12T22:15:36.896Z [Modules] Streaming discord_utils@1 to /home/tiroir/.config/discord/0.0.34/modules/pending/discord_utils-1.zip: 35%
2023-11-12T22:15:36.901Z [Modules] Streaming discord_utils@1 to /home/tiroir/.config/discord/0.0.34/modules/pending/discord_utils-1.zip: 36%
2023-11-12T22:15:36.942Z [Modules] Streaming discord_utils@1 to /home/tiroir/.config/discord/0.0.34/modules/pending/discord_utils-1.zip: 37%
2023-11-12T22:15:36.947Z [Modules] Streaming discord_utils@1 to /home/tiroir/.config/discord/0.0.34/modules/pending/discord_utils-1.zip: 39%
2023-11-12T22:15:36.952Z [Modules] Streaming discord_utils@1 to /home/tiroir/.config/discord/0.0.34/modules/pending/discord_utils-1.zip: 40%
2023-11-12T22:15:36.962Z [Modules] Streaming discord_utils@1 to /home/tiroir/.config/discord/0.0.34/modules/pending/discord_utils-1.zip: 42%
2023-11-12T22:15:36.968Z [Modules] Streaming discord_utils@1 to /home/tiroir/.config/discord/0.0.34/modules/pending/discord_utils-1.zip: 43%
2023-11-12T22:15:36.971Z [Modules] Streaming discord_utils@1 to /home/tiroir/.config/discord/0.0.34/modules/pending/discord_utils-1.zip: 44%
2023-11-12T22:15:36.975Z [Modules] Streaming discord_utils@1 to /home/tiroir/.config/discord/0.0.34/modules/pending/discord_utils-1.zip: 45%
2023-11-12T22:15:36.984Z [Modules] Streaming discord_utils@1 to /home/tiroir/.config/discord/0.0.34/modules/pending/discord_utils-1.zip: 48%
2023-11-12T22:15:36.990Z [Modules] Streaming discord_utils@1 to /home/tiroir/.config/discord/0.0.34/modules/pending/discord_utils-1.zip: 49%
2023-11-12T22:15:37.000Z [Modules] Streaming discord_utils@1 to /home/tiroir/.config/discord/0.0.34/modules/pending/discord_utils-1.zip: 50%
2023-11-12T22:15:37.005Z [Modules] Streaming discord_utils@1 to /home/tiroir/.config/discord/0.0.34/modules/pending/discord_utils-1.zip: 52%
2023-11-12T22:15:37.012Z [Modules] Streaming discord_utils@1 to /home/tiroir/.config/discord/0.0.34/modules/pending/discord_utils-1.zip: 53%
2023-11-12T22:15:37.014Z [Modules] Streaming discord_utils@1 to /home/tiroir/.config/discord/0.0.34/modules/pending/discord_utils-1.zip: 54%
2023-11-12T22:15:37.021Z [Modules] Streaming discord_utils@1 to /home/tiroir/.config/discord/0.0.34/modules/pending/discord_utils-1.zip: 56%
2023-11-12T22:15:37.027Z [Modules] Streaming discord_utils@1 to /home/tiroir/.config/discord/0.0.34/modules/pending/discord_utils-1.zip: 57%
2023-11-12T22:15:37.033Z [Modules] Streaming discord_utils@1 to /home/tiroir/.config/discord/0.0.34/modules/pending/discord_utils-1.zip: 58%
2023-11-12T22:15:37.041Z [Modules] Streaming discord_utils@1 to /home/tiroir/.config/discord/0.0.34/modules/pending/discord_utils-1.zip: 59%
2023-11-12T22:15:37.046Z [Modules] Streaming discord_utils@1 to /home/tiroir/.config/discord/0.0.34/modules/pending/discord_utils-1.zip: 60%
2023-11-12T22:15:37.053Z [Modules] Streaming discord_utils@1 to /home/tiroir/.config/discord/0.0.34/modules/pending/discord_utils-1.zip: 61%
2023-11-12T22:15:37.059Z [Modules] Streaming discord_utils@1 to /home/tiroir/.config/discord/0.0.34/modules/pending/discord_utils-1.zip: 63%
2023-11-12T22:15:37.084Z [Modules] Streaming discord_utils@1 to /home/tiroir/.config/discord/0.0.34/modules/pending/discord_utils-1.zip: 64%
2023-11-12T22:15:37.088Z [Modules] Streaming discord_utils@1 to /home/tiroir/.config/discord/0.0.34/modules/pending/discord_utils-1.zip: 65%
2023-11-12T22:15:37.089Z [Modules] Streaming discord_utils@1 to /home/tiroir/.config/discord/0.0.34/modules/pending/discord_utils-1.zip: 66%
2023-11-12T22:15:37.099Z [Modules] Streaming discord_utils@1 to /home/tiroir/.config/discord/0.0.34/modules/pending/discord_utils-1.zip: 67%
2023-11-12T22:15:37.101Z [Modules] Streaming discord_utils@1 to /home/tiroir/.config/discord/0.0.34/modules/pending/discord_utils-1.zip: 68%
2023-11-12T22:15:37.108Z [Modules] Streaming discord_utils@1 to /home/tiroir/.config/discord/0.0.34/modules/pending/discord_utils-1.zip: 70%
2023-11-12T22:15:37.114Z [Modules] Streaming discord_utils@1 to /home/tiroir/.config/discord/0.0.34/modules/pending/discord_utils-1.zip: 71%
2023-11-12T22:15:37.118Z [Modules] Streaming discord_utils@1 to /home/tiroir/.config/discord/0.0.34/modules/pending/discord_utils-1.zip: 72%
2023-11-12T22:15:37.121Z [Modules] Streaming discord_utils@1 to /home/tiroir/.config/discord/0.0.34/modules/pending/discord_utils-1.zip: 73%
2023-11-12T22:15:37.125Z [Modules] Streaming discord_utils@1 to /home/tiroir/.config/discord/0.0.34/modules/pending/discord_utils-1.zip: 74%
2023-11-12T22:15:37.134Z [Modules] Streaming discord_utils@1 to /home/tiroir/.config/discord/0.0.34/modules/pending/discord_utils-1.zip: 75%
2023-11-12T22:15:37.140Z [Modules] Streaming discord_utils@1 to /home/tiroir/.config/discord/0.0.34/modules/pending/discord_utils-1.zip: 77%
2023-11-12T22:15:37.146Z [Modules] Streaming discord_utils@1 to /home/tiroir/.config/discord/0.0.34/modules/pending/discord_utils-1.zip: 78%
2023-11-12T22:15:37.152Z [Modules] Streaming discord_utils@1 to /home/tiroir/.config/discord/0.0.34/modules/pending/discord_utils-1.zip: 79%
2023-11-12T22:15:37.161Z [Modules] Streaming discord_utils@1 to /home/tiroir/.config/discord/0.0.34/modules/pending/discord_utils-1.zip: 81%
2023-11-12T22:15:37.169Z [Modules] Streaming discord_utils@1 to /home/tiroir/.config/discord/0.0.34/modules/pending/discord_utils-1.zip: 82%
2023-11-12T22:15:37.262Z [Modules] Streaming discord_utils@1 to /home/tiroir/.config/discord/0.0.34/modules/pending/discord_utils-1.zip: 84%
2023-11-12T22:15:37.263Z [Modules] Streaming discord_utils@1 to /home/tiroir/.config/discord/0.0.34/modules/pending/discord_utils-1.zip: 85%
2023-11-12T22:15:37.272Z [Modules] Streaming discord_utils@1 to /home/tiroir/.config/discord/0.0.34/modules/pending/discord_utils-1.zip: 87%
2023-11-12T22:15:37.272Z [Modules] Streaming discord_utils@1 to /home/tiroir/.config/discord/0.0.34/modules/pending/discord_utils-1.zip: 88%
2023-11-12T22:15:37.281Z [Modules] Streaming discord_utils@1 to /home/tiroir/.config/discord/0.0.34/modules/pending/discord_utils-1.zip: 90%
2023-11-12T22:15:37.287Z [Modules] Streaming discord_utils@1 to /home/tiroir/.config/discord/0.0.34/modules/pending/discord_utils-1.zip: 92%
2023-11-12T22:15:37.293Z [Modules] Streaming discord_utils@1 to /home/tiroir/.config/discord/0.0.34/modules/pending/discord_utils-1.zip: 94%
2023-11-12T22:15:37.294Z [Modules] Streaming discord_utils@1 to /home/tiroir/.config/discord/0.0.34/modules/pending/discord_utils-1.zip: 95%
2023-11-12T22:15:37.297Z [Modules] Streaming discord_utils@1 to /home/tiroir/.config/discord/0.0.34/modules/pending/discord_utils-1.zip: 96%
2023-11-12T22:15:37.299Z [Modules] Streaming discord_utils@1 to /home/tiroir/.config/discord/0.0.34/modules/pending/discord_utils-1.zip: 98%
2023-11-12T22:15:37.300Z [Modules] Streaming discord_utils@1 to /home/tiroir/.config/discord/0.0.34/modules/pending/discord_utils-1.zip: 100%
2023-11-12T22:15:37.302Z [Modules] Fetching discord_voice@1 from https://discord.com/api/modules/stable/discord_voice/1
2023-11-12T22:15:37.302Z [Modules] Streaming discord_voice@1 to /home/tiroir/.config/discord/0.0.34/modules/pending/discord_voice-1.zip
2023-11-12T22:15:37.555Z [Modules] Streaming discord_voice@1 to /home/tiroir/.config/discord/0.0.34/modules/pending/discord_voice-1.zip: 1%
2023-11-12T22:15:37.586Z [Modules] Streaming discord_voice@1 to /home/tiroir/.config/discord/0.0.34/modules/pending/discord_voice-1.zip: 2%
2023-11-12T22:15:37.621Z [Modules] Streaming discord_voice@1 to /home/tiroir/.config/discord/0.0.34/modules/pending/discord_voice-1.zip: 3%
2023-11-12T22:15:37.645Z [Modules] Streaming discord_voice@1 to /home/tiroir/.config/discord/0.0.34/modules/pending/discord_voice-1.zip: 4%
2023-11-12T22:15:37.677Z [Modules] Streaming discord_voice@1 to /home/tiroir/.config/discord/0.0.34/modules/pending/discord_voice-1.zip: 5%
2023-11-12T22:15:37.706Z [Modules] Streaming discord_voice@1 to /home/tiroir/.config/discord/0.0.34/modules/pending/discord_voice-1.zip: 6%
2023-11-12T22:15:37.734Z [Modules] Streaming discord_voice@1 to /home/tiroir/.config/discord/0.0.34/modules/pending/discord_voice-1.zip: 7%
2023-11-12T22:15:37.766Z [Modules] Streaming discord_voice@1 to /home/tiroir/.config/discord/0.0.34/modules/pending/discord_voice-1.zip: 8%
2023-11-12T22:15:37.799Z [Modules] Streaming discord_voice@1 to /home/tiroir/.config/discord/0.0.34/modules/pending/discord_voice-1.zip: 9%
2023-11-12T22:15:37.830Z [Modules] Streaming discord_voice@1 to /home/tiroir/.config/discord/0.0.34/modules/pending/discord_voice-1.zip: 10%
2023-11-12T22:15:37.865Z [Modules] Streaming discord_voice@1 to /home/tiroir/.config/discord/0.0.34/modules/pending/discord_voice-1.zip: 11%
2023-11-12T22:15:37.891Z [Modules] Streaming discord_voice@1 to /home/tiroir/.config/discord/0.0.34/modules/pending/discord_voice-1.zip: 12%
2023-11-12T22:15:37.922Z [Modules] Streaming discord_voice@1 to /home/tiroir/.config/discord/0.0.34/modules/pending/discord_voice-1.zip: 13%
2023-11-12T22:15:37.951Z [Modules] Streaming discord_voice@1 to /home/tiroir/.config/discord/0.0.34/modules/pending/discord_voice-1.zip: 14%
2023-11-12T22:15:38.169Z [Modules] Streaming discord_voice@1 to /home/tiroir/.config/discord/0.0.34/modules/pending/discord_voice-1.zip: 15%
2023-11-12T22:15:38.170Z [Modules] Streaming discord_voice@1 to /home/tiroir/.config/discord/0.0.34/modules/pending/discord_voice-1.zip: 16%
2023-11-12T22:15:38.171Z [Modules] Streaming discord_voice@1 to /home/tiroir/.config/discord/0.0.34/modules/pending/discord_voice-1.zip: 17%
2023-11-12T22:15:38.172Z [Modules] Streaming discord_voice@1 to /home/tiroir/.config/discord/0.0.34/modules/pending/discord_voice-1.zip: 18%
2023-11-12T22:15:38.184Z [Modules] Streaming discord_voice@1 to /home/tiroir/.config/discord/0.0.34/modules/pending/discord_voice-1.zip: 19%
2023-11-12T22:15:38.210Z [Modules] Streaming discord_voice@1 to /home/tiroir/.config/discord/0.0.34/modules/pending/discord_voice-1.zip: 20%
2023-11-12T22:15:38.248Z [Modules] Streaming discord_voice@1 to /home/tiroir/.config/discord/0.0.34/modules/pending/discord_voice-1.zip: 21%
2023-11-12T22:15:38.283Z [Modules] Streaming discord_voice@1 to /home/tiroir/.config/discord/0.0.34/modules/pending/discord_voice-1.zip: 22%
2023-11-12T22:15:38.320Z [Modules] Streaming discord_voice@1 to /home/tiroir/.config/discord/0.0.34/modules/pending/discord_voice-1.zip: 23%
2023-11-12T22:15:38.363Z [Modules] Streaming discord_voice@1 to /home/tiroir/.config/discord/0.0.34/modules/pending/discord_voice-1.zip: 24%
2023-11-12T22:15:38.393Z [Modules] Streaming discord_voice@1 to /home/tiroir/.config/discord/0.0.34/modules/pending/discord_voice-1.zip: 25%
2023-11-12T22:15:38.422Z [Modules] Streaming discord_voice@1 to /home/tiroir/.config/discord/0.0.34/modules/pending/discord_voice-1.zip: 26%
2023-11-12T22:15:38.459Z [Modules] Streaming discord_voice@1 to /home/tiroir/.config/discord/0.0.34/modules/pending/discord_voice-1.zip: 27%
2023-11-12T22:15:38.484Z [Modules] Streaming discord_voice@1 to /home/tiroir/.config/discord/0.0.34/modules/pending/discord_voice-1.zip: 28%
2023-11-12T22:15:38.529Z [Modules] Streaming discord_voice@1 to /home/tiroir/.config/discord/0.0.34/modules/pending/discord_voice-1.zip: 29%
2023-11-12T22:15:38.561Z [Modules] Streaming discord_voice@1 to /home/tiroir/.config/discord/0.0.34/modules/pending/discord_voice-1.zip: 30%
2023-11-12T22:15:38.601Z [Modules] Streaming discord_voice@1 to /home/tiroir/.config/discord/0.0.34/modules/pending/discord_voice-1.zip: 31%
2023-11-12T22:15:38.631Z [Modules] Streaming discord_voice@1 to /home/tiroir/.config/discord/0.0.34/modules/pending/discord_voice-1.zip: 32%
2023-11-12T22:15:38.658Z [Modules] Streaming discord_voice@1 to /home/tiroir/.config/discord/0.0.34/modules/pending/discord_voice-1.zip: 33%
2023-11-12T22:15:38.688Z [Modules] Streaming discord_voice@1 to /home/tiroir/.config/discord/0.0.34/modules/pending/discord_voice-1.zip: 34%
2023-11-12T22:15:38.715Z [Modules] Streaming discord_voice@1 to /home/tiroir/.config/discord/0.0.34/modules/pending/discord_voice-1.zip: 35%
2023-11-12T22:15:38.740Z [Modules] Streaming discord_voice@1 to /home/tiroir/.config/discord/0.0.34/modules/pending/discord_voice-1.zip: 36%
2023-11-12T22:15:38.773Z [Modules] Streaming discord_voice@1 to /home/tiroir/.config/discord/0.0.34/modules/pending/discord_voice-1.zip: 37%
2023-11-12T22:15:38.803Z [Modules] Streaming discord_voice@1 to /home/tiroir/.config/discord/0.0.34/modules/pending/discord_voice-1.zip: 38%
2023-11-12T22:15:38.838Z [Modules] Streaming discord_voice@1 to /home/tiroir/.config/discord/0.0.34/modules/pending/discord_voice-1.zip: 39%
2023-11-12T22:15:38.872Z [Modules] Streaming discord_voice@1 to /home/tiroir/.config/discord/0.0.34/modules/pending/discord_voice-1.zip: 40%
2023-11-12T22:15:38.896Z [Modules] Streaming discord_voice@1 to /home/tiroir/.config/discord/0.0.34/modules/pending/discord_voice-1.zip: 41%
2023-11-12T22:15:38.929Z [Modules] Streaming discord_voice@1 to /home/tiroir/.config/discord/0.0.34/modules/pending/discord_voice-1.zip: 42%
2023-11-12T22:15:38.958Z [Modules] Streaming discord_voice@1 to /home/tiroir/.config/discord/0.0.34/modules/pending/discord_voice-1.zip: 43%
2023-11-12T22:15:38.990Z [Modules] Streaming discord_voice@1 to /home/tiroir/.config/discord/0.0.34/modules/pending/discord_voice-1.zip: 44%
2023-11-12T22:15:39.021Z [Modules] Streaming discord_voice@1 to /home/tiroir/.config/discord/0.0.34/modules/pending/discord_voice-1.zip: 45%
2023-11-12T22:15:39.062Z [Modules] Streaming discord_voice@1 to /home/tiroir/.config/discord/0.0.34/modules/pending/discord_voice-1.zip: 46%
2023-11-12T22:15:39.090Z [Modules] Streaming discord_voice@1 to /home/tiroir/.config/discord/0.0.34/modules/pending/discord_voice-1.zip: 47%
2023-11-12T22:15:39.124Z [Modules] Streaming discord_voice@1 to /home/tiroir/.config/discord/0.0.34/modules/pending/discord_voice-1.zip: 48%
2023-11-12T22:15:39.158Z [Modules] Streaming discord_voice@1 to /home/tiroir/.config/discord/0.0.34/modules/pending/discord_voice-1.zip: 49%
2023-11-12T22:15:39.191Z [Modules] Streaming discord_voice@1 to /home/tiroir/.config/discord/0.0.34/modules/pending/discord_voice-1.zip: 50%
2023-11-12T22:15:39.228Z [Modules] Streaming discord_voice@1 to /home/tiroir/.config/discord/0.0.34/modules/pending/discord_voice-1.zip: 51%
2023-11-12T22:15:39.270Z [Modules] Streaming discord_voice@1 to /home/tiroir/.config/discord/0.0.34/modules/pending/discord_voice-1.zip: 52%
2023-11-12T22:15:39.297Z [Modules] Streaming discord_voice@1 to /home/tiroir/.config/discord/0.0.34/modules/pending/discord_voice-1.zip: 53%
2023-11-12T22:15:39.331Z [Modules] Streaming discord_voice@1 to /home/tiroir/.config/discord/0.0.34/modules/pending/discord_voice-1.zip: 54%
2023-11-12T22:15:39.355Z [Modules] Streaming discord_voice@1 to /home/tiroir/.config/discord/0.0.34/modules/pending/discord_voice-1.zip: 55%
2023-11-12T22:15:39.403Z [Modules] Streaming discord_voice@1 to /home/tiroir/.config/discord/0.0.34/modules/pending/discord_voice-1.zip: 56%
2023-11-12T22:15:39.433Z [Modules] Streaming discord_voice@1 to /home/tiroir/.config/discord/0.0.34/modules/pending/discord_voice-1.zip: 57%
2023-11-12T22:15:39.468Z [Modules] Streaming discord_voice@1 to /home/tiroir/.config/discord/0.0.34/modules/pending/discord_voice-1.zip: 58%
2023-11-12T22:15:39.497Z [Modules] Streaming discord_voice@1 to /home/tiroir/.config/discord/0.0.34/modules/pending/discord_voice-1.zip: 59%
2023-11-12T22:15:39.526Z [Modules] Streaming discord_voice@1 to /home/tiroir/.config/discord/0.0.34/modules/pending/discord_voice-1.zip: 60%
2023-11-12T22:15:39.575Z [Modules] Streaming discord_voice@1 to /home/tiroir/.config/discord/0.0.34/modules/pending/discord_voice-1.zip: 61%
2023-11-12T22:15:39.602Z [Modules] Streaming discord_voice@1 to /home/tiroir/.config/discord/0.0.34/modules/pending/discord_voice-1.zip: 62%
2023-11-12T22:15:39.659Z [Modules] Streaming discord_voice@1 to /home/tiroir/.config/discord/0.0.34/modules/pending/discord_voice-1.zip: 63%
2023-11-12T22:15:39.694Z [Modules] Streaming discord_voice@1 to /home/tiroir/.config/discord/0.0.34/modules/pending/discord_voice-1.zip: 64%
2023-11-12T22:15:39.729Z [Modules] Streaming discord_voice@1 to /home/tiroir/.config/discord/0.0.34/modules/pending/discord_voice-1.zip: 65%
2023-11-12T22:15:39.757Z [Modules] Streaming discord_voice@1 to /home/tiroir/.config/discord/0.0.34/modules/pending/discord_voice-1.zip: 66%
2023-11-12T22:15:39.794Z [Modules] Streaming discord_voice@1 to /home/tiroir/.config/discord/0.0.34/modules/pending/discord_voice-1.zip: 67%
2023-11-12T22:15:39.823Z [Modules] Streaming discord_voice@1 to /home/tiroir/.config/discord/0.0.34/modules/pending/discord_voice-1.zip: 68%
2023-11-12T22:15:39.860Z [Modules] Streaming discord_voice@1 to /home/tiroir/.config/discord/0.0.34/modules/pending/discord_voice-1.zip: 69%
2023-11-12T22:15:39.892Z [Modules] Streaming discord_voice@1 to /home/tiroir/.config/discord/0.0.34/modules/pending/discord_voice-1.zip: 70%
2023-11-12T22:15:39.929Z [Modules] Streaming discord_voice@1 to /home/tiroir/.config/discord/0.0.34/modules/pending/discord_voice-1.zip: 71%
2023-11-12T22:15:39.963Z [Modules] Streaming discord_voice@1 to /home/tiroir/.config/discord/0.0.34/modules/pending/discord_voice-1.zip: 72%
2023-11-12T22:15:39.992Z [Modules] Streaming discord_voice@1 to /home/tiroir/.config/discord/0.0.34/modules/pending/discord_voice-1.zip: 73%
2023-11-12T22:15:40.025Z [Modules] Streaming discord_voice@1 to /home/tiroir/.config/discord/0.0.34/modules/pending/discord_voice-1.zip: 74%
2023-11-12T22:15:40.055Z [Modules] Streaming discord_voice@1 to /home/tiroir/.config/discord/0.0.34/modules/pending/discord_voice-1.zip: 75%
2023-11-12T22:15:40.084Z [Modules] Streaming discord_voice@1 to /home/tiroir/.config/discord/0.0.34/modules/pending/discord_voice-1.zip: 76%
2023-11-12T22:15:40.114Z [Modules] Streaming discord_voice@1 to /home/tiroir/.config/discord/0.0.34/modules/pending/discord_voice-1.zip: 77%
2023-11-12T22:15:40.150Z [Modules] Streaming discord_voice@1 to /home/tiroir/.config/discord/0.0.34/modules/pending/discord_voice-1.zip: 78%
2023-11-12T22:15:40.183Z [Modules] Streaming discord_voice@1 to /home/tiroir/.config/discord/0.0.34/modules/pending/discord_voice-1.zip: 79%
2023-11-12T22:15:40.218Z [Modules] Streaming discord_voice@1 to /home/tiroir/.config/discord/0.0.34/modules/pending/discord_voice-1.zip: 80%
2023-11-12T22:15:40.249Z [Modules] Streaming discord_voice@1 to /home/tiroir/.config/discord/0.0.34/modules/pending/discord_voice-1.zip: 81%
2023-11-12T22:15:40.274Z [Modules] Streaming discord_voice@1 to /home/tiroir/.config/discord/0.0.34/modules/pending/discord_voice-1.zip: 82%
2023-11-12T22:15:40.306Z [Modules] Streaming discord_voice@1 to /home/tiroir/.config/discord/0.0.34/modules/pending/discord_voice-1.zip: 83%
2023-11-12T22:15:40.344Z [Modules] Streaming discord_voice@1 to /home/tiroir/.config/discord/0.0.34/modules/pending/discord_voice-1.zip: 84%
2023-11-12T22:15:40.373Z [Modules] Streaming discord_voice@1 to /home/tiroir/.config/discord/0.0.34/modules/pending/discord_voice-1.zip: 85%
2023-11-12T22:15:40.402Z [Modules] Streaming discord_voice@1 to /home/tiroir/.config/discord/0.0.34/modules/pending/discord_voice-1.zip: 86%
2023-11-12T22:15:40.428Z [Modules] Streaming discord_voice@1 to /home/tiroir/.config/discord/0.0.34/modules/pending/discord_voice-1.zip: 87%
2023-11-12T22:15:40.468Z [Modules] Streaming discord_voice@1 to /home/tiroir/.config/discord/0.0.34/modules/pending/discord_voice-1.zip: 88%
2023-11-12T22:15:40.495Z [Modules] Streaming discord_voice@1 to /home/tiroir/.config/discord/0.0.34/modules/pending/discord_voice-1.zip: 89%
2023-11-12T22:15:40.553Z [Modules] Streaming discord_voice@1 to /home/tiroir/.config/discord/0.0.34/modules/pending/discord_voice-1.zip: 90%
2023-11-12T22:15:40.583Z [Modules] Streaming discord_voice@1 to /home/tiroir/.config/discord/0.0.34/modules/pending/discord_voice-1.zip: 91%
2023-11-12T22:15:40.606Z [Modules] Streaming discord_voice@1 to /home/tiroir/.config/discord/0.0.34/modules/pending/discord_voice-1.zip: 92%
2023-11-12T22:15:40.635Z [Modules] Streaming discord_voice@1 to /home/tiroir/.config/discord/0.0.34/modules/pending/discord_voice-1.zip: 93%
2023-11-12T22:15:40.723Z [Modules] Streaming discord_voice@1 to /home/tiroir/.config/discord/0.0.34/modules/pending/discord_voice-1.zip: 94%
2023-11-12T22:15:40.763Z [Modules] Streaming discord_voice@1 to /home/tiroir/.config/discord/0.0.34/modules/pending/discord_voice-1.zip: 95%
2023-11-12T22:15:40.798Z [Modules] Streaming discord_voice@1 to /home/tiroir/.config/discord/0.0.34/modules/pending/discord_voice-1.zip: 96%
2023-11-12T22:15:40.849Z [Modules] Streaming discord_voice@1 to /home/tiroir/.config/discord/0.0.34/modules/pending/discord_voice-1.zip: 97%
2023-11-12T22:15:40.880Z [Modules] Streaming discord_voice@1 to /home/tiroir/.config/discord/0.0.34/modules/pending/discord_voice-1.zip: 98%
2023-11-12T22:15:40.935Z [Modules] Streaming discord_voice@1 to /home/tiroir/.config/discord/0.0.34/modules/pending/discord_voice-1.zip: 99%
2023-11-12T22:15:40.959Z [Modules] Streaming discord_voice@1 to /home/tiroir/.config/discord/0.0.34/modules/pending/discord_voice-1.zip: 100%
2023-11-12T22:15:40.961Z [Modules] Finished module downloads. [success: 5] [failure: 0]
2023-11-12T22:15:40.961Z [Modules] Installing updates...
2023-11-12T22:15:40.962Z [Modules] Installing discord_desktop_core@1 from /home/tiroir/.config/discord/0.0.34/modules/pending/discord_desktop_core-1.zip
2023-11-12T22:15:41.008Z [Modules] Installing discord_erlpack@1 from /home/tiroir/.config/discord/0.0.34/modules/pending/discord_erlpack-1.zip
2023-11-12T22:15:41.045Z [Modules] Installing discord_spellcheck@1 from /home/tiroir/.config/discord/0.0.34/modules/pending/discord_spellcheck-1.zip
2023-11-12T22:15:41.408Z [Modules] Installing discord_utils@1 from /home/tiroir/.config/discord/0.0.34/modules/pending/discord_utils-1.zip
2023-11-12T22:15:41.519Z [Modules] Installing discord_voice@1 from /home/tiroir/.config/discord/0.0.34/modules/pending/discord_voice-1.zip
2023-11-12T22:15:41.908Z [Modules] Finished module installations. [success: 5] [failure: 0]
2023-11-12T22:15:41.908Z [Modules] Checking for host updates.
2023-11-12T22:15:42.282Z [Modules] Host is up to date.
2023-11-12T22:15:42.282Z [Modules] Checking for module updates at https://discord.com/api/modules/stable/versions.json
2023-11-12T22:15:42.287Z [Modules] No module updates available.
2023-11-12T22:15:43.870Z [Modules] Starting to install discord_krisp...
2023-11-12T22:15:43.871Z [Modules] Fetching discord_krisp@1 from https://discord.com/api/modules/stable/discord_krisp/1
2023-11-12T22:15:43.871Z [Modules] Streaming discord_krisp@1 to /home/tiroir/.config/discord/0.0.34/modules/pending/discord_krisp-1.zip
2023-11-12T22:15:43.875Z [Modules] Starting to install discord_game_utils...
2023-11-12T22:15:44.237Z [Modules] Streaming discord_krisp@1 to /home/tiroir/.config/discord/0.0.34/modules/pending/discord_krisp-1.zip: 1%
2023-11-12T22:15:44.272Z [Modules] Streaming discord_krisp@1 to /home/tiroir/.config/discord/0.0.34/modules/pending/discord_krisp-1.zip: 2%
2023-11-12T22:15:44.318Z [Modules] Streaming discord_krisp@1 to /home/tiroir/.config/discord/0.0.34/modules/pending/discord_krisp-1.zip: 3%
2023-11-12T22:15:44.355Z [Modules] Streaming discord_krisp@1 to /home/tiroir/.config/discord/0.0.34/modules/pending/discord_krisp-1.zip: 4%
2023-11-12T22:15:44.384Z [Modules] Streaming discord_krisp@1 to /home/tiroir/.config/discord/0.0.34/modules/pending/discord_krisp-1.zip: 5%
2023-11-12T22:15:44.414Z [Modules] Streaming discord_krisp@1 to /home/tiroir/.config/discord/0.0.34/modules/pending/discord_krisp-1.zip: 6%
2023-11-12T22:15:44.453Z [Modules] Streaming discord_krisp@1 to /home/tiroir/.config/discord/0.0.34/modules/pending/discord_krisp-1.zip: 7%
2023-11-12T22:15:44.497Z [Modules] Streaming discord_krisp@1 to /home/tiroir/.config/discord/0.0.34/modules/pending/discord_krisp-1.zip: 8%
2023-11-12T22:15:44.549Z [Modules] Streaming discord_krisp@1 to /home/tiroir/.config/discord/0.0.34/modules/pending/discord_krisp-1.zip: 9%
2023-11-12T22:15:44.580Z [Modules] Streaming discord_krisp@1 to /home/tiroir/.config/discord/0.0.34/modules/pending/discord_krisp-1.zip: 10%
2023-11-12T22:15:44.614Z [Modules] Streaming discord_krisp@1 to /home/tiroir/.config/discord/0.0.34/modules/pending/discord_krisp-1.zip: 11%
2023-11-12T22:15:44.646Z [Modules] Streaming discord_krisp@1 to /home/tiroir/.config/discord/0.0.34/modules/pending/discord_krisp-1.zip: 12%
2023-11-12T22:15:44.681Z [Modules] Streaming discord_krisp@1 to /home/tiroir/.config/discord/0.0.34/modules/pending/discord_krisp-1.zip: 13%
2023-11-12T22:15:44.767Z [Modules] Streaming discord_krisp@1 to /home/tiroir/.config/discord/0.0.34/modules/pending/discord_krisp-1.zip: 14%
2023-11-12T22:15:44.806Z [Modules] Streaming discord_krisp@1 to /home/tiroir/.config/discord/0.0.34/modules/pending/discord_krisp-1.zip: 15%
2023-11-12T22:15:44.844Z [Modules] Streaming discord_krisp@1 to /home/tiroir/.config/discord/0.0.34/modules/pending/discord_krisp-1.zip: 16%
2023-11-12T22:15:44.879Z [Modules] Streaming discord_krisp@1 to /home/tiroir/.config/discord/0.0.34/modules/pending/discord_krisp-1.zip: 17%
2023-11-12T22:15:44.914Z [Modules] Streaming discord_krisp@1 to /home/tiroir/.config/discord/0.0.34/modules/pending/discord_krisp-1.zip: 18%
2023-11-12T22:15:44.954Z [Modules] Streaming discord_krisp@1 to /home/tiroir/.config/discord/0.0.34/modules/pending/discord_krisp-1.zip: 19%
2023-11-12T22:15:44.997Z [Modules] Streaming discord_krisp@1 to /home/tiroir/.config/discord/0.0.34/modules/pending/discord_krisp-1.zip: 20%
2023-11-12T22:15:45.032Z [Modules] Streaming discord_krisp@1 to /home/tiroir/.config/discord/0.0.34/modules/pending/discord_krisp-1.zip: 21%
2023-11-12T22:15:45.069Z [Modules] Streaming discord_krisp@1 to /home/tiroir/.config/discord/0.0.34/modules/pending/discord_krisp-1.zip: 22%
2023-11-12T22:15:45.096Z [Modules] Streaming discord_krisp@1 to /home/tiroir/.config/discord/0.0.34/modules/pending/discord_krisp-1.zip: 23%
2023-11-12T22:15:45.133Z [Modules] Streaming discord_krisp@1 to /home/tiroir/.config/discord/0.0.34/modules/pending/discord_krisp-1.zip: 24%
2023-11-12T22:15:45.169Z [Modules] Streaming discord_krisp@1 to /home/tiroir/.config/discord/0.0.34/modules/pending/discord_krisp-1.zip: 25%
2023-11-12T22:15:45.227Z [Modules] Streaming discord_krisp@1 to /home/tiroir/.config/discord/0.0.34/modules/pending/discord_krisp-1.zip: 26%
2023-11-12T22:15:45.274Z [Modules] Streaming discord_krisp@1 to /home/tiroir/.config/discord/0.0.34/modules/pending/discord_krisp-1.zip: 27%
2023-11-12T22:15:45.326Z [Modules] Streaming discord_krisp@1 to /home/tiroir/.config/discord/0.0.34/modules/pending/discord_krisp-1.zip: 28%
2023-11-12T22:15:45.364Z [Modules] Streaming discord_krisp@1 to /home/tiroir/.config/discord/0.0.34/modules/pending/discord_krisp-1.zip: 29%
2023-11-12T22:15:45.395Z [Modules] Streaming discord_krisp@1 to /home/tiroir/.config/discord/0.0.34/modules/pending/discord_krisp-1.zip: 30%
2023-11-12T22:15:45.447Z [Modules] Streaming discord_krisp@1 to /home/tiroir/.config/discord/0.0.34/modules/pending/discord_krisp-1.zip: 31%
2023-11-12T22:15:45.484Z [Modules] Streaming discord_krisp@1 to /home/tiroir/.config/discord/0.0.34/modules/pending/discord_krisp-1.zip: 32%
2023-11-12T22:15:45.547Z [Modules] Streaming discord_krisp@1 to /home/tiroir/.config/discord/0.0.34/modules/pending/discord_krisp-1.zip: 33%
2023-11-12T22:15:45.596Z [Modules] Streaming discord_krisp@1 to /home/tiroir/.config/discord/0.0.34/modules/pending/discord_krisp-1.zip: 34%
2023-11-12T22:15:45.631Z [Modules] Streaming discord_krisp@1 to /home/tiroir/.config/discord/0.0.34/modules/pending/discord_krisp-1.zip: 35%
2023-11-12T22:15:45.671Z [Modules] Streaming discord_krisp@1 to /home/tiroir/.config/discord/0.0.34/modules/pending/discord_krisp-1.zip: 36%
2023-11-12T22:15:45.708Z [Modules] Streaming discord_krisp@1 to /home/tiroir/.config/discord/0.0.34/modules/pending/discord_krisp-1.zip: 37%
2023-11-12T22:15:45.759Z [Modules] Streaming discord_krisp@1 to /home/tiroir/.config/discord/0.0.34/modules/pending/discord_krisp-1.zip: 38%
2023-11-12T22:15:45.821Z [Modules] Streaming discord_krisp@1 to /home/tiroir/.config/discord/0.0.34/modules/pending/discord_krisp-1.zip: 39%
2023-11-12T22:15:45.848Z [Modules] Streaming discord_krisp@1 to /home/tiroir/.config/discord/0.0.34/modules/pending/discord_krisp-1.zip: 40%
2023-11-12T22:15:45.880Z [Modules] Streaming discord_krisp@1 to /home/tiroir/.config/discord/0.0.34/modules/pending/discord_krisp-1.zip: 41%
2023-11-12T22:15:45.912Z [Modules] Checking for host updates.
2023-11-12T22:15:45.918Z [Modules] Streaming discord_krisp@1 to /home/tiroir/.config/discord/0.0.34/modules/pending/discord_krisp-1.zip: 42%
2023-11-12T22:15:45.960Z [Modules] Starting to install discord_rpc...
2023-11-12T22:15:46.103Z [Modules] Host is up to date.
2023-11-12T22:15:46.103Z [Modules] Checking for module updates at https://discord.com/api/modules/stable/versions.json
2023-11-12T22:15:46.104Z [Modules] No module updates available.
2023-11-12T22:15:46.139Z [Modules] Streaming discord_krisp@1 to /home/tiroir/.config/discord/0.0.34/modules/pending/discord_krisp-1.zip: 43%
2023-11-12T22:15:46.139Z [Modules] Streaming discord_krisp@1 to /home/tiroir/.config/discord/0.0.34/modules/pending/discord_krisp-1.zip: 44%
2023-11-12T22:15:46.139Z [Modules] Streaming discord_krisp@1 to /home/tiroir/.config/discord/0.0.34/modules/pending/discord_krisp-1.zip: 45%
2023-11-12T22:15:46.140Z [Modules] Streaming discord_krisp@1 to /home/tiroir/.config/discord/0.0.34/modules/pending/discord_krisp-1.zip: 46%
2023-11-12T22:15:46.203Z [Modules] Streaming discord_krisp@1 to /home/tiroir/.config/discord/0.0.34/modules/pending/discord_krisp-1.zip: 47%
2023-11-12T22:15:46.251Z [Modules] Streaming discord_krisp@1 to /home/tiroir/.config/discord/0.0.34/modules/pending/discord_krisp-1.zip: 48%
2023-11-12T22:15:46.267Z [Modules] Streaming discord_krisp@1 to /home/tiroir/.config/discord/0.0.34/modules/pending/discord_krisp-1.zip: 49%
2023-11-12T22:15:46.298Z [Modules] Streaming discord_krisp@1 to /home/tiroir/.config/discord/0.0.34/modules/pending/discord_krisp-1.zip: 50%
2023-11-12T22:15:46.340Z [Modules] Streaming discord_krisp@1 to /home/tiroir/.config/discord/0.0.34/modules/pending/discord_krisp-1.zip: 51%
2023-11-12T22:15:46.379Z [Modules] Streaming discord_krisp@1 to /home/tiroir/.config/discord/0.0.34/modules/pending/discord_krisp-1.zip: 52%
2023-11-12T22:15:46.418Z [Modules] Streaming discord_krisp@1 to /home/tiroir/.config/discord/0.0.34/modules/pending/discord_krisp-1.zip: 53%
2023-11-12T22:15:46.445Z [Modules] Streaming discord_krisp@1 to /home/tiroir/.config/discord/0.0.34/modules/pending/discord_krisp-1.zip: 54%
2023-11-12T22:15:46.481Z [Modules] Streaming discord_krisp@1 to /home/tiroir/.config/discord/0.0.34/modules/pending/discord_krisp-1.zip: 55%
2023-11-12T22:15:46.516Z [Modules] Streaming discord_krisp@1 to /home/tiroir/.config/discord/0.0.34/modules/pending/discord_krisp-1.zip: 56%
2023-11-12T22:15:46.563Z [Modules] Streaming discord_krisp@1 to /home/tiroir/.config/discord/0.0.34/modules/pending/discord_krisp-1.zip: 57%
2023-11-12T22:15:46.599Z [Modules] Streaming discord_krisp@1 to /home/tiroir/.config/discord/0.0.34/modules/pending/discord_krisp-1.zip: 58%
2023-11-12T22:15:46.642Z [Modules] Streaming discord_krisp@1 to /home/tiroir/.config/discord/0.0.34/modules/pending/discord_krisp-1.zip: 59%
2023-11-12T22:15:46.668Z [Modules] Streaming discord_krisp@1 to /home/tiroir/.config/discord/0.0.34/modules/pending/discord_krisp-1.zip: 60%
2023-11-12T22:15:46.701Z [Modules] Streaming discord_krisp@1 to /home/tiroir/.config/discord/0.0.34/modules/pending/discord_krisp-1.zip: 61%
2023-11-12T22:15:46.733Z [Modules] Streaming discord_krisp@1 to /home/tiroir/.config/discord/0.0.34/modules/pending/discord_krisp-1.zip: 62%
2023-11-12T22:15:46.773Z [Modules] Streaming discord_krisp@1 to /home/tiroir/.config/discord/0.0.34/modules/pending/discord_krisp-1.zip: 63%
2023-11-12T22:15:46.803Z [Modules] Streaming discord_krisp@1 to /home/tiroir/.config/discord/0.0.34/modules/pending/discord_krisp-1.zip: 64%
2023-11-12T22:15:46.844Z [Modules] Streaming discord_krisp@1 to /home/tiroir/.config/discord/0.0.34/modules/pending/discord_krisp-1.zip: 65%
2023-11-12T22:15:46.874Z [Modules] Streaming discord_krisp@1 to /home/tiroir/.config/discord/0.0.34/modules/pending/discord_krisp-1.zip: 66%
2023-11-12T22:15:46.909Z [Modules] Streaming discord_krisp@1 to /home/tiroir/.config/discord/0.0.34/modules/pending/discord_krisp-1.zip: 67%
2023-11-12T22:15:46.943Z [Modules] Streaming discord_krisp@1 to /home/tiroir/.config/discord/0.0.34/modules/pending/discord_krisp-1.zip: 68%
2023-11-12T22:15:46.973Z [Modules] Streaming discord_krisp@1 to /home/tiroir/.config/discord/0.0.34/modules/pending/discord_krisp-1.zip: 69%
2023-11-12T22:15:47.006Z [Modules] Streaming discord_krisp@1 to /home/tiroir/.config/discord/0.0.34/modules/pending/discord_krisp-1.zip: 70%
2023-11-12T22:15:47.043Z [Modules] Streaming discord_krisp@1 to /home/tiroir/.config/discord/0.0.34/modules/pending/discord_krisp-1.zip: 71%
2023-11-12T22:15:47.091Z [Modules] Streaming discord_krisp@1 to /home/tiroir/.config/discord/0.0.34/modules/pending/discord_krisp-1.zip: 72%
2023-11-12T22:15:47.126Z [Modules] Streaming discord_krisp@1 to /home/tiroir/.config/discord/0.0.34/modules/pending/discord_krisp-1.zip: 73%
2023-11-12T22:15:47.158Z [Modules] Streaming discord_krisp@1 to /home/tiroir/.config/discord/0.0.34/modules/pending/discord_krisp-1.zip: 74%
2023-11-12T22:15:47.194Z [Modules] Streaming discord_krisp@1 to /home/tiroir/.config/discord/0.0.34/modules/pending/discord_krisp-1.zip: 75%
2023-11-12T22:15:47.222Z [Modules] Streaming discord_krisp@1 to /home/tiroir/.config/discord/0.0.34/modules/pending/discord_krisp-1.zip: 76%
2023-11-12T22:15:47.267Z [Modules] Streaming discord_krisp@1 to /home/tiroir/.config/discord/0.0.34/modules/pending/discord_krisp-1.zip: 77%
2023-11-12T22:15:47.315Z [Modules] Streaming discord_krisp@1 to /home/tiroir/.config/discord/0.0.34/modules/pending/discord_krisp-1.zip: 78%
2023-11-12T22:15:47.358Z [Modules] Streaming discord_krisp@1 to /home/tiroir/.config/discord/0.0.34/modules/pending/discord_krisp-1.zip: 79%
2023-11-12T22:15:47.386Z [Modules] Streaming discord_krisp@1 to /home/tiroir/.config/discord/0.0.34/modules/pending/discord_krisp-1.zip: 80%
2023-11-12T22:15:47.425Z [Modules] Streaming discord_krisp@1 to /home/tiroir/.config/discord/0.0.34/modules/pending/discord_krisp-1.zip: 81%
2023-11-12T22:15:47.461Z [Modules] Streaming discord_krisp@1 to /home/tiroir/.config/discord/0.0.34/modules/pending/discord_krisp-1.zip: 82%
2023-11-12T22:15:47.503Z [Modules] Streaming discord_krisp@1 to /home/tiroir/.config/discord/0.0.34/modules/pending/discord_krisp-1.zip: 83%
2023-11-12T22:15:47.534Z [Modules] Streaming discord_krisp@1 to /home/tiroir/.config/discord/0.0.34/modules/pending/discord_krisp-1.zip: 84%
2023-11-12T22:15:47.586Z [Modules] Streaming discord_krisp@1 to /home/tiroir/.config/discord/0.0.34/modules/pending/discord_krisp-1.zip: 85%
2023-11-12T22:15:47.616Z [Modules] Streaming discord_krisp@1 to /home/tiroir/.config/discord/0.0.34/modules/pending/discord_krisp-1.zip: 86%
2023-11-12T22:15:47.653Z [Modules] Streaming discord_krisp@1 to /home/tiroir/.config/discord/0.0.34/modules/pending/discord_krisp-1.zip: 87%
2023-11-12T22:15:47.688Z [Modules] Streaming discord_krisp@1 to /home/tiroir/.config/discord/0.0.34/modules/pending/discord_krisp-1.zip: 88%
2023-11-12T22:15:47.725Z [Modules] Streaming discord_krisp@1 to /home/tiroir/.config/discord/0.0.34/modules/pending/discord_krisp-1.zip: 89%
2023-11-12T22:15:47.768Z [Modules] Streaming discord_krisp@1 to /home/tiroir/.config/discord/0.0.34/modules/pending/discord_krisp-1.zip: 90%
2023-11-12T22:15:47.815Z [Modules] Streaming discord_krisp@1 to /home/tiroir/.config/discord/0.0.34/modules/pending/discord_krisp-1.zip: 91%
2023-11-12T22:15:47.842Z [Modules] Streaming discord_krisp@1 to /home/tiroir/.config/discord/0.0.34/modules/pending/discord_krisp-1.zip: 92%
2023-11-12T22:15:47.876Z [Modules] Streaming discord_krisp@1 to /home/tiroir/.config/discord/0.0.34/modules/pending/discord_krisp-1.zip: 93%
2023-11-12T22:15:47.903Z [Modules] Streaming discord_krisp@1 to /home/tiroir/.config/discord/0.0.34/modules/pending/discord_krisp-1.zip: 94%
2023-11-12T22:15:47.940Z [Modules] Streaming discord_krisp@1 to /home/tiroir/.config/discord/0.0.34/modules/pending/discord_krisp-1.zip: 95%
2023-11-12T22:15:47.978Z [Modules] Streaming discord_krisp@1 to /home/tiroir/.config/discord/0.0.34/modules/pending/discord_krisp-1.zip: 96%
2023-11-12T22:15:48.005Z [Modules] Streaming discord_krisp@1 to /home/tiroir/.config/discord/0.0.34/modules/pending/discord_krisp-1.zip: 97%
2023-11-12T22:15:48.046Z [Modules] Streaming discord_krisp@1 to /home/tiroir/.config/discord/0.0.34/modules/pending/discord_krisp-1.zip: 98%
2023-11-12T22:15:48.079Z [Modules] Streaming discord_krisp@1 to /home/tiroir/.config/discord/0.0.34/modules/pending/discord_krisp-1.zip: 99%
2023-11-12T22:15:48.118Z [Modules] Streaming discord_krisp@1 to /home/tiroir/.config/discord/0.0.34/modules/pending/discord_krisp-1.zip: 100%
2023-11-12T22:15:48.122Z [Modules] Fetching discord_game_utils@1 from https://discord.com/api/modules/stable/discord_game_utils/1
2023-11-12T22:15:48.122Z [Modules] Streaming discord_game_utils@1 to /home/tiroir/.config/discord/0.0.34/modules/pending/discord_game_utils-1.zip
2023-11-12T22:15:48.123Z [Modules] Installing discord_krisp@1 from /home/tiroir/.config/discord/0.0.34/modules/pending/discord_krisp-1.zip
2023-11-12T22:15:48.361Z [Modules] Streaming discord_game_utils@1 to /home/tiroir/.config/discord/0.0.34/modules/pending/discord_game_utils-1.zip: 1%
2023-11-12T22:15:48.367Z [Modules] Finished module installations. [success: 1] [failure: 0]
2023-11-12T22:15:48.376Z [Modules] Streaming discord_game_utils@1 to /home/tiroir/.config/discord/0.0.34/modules/pending/discord_game_utils-1.zip: 3%
2023-11-12T22:15:48.386Z [Modules] Streaming discord_game_utils@1 to /home/tiroir/.config/discord/0.0.34/modules/pending/discord_game_utils-1.zip: 5%
2023-11-12T22:15:48.392Z [Modules] Streaming discord_game_utils@1 to /home/tiroir/.config/discord/0.0.34/modules/pending/discord_game_utils-1.zip: 7%
2023-11-12T22:15:48.395Z [Modules] Streaming discord_game_utils@1 to /home/tiroir/.config/discord/0.0.34/modules/pending/discord_game_utils-1.zip: 8%
2023-11-12T22:15:48.399Z [Modules] Streaming discord_game_utils@1 to /home/tiroir/.config/discord/0.0.34/modules/pending/discord_game_utils-1.zip: 9%
2023-11-12T22:15:48.408Z [Modules] Streaming discord_game_utils@1 to /home/tiroir/.config/discord/0.0.34/modules/pending/discord_game_utils-1.zip: 11%
2023-11-12T22:15:48.418Z [Modules] Streaming discord_game_utils@1 to /home/tiroir/.config/discord/0.0.34/modules/pending/discord_game_utils-1.zip: 13%
2023-11-12T22:15:48.424Z [Modules] Streaming discord_game_utils@1 to /home/tiroir/.config/discord/0.0.34/modules/pending/discord_game_utils-1.zip: 14%
2023-11-12T22:15:48.427Z [Modules] Streaming discord_game_utils@1 to /home/tiroir/.config/discord/0.0.34/modules/pending/discord_game_utils-1.zip: 16%
2023-11-12T22:15:48.431Z [Modules] Streaming discord_game_utils@1 to /home/tiroir/.config/discord/0.0.34/modules/pending/discord_game_utils-1.zip: 17%
2023-11-12T22:15:48.433Z [Modules] Streaming discord_game_utils@1 to /home/tiroir/.config/discord/0.0.34/modules/pending/discord_game_utils-1.zip: 18%
2023-11-12T22:15:48.439Z [Modules] Streaming discord_game_utils@1 to /home/tiroir/.config/discord/0.0.34/modules/pending/discord_game_utils-1.zip: 20%
2023-11-12T22:15:48.452Z [Modules] Streaming discord_game_utils@1 to /home/tiroir/.config/discord/0.0.34/modules/pending/discord_game_utils-1.zip: 22%
2023-11-12T22:15:48.458Z [Modules] Streaming discord_game_utils@1 to /home/tiroir/.config/discord/0.0.34/modules/pending/discord_game_utils-1.zip: 23%
2023-11-12T22:15:48.467Z [Modules] Streaming discord_game_utils@1 to /home/tiroir/.config/discord/0.0.34/modules/pending/discord_game_utils-1.zip: 25%
2023-11-12T22:15:48.472Z [Modules] Streaming discord_game_utils@1 to /home/tiroir/.config/discord/0.0.34/modules/pending/discord_game_utils-1.zip: 27%
2023-11-12T22:15:48.482Z [Modules] Streaming discord_game_utils@1 to /home/tiroir/.config/discord/0.0.34/modules/pending/discord_game_utils-1.zip: 29%
2023-11-12T22:15:48.487Z [Modules] Streaming discord_game_utils@1 to /home/tiroir/.config/discord/0.0.34/modules/pending/discord_game_utils-1.zip: 31%
2023-11-12T22:15:48.495Z [Modules] Streaming discord_game_utils@1 to /home/tiroir/.config/discord/0.0.34/modules/pending/discord_game_utils-1.zip: 33%
2023-11-12T22:15:48.501Z [Modules] Streaming discord_game_utils@1 to /home/tiroir/.config/discord/0.0.34/modules/pending/discord_game_utils-1.zip: 35%
2023-11-12T22:15:48.505Z [Modules] Streaming discord_game_utils@1 to /home/tiroir/.config/discord/0.0.34/modules/pending/discord_game_utils-1.zip: 36%
2023-11-12T22:15:48.512Z [Modules] Streaming discord_game_utils@1 to /home/tiroir/.config/discord/0.0.34/modules/pending/discord_game_utils-1.zip: 38%
2023-11-12T22:15:48.520Z [Modules] Streaming discord_game_utils@1 to /home/tiroir/.config/discord/0.0.34/modules/pending/discord_game_utils-1.zip: 40%
2023-11-12T22:15:48.532Z [Modules] Streaming discord_game_utils@1 to /home/tiroir/.config/discord/0.0.34/modules/pending/discord_game_utils-1.zip: 42%
2023-11-12T22:15:48.541Z [Modules] Streaming discord_game_utils@1 to /home/tiroir/.config/discord/0.0.34/modules/pending/discord_game_utils-1.zip: 44%
2023-11-12T22:15:48.552Z [Modules] Streaming discord_game_utils@1 to /home/tiroir/.config/discord/0.0.34/modules/pending/discord_game_utils-1.zip: 46%
2023-11-12T22:15:48.558Z [Modules] Streaming discord_game_utils@1 to /home/tiroir/.config/discord/0.0.34/modules/pending/discord_game_utils-1.zip: 48%
2023-11-12T22:15:48.561Z [Modules] Streaming discord_game_utils@1 to /home/tiroir/.config/discord/0.0.34/modules/pending/discord_game_utils-1.zip: 49%
2023-11-12T22:15:48.564Z [Modules] Streaming discord_game_utils@1 to /home/tiroir/.config/discord/0.0.34/modules/pending/discord_game_utils-1.zip: 50%
2023-11-12T22:15:48.591Z [Modules] Streaming discord_game_utils@1 to /home/tiroir/.config/discord/0.0.34/modules/pending/discord_game_utils-1.zip: 52%
2023-11-12T22:15:48.596Z [Modules] Streaming discord_game_utils@1 to /home/tiroir/.config/discord/0.0.34/modules/pending/discord_game_utils-1.zip: 54%
2023-11-12T22:15:48.599Z [Modules] Streaming discord_game_utils@1 to /home/tiroir/.config/discord/0.0.34/modules/pending/discord_game_utils-1.zip: 55%
2023-11-12T22:15:48.603Z [Modules] Streaming discord_game_utils@1 to /home/tiroir/.config/discord/0.0.34/modules/pending/discord_game_utils-1.zip: 56%
2023-11-12T22:15:48.606Z [Modules] Streaming discord_game_utils@1 to /home/tiroir/.config/discord/0.0.34/modules/pending/discord_game_utils-1.zip: 57%
2023-11-12T22:15:48.613Z [Modules] Streaming discord_game_utils@1 to /home/tiroir/.config/discord/0.0.34/modules/pending/discord_game_utils-1.zip: 59%
2023-11-12T22:15:48.621Z [Modules] Streaming discord_game_utils@1 to /home/tiroir/.config/discord/0.0.34/modules/pending/discord_game_utils-1.zip: 61%
2023-11-12T22:15:48.635Z [Modules] Streaming discord_game_utils@1 to /home/tiroir/.config/discord/0.0.34/modules/pending/discord_game_utils-1.zip: 63%
2023-11-12T22:15:48.637Z [Modules] Streaming discord_game_utils@1 to /home/tiroir/.config/discord/0.0.34/modules/pending/discord_game_utils-1.zip: 64%
2023-11-12T22:15:48.641Z [Modules] Streaming discord_game_utils@1 to /home/tiroir/.config/discord/0.0.34/modules/pending/discord_game_utils-1.zip: 65%
2023-11-12T22:15:48.644Z [Modules] Streaming discord_game_utils@1 to /home/tiroir/.config/discord/0.0.34/modules/pending/discord_game_utils-1.zip: 66%
2023-11-12T22:15:48.656Z [Modules] Streaming discord_game_utils@1 to /home/tiroir/.config/discord/0.0.34/modules/pending/discord_game_utils-1.zip: 68%
2023-11-12T22:15:48.701Z [Modules] Streaming discord_game_utils@1 to /home/tiroir/.config/discord/0.0.34/modules/pending/discord_game_utils-1.zip: 69%
2023-11-12T22:15:48.703Z [Modules] Streaming discord_game_utils@1 to /home/tiroir/.config/discord/0.0.34/modules/pending/discord_game_utils-1.zip: 70%
2023-11-12T22:15:48.716Z [Modules] Streaming discord_game_utils@1 to /home/tiroir/.config/discord/0.0.34/modules/pending/discord_game_utils-1.zip: 72%
2023-11-12T22:15:48.725Z [Modules] Streaming discord_game_utils@1 to /home/tiroir/.config/discord/0.0.34/modules/pending/discord_game_utils-1.zip: 74%
2023-11-12T22:15:48.730Z [Modules] Streaming discord_game_utils@1 to /home/tiroir/.config/discord/0.0.34/modules/pending/discord_game_utils-1.zip: 75%
2023-11-12T22:15:48.754Z [Modules] Streaming discord_game_utils@1 to /home/tiroir/.config/discord/0.0.34/modules/pending/discord_game_utils-1.zip: 76%
2023-11-12T22:15:48.759Z [Modules] Streaming discord_game_utils@1 to /home/tiroir/.config/discord/0.0.34/modules/pending/discord_game_utils-1.zip: 77%
2023-11-12T22:15:48.761Z [Modules] Streaming discord_game_utils@1 to /home/tiroir/.config/discord/0.0.34/modules/pending/discord_game_utils-1.zip: 78%
2023-11-12T22:15:48.768Z [Modules] Streaming discord_game_utils@1 to /home/tiroir/.config/discord/0.0.34/modules/pending/discord_game_utils-1.zip: 80%
2023-11-12T22:15:48.774Z [Modules] Streaming discord_game_utils@1 to /home/tiroir/.config/discord/0.0.34/modules/pending/discord_game_utils-1.zip: 82%
2023-11-12T22:15:48.777Z [Modules] Streaming discord_game_utils@1 to /home/tiroir/.config/discord/0.0.34/modules/pending/discord_game_utils-1.zip: 83%
2023-11-12T22:15:48.780Z [Modules] Streaming discord_game_utils@1 to /home/tiroir/.config/discord/0.0.34/modules/pending/discord_game_utils-1.zip: 84%
2023-11-12T22:15:48.783Z [Modules] Streaming discord_game_utils@1 to /home/tiroir/.config/discord/0.0.34/modules/pending/discord_game_utils-1.zip: 85%
2023-11-12T22:15:48.792Z [Modules] Streaming discord_game_utils@1 to /home/tiroir/.config/discord/0.0.34/modules/pending/discord_game_utils-1.zip: 87%
2023-11-12T22:15:48.799Z [Modules] Streaming discord_game_utils@1 to /home/tiroir/.config/discord/0.0.34/modules/pending/discord_game_utils-1.zip: 88%
2023-11-12T22:15:48.801Z [Modules] Streaming discord_game_utils@1 to /home/tiroir/.config/discord/0.0.34/modules/pending/discord_game_utils-1.zip: 90%
2023-11-12T22:15:48.808Z [Modules] Streaming discord_game_utils@1 to /home/tiroir/.config/discord/0.0.34/modules/pending/discord_game_utils-1.zip: 92%
2023-11-12T22:15:48.814Z [Modules] Streaming discord_game_utils@1 to /home/tiroir/.config/discord/0.0.34/modules/pending/discord_game_utils-1.zip: 94%
2023-11-12T22:15:48.820Z [Modules] Streaming discord_game_utils@1 to /home/tiroir/.config/discord/0.0.34/modules/pending/discord_game_utils-1.zip: 96%
2023-11-12T22:15:48.829Z [Modules] Streaming discord_game_utils@1 to /home/tiroir/.config/discord/0.0.34/modules/pending/discord_game_utils-1.zip: 98%
2023-11-12T22:15:48.834Z [Modules] Streaming discord_game_utils@1 to /home/tiroir/.config/discord/0.0.34/modules/pending/discord_game_utils-1.zip: 100%
2023-11-12T22:15:48.836Z [Modules] Fetching discord_rpc@1 from https://discord.com/api/modules/stable/discord_rpc/1
2023-11-12T22:15:48.836Z [Modules] Streaming discord_rpc@1 to /home/tiroir/.config/discord/0.0.34/modules/pending/discord_rpc-1.zip
2023-11-12T22:15:48.837Z [Modules] Installing discord_game_utils@1 from /home/tiroir/.config/discord/0.0.34/modules/pending/discord_game_utils-1.zip
2023-11-12T22:15:48.894Z [Modules] Finished module installations. [success: 1] [failure: 0]
2023-11-12T22:15:49.097Z [Modules] Streaming discord_rpc@1 to /home/tiroir/.config/discord/0.0.34/modules/pending/discord_rpc-1.zip: 100%
2023-11-12T22:15:49.099Z [Modules] Finished module downloads. [success: 3] [failure: 0]
2023-11-12T22:15:49.100Z [Modules] Installing discord_rpc@1 from /home/tiroir/.config/discord/0.0.34/modules/pending/discord_rpc-1.zip
2023-11-12T22:15:49.119Z [Modules] Finished module installations. [success: 1] [failure: 0]
2023-11-13T09:45:47.558Z [Modules] Modules initializing
2023-11-13T09:45:47.558Z [Modules] Distribution: remote
2023-11-13T09:45:47.558Z [Modules] Host updates: enabled
2023-11-13T09:45:47.558Z [Modules] Module updates: enabled
2023-11-13T09:45:47.558Z [Modules] Module install path: /home/tiroir/.config/discord/0.0.34/modules
2023-11-13T09:45:47.558Z [Modules] Module installed file path: /home/tiroir/.config/discord/0.0.34/modules/installed.json
2023-11-13T09:45:47.558Z [Modules] Module download path: /home/tiroir/.config/discord/0.0.34/modules/pending
2023-11-13T09:45:47.916Z [Modules] No updates to install
2023-11-13T09:45:47.916Z [Modules] Checking for host updates.
2023-11-13T09:45:47.937Z [Modules] Host update failed: Error: getaddrinfo EAI_AGAIN discord.com
2023-11-13T09:45:57.940Z [Modules] Checking for host updates.
2023-11-13T09:45:57.950Z [Modules] Host update failed: Error: getaddrinfo EAI_AGAIN discord.com
2023-11-13T09:46:17.967Z [Modules] Checking for host updates.
2023-11-13T09:46:17.976Z [Modules] Host update failed: Error: getaddrinfo EAI_AGAIN discord.com
2023-11-13T16:40:15.700Z [Modules] Modules initializing
2023-11-13T16:40:15.700Z [Modules] Distribution: remote
2023-11-13T16:40:15.701Z [Modules] Host updates: enabled
2023-11-13T16:40:15.701Z [Modules] Module updates: enabled
2023-11-13T16:40:15.701Z [Modules] Module install path: /home/tiroir/.config/discord/0.0.34/modules
2023-11-13T16:40:15.701Z [Modules] Module installed file path: /home/tiroir/.config/discord/0.0.34/modules/installed.json
2023-11-13T16:40:15.701Z [Modules] Module download path: /home/tiroir/.config/discord/0.0.34/modules/pending
2023-11-13T16:40:16.073Z [Modules] No updates to install
2023-11-13T16:40:16.074Z [Modules] Checking for host updates.
2023-11-13T16:40:16.292Z [Modules] Host is up to date.
2023-11-13T16:40:16.292Z [Modules] Checking for module updates at https://discord.com/api/modules/stable/versions.json
2023-11-13T16:40:16.336Z [Modules] No module updates available.
2023-11-13T16:40:18.647Z [Modules] Checking for host updates.
2023-11-13T16:40:18.805Z [Modules] Host is up to date.
2023-11-13T16:40:18.805Z [Modules] Checking for module updates at https://discord.com/api/modules/stable/versions.json
2023-11-13T16:40:18.810Z [Modules] No module updates available.
2023-11-13T17:40:18.652Z [Modules] Checking for host updates.
2023-11-13T17:40:18.851Z [Modules] Host is up to date.
2023-11-13T17:40:18.852Z [Modules] Checking for module updates at https://discord.com/api/modules/stable/versions.json
2023-11-13T17:40:18.898Z [Modules] No module updates available.
2023-11-13T18:40:18.652Z [Modules] Checking for host updates.
2023-11-13T18:40:18.864Z [Modules] Host update is available. Manual update required!
2023-11-13T22:19:52.470Z [Modules] Modules initializing
2023-11-13T22:19:52.470Z [Modules] Distribution: remote
2023-11-13T22:19:52.470Z [Modules] Host updates: enabled
2023-11-13T22:19:52.470Z [Modules] Module updates: enabled
2023-11-13T22:19:52.470Z [Modules] Module install path: /home/tiroir/.config/discord/0.0.34/modules
2023-11-13T22:19:52.470Z [Modules] Module installed file path: /home/tiroir/.config/discord/0.0.34/modules/installed.json
2023-11-13T22:19:52.470Z [Modules] Module download path: /home/tiroir/.config/discord/0.0.34/modules/pending
2023-11-13T22:19:52.805Z [Modules] No updates to install
2023-11-13T22:19:52.806Z [Modules] Checking for host updates.
2023-11-13T22:19:59.240Z [Modules] Host update is available. Manual update required!
2023-11-13T22:21:17.240Z [Modules] Modules initializing
2023-11-13T22:21:17.240Z [Modules] Distribution: remote
2023-11-13T22:21:17.240Z [Modules] Host updates: enabled
2023-11-13T22:21:17.240Z [Modules] Module updates: enabled
2023-11-13T22:21:17.241Z [Modules] Module install path: /home/tiroir/.config/discord/0.0.34/modules
2023-11-13T22:21:17.241Z [Modules] Module installed file path: /home/tiroir/.config/discord/0.0.34/modules/installed.json
2023-11-13T22:21:17.241Z [Modules] Module download path: /home/tiroir/.config/discord/0.0.34/modules/pending
2023-11-13T22:21:17.603Z [Modules] No updates to install
2023-11-13T22:21:17.603Z [Modules] Checking for host updates.
2023-11-13T22:21:18.091Z [Modules] Host update is available. Manual update required!
2023-11-13T22:28:26.017Z [Modules] Modules initializing
2023-11-13T22:28:26.017Z [Modules] Distribution: remote
2023-11-13T22:28:26.017Z [Modules] Host updates: enabled
2023-11-13T22:28:26.017Z [Modules] Module updates: enabled
2023-11-13T22:28:26.017Z [Modules] Module install path: /home/tiroir/.config/discord/0.0.34/modules
2023-11-13T22:28:26.017Z [Modules] Module installed file path: /home/tiroir/.config/discord/0.0.34/modules/installed.json
2023-11-13T22:28:26.017Z [Modules] Module download path: /home/tiroir/.config/discord/0.0.34/modules/pending
2023-11-13T22:28:26.381Z [Modules] No updates to install
2023-11-13T22:28:26.382Z [Modules] Checking for host updates.
2023-11-13T22:28:32.046Z [Modules] Host update is available. Manual update required!
2023-11-13T22:42:13.635Z [Modules] Modules initializing
2023-11-13T22:42:13.636Z [Modules] Distribution: remote
2023-11-13T22:42:13.636Z [Modules] Host updates: enabled
2023-11-13T22:42:13.636Z [Modules] Module updates: enabled
2023-11-13T22:42:13.636Z [Modules] Module install path: /home/tiroir/.config/discord/0.0.34/modules
2023-11-13T22:42:13.636Z [Modules] Module installed file path: /home/tiroir/.config/discord/0.0.34/modules/installed.json
2023-11-13T22:42:13.636Z [Modules] Module download path: /home/tiroir/.config/discord/0.0.34/modules/pending
2023-11-13T22:42:14.009Z [Modules] No updates to install
2023-11-13T22:42:14.009Z [Modules] Checking for host updates.
2023-11-13T22:42:19.834Z [Modules] Host update is available. Manual update required!
2023-11-13T23:18:23.723Z [Modules] Modules initializing
2023-11-13T23:18:23.723Z [Modules] Distribution: remote
2023-11-13T23:18:23.723Z [Modules] Host updates: enabled
2023-11-13T23:18:23.723Z [Modules] Module updates: enabled
2023-11-13T23:18:23.723Z [Modules] Module install path: /home/tiroir/.config/discord/0.0.35/modules
2023-11-13T23:18:23.723Z [Modules] Module installed file path: /home/tiroir/.config/discord/0.0.35/modules/installed.json
2023-11-13T23:18:23.723Z [Modules] Module download path: /home/tiroir/.config/discord/0.0.35/modules/pending
2023-11-13T23:18:24.102Z [Modules] Bootstrapping...
2023-11-13T23:18:24.102Z [Modules] Installing discord_desktop_core@0 from /home/tiroir/Discord/resources/bootstrap/discord_desktop_core.zip
2023-11-13T23:18:24.103Z [Modules] Failed installing discord_desktop_core@0: Error: ENOENT: no such file or directory, open '/home/tiroir/Discord/resources/bootstrap/discord_desktop_core.zip'
2023-11-13T23:18:24.103Z [Modules] Installing discord_erlpack@0 from /home/tiroir/Discord/resources/bootstrap/discord_erlpack.zip
2023-11-13T23:18:24.104Z [Modules] Failed installing discord_erlpack@0: Error: ENOENT: no such file or directory, open '/home/tiroir/Discord/resources/bootstrap/discord_erlpack.zip'
2023-11-13T23:18:24.104Z [Modules] Installing discord_spellcheck@0 from /home/tiroir/Discord/resources/bootstrap/discord_spellcheck.zip
2023-11-13T23:18:24.105Z [Modules] Failed installing discord_spellcheck@0: Error: ENOENT: no such file or directory, open '/home/tiroir/Discord/resources/bootstrap/discord_spellcheck.zip'
2023-11-13T23:18:24.105Z [Modules] Installing discord_utils@0 from /home/tiroir/Discord/resources/bootstrap/discord_utils.zip
2023-11-13T23:18:24.105Z [Modules] Failed installing discord_utils@0: Error: ENOENT: no such file or directory, open '/home/tiroir/Discord/resources/bootstrap/discord_utils.zip'
2023-11-13T23:18:24.105Z [Modules] Installing discord_voice@0 from /home/tiroir/Discord/resources/bootstrap/discord_voice.zip
2023-11-13T23:18:24.106Z [Modules] Failed installing discord_voice@0: Error: ENOENT: no such file or directory, open '/home/tiroir/Discord/resources/bootstrap/discord_voice.zip'
2023-11-13T23:18:24.106Z [Modules] Finished module installations. [success: 0] [failure: 5]
2023-11-13T23:18:24.106Z [Modules] Checking for host updates.
2023-11-13T23:18:24.813Z [Modules] Host is up to date.
2023-11-13T23:18:24.814Z [Modules] Checking for module updates at https://discord.com/api/modules/stable/versions.json
2023-11-13T23:18:25.060Z [Modules] Module update available: discord_desktop_core@1 [installed: 0]
2023-11-13T23:18:25.060Z [Modules] Module update available: discord_erlpack@1 [installed: 0]
2023-11-13T23:18:25.060Z [Modules] Module update available: discord_spellcheck@1 [installed: 0]
2023-11-13T23:18:25.060Z [Modules] Module update available: discord_utils@1 [installed: 0]
2023-11-13T23:18:25.060Z [Modules] Module update available: discord_voice@1 [installed: 0]
2023-11-13T23:18:25.061Z [Modules] Fetching discord_desktop_core@1 from https://discord.com/api/modules/stable/discord_desktop_core/1
2023-11-13T23:18:25.061Z [Modules] Streaming discord_desktop_core@1 to /home/tiroir/.config/discord/0.0.35/modules/pending/discord_desktop_core-1.zip
2023-11-13T23:18:26.008Z [Modules] Streaming discord_desktop_core@1 to /home/tiroir/.config/discord/0.0.35/modules/pending/discord_desktop_core-1.zip: 1%
2023-11-13T23:18:26.090Z [Modules] Streaming discord_desktop_core@1 to /home/tiroir/.config/discord/0.0.35/modules/pending/discord_desktop_core-1.zip: 2%
2023-11-13T23:18:26.233Z [Modules] Streaming discord_desktop_core@1 to /home/tiroir/.config/discord/0.0.35/modules/pending/discord_desktop_core-1.zip: 3%
2023-11-13T23:18:26.416Z [Modules] Streaming discord_desktop_core@1 to /home/tiroir/.config/discord/0.0.35/modules/pending/discord_desktop_core-1.zip: 4%
2023-11-13T23:18:26.646Z [Modules] Streaming discord_desktop_core@1 to /home/tiroir/.config/discord/0.0.35/modules/pending/discord_desktop_core-1.zip: 5%
2023-11-13T23:18:26.670Z [Modules] Streaming discord_desktop_core@1 to /home/tiroir/.config/discord/0.0.35/modules/pending/discord_desktop_core-1.zip: 6%
2023-11-13T23:18:27.138Z [Modules] Streaming discord_desktop_core@1 to /home/tiroir/.config/discord/0.0.35/modules/pending/discord_desktop_core-1.zip: 7%
2023-11-13T23:18:27.297Z [Modules] Streaming discord_desktop_core@1 to /home/tiroir/.config/discord/0.0.35/modules/pending/discord_desktop_core-1.zip: 8%
2023-11-13T23:18:27.393Z [Modules] Streaming discord_desktop_core@1 to /home/tiroir/.config/discord/0.0.35/modules/pending/discord_desktop_core-1.zip: 9%
2023-11-13T23:18:27.619Z [Modules] Streaming discord_desktop_core@1 to /home/tiroir/.config/discord/0.0.35/modules/pending/discord_desktop_core-1.zip: 10%
2023-11-13T23:18:27.659Z [Modules] Streaming discord_desktop_core@1 to /home/tiroir/.config/discord/0.0.35/modules/pending/discord_desktop_core-1.zip: 11%
2023-11-13T23:18:27.848Z [Modules] Streaming discord_desktop_core@1 to /home/tiroir/.config/discord/0.0.35/modules/pending/discord_desktop_core-1.zip: 12%
2023-11-13T23:18:27.931Z [Modules] Streaming discord_desktop_core@1 to /home/tiroir/.config/discord/0.0.35/modules/pending/discord_desktop_core-1.zip: 13%
2023-11-13T23:18:28.048Z [Modules] Streaming discord_desktop_core@1 to /home/tiroir/.config/discord/0.0.35/modules/pending/discord_desktop_core-1.zip: 14%
2023-11-13T23:18:28.249Z [Modules] Streaming discord_desktop_core@1 to /home/tiroir/.config/discord/0.0.35/modules/pending/discord_desktop_core-1.zip: 15%
2023-11-13T23:18:28.355Z [Modules] Streaming discord_desktop_core@1 to /home/tiroir/.config/discord/0.0.35/modules/pending/discord_desktop_core-1.zip: 16%
2023-11-13T23:18:28.380Z [Modules] Streaming discord_desktop_core@1 to /home/tiroir/.config/discord/0.0.35/modules/pending/discord_desktop_core-1.zip: 17%
2023-11-13T23:18:28.833Z [Modules] Streaming discord_desktop_core@1 to /home/tiroir/.config/discord/0.0.35/modules/pending/discord_desktop_core-1.zip: 18%
2023-11-13T23:18:29.006Z [Modules] Streaming discord_desktop_core@1 to /home/tiroir/.config/discord/0.0.35/modules/pending/discord_desktop_core-1.zip: 19%
2023-11-13T23:18:29.042Z [Modules] Streaming discord_desktop_core@1 to /home/tiroir/.config/discord/0.0.35/modules/pending/discord_desktop_core-1.zip: 20%
2023-11-13T23:18:29.180Z [Modules] Streaming discord_desktop_core@1 to /home/tiroir/.config/discord/0.0.35/modules/pending/discord_desktop_core-1.zip: 21%
2023-11-13T23:18:29.257Z [Modules] Streaming discord_desktop_core@1 to /home/tiroir/.config/discord/0.0.35/modules/pending/discord_desktop_core-1.zip: 22%
2023-11-13T23:18:29.411Z [Modules] Streaming discord_desktop_core@1 to /home/tiroir/.config/discord/0.0.35/modules/pending/discord_desktop_core-1.zip: 23%
2023-11-13T23:18:29.519Z [Modules] Streaming discord_desktop_core@1 to /home/tiroir/.config/discord/0.0.35/modules/pending/discord_desktop_core-1.zip: 24%
2023-11-13T23:18:29.635Z [Modules] Streaming discord_desktop_core@1 to /home/tiroir/.config/discord/0.0.35/modules/pending/discord_desktop_core-1.zip: 25%
2023-11-13T23:18:29.747Z [Modules] Streaming discord_desktop_core@1 to /home/tiroir/.config/discord/0.0.35/modules/pending/discord_desktop_core-1.zip: 26%
2023-11-13T23:18:29.940Z [Modules] Streaming discord_desktop_core@1 to /home/tiroir/.config/discord/0.0.35/modules/pending/discord_desktop_core-1.zip: 27%
2023-11-13T23:18:30.006Z [Modules] Streaming discord_desktop_core@1 to /home/tiroir/.config/discord/0.0.35/modules/pending/discord_desktop_core-1.zip: 28%
2023-11-13T23:18:30.295Z [Modules] Streaming discord_desktop_core@1 to /home/tiroir/.config/discord/0.0.35/modules/pending/discord_desktop_core-1.zip: 30%
2023-11-13T23:18:30.454Z [Modules] Streaming discord_desktop_core@1 to /home/tiroir/.config/discord/0.0.35/modules/pending/discord_desktop_core-1.zip: 31%
2023-11-13T23:18:30.592Z [Modules] Streaming discord_desktop_core@1 to /home/tiroir/.config/discord/0.0.35/modules/pending/discord_desktop_core-1.zip: 32%
2023-11-13T23:18:30.656Z [Modules] Streaming discord_desktop_core@1 to /home/tiroir/.config/discord/0.0.35/modules/pending/discord_desktop_core-1.zip: 33%
2023-11-13T23:18:30.807Z [Modules] Streaming discord_desktop_core@1 to /home/tiroir/.config/discord/0.0.35/modules/pending/discord_desktop_core-1.zip: 34%
2023-11-13T23:18:30.937Z [Modules] Streaming discord_desktop_core@1 to /home/tiroir/.config/discord/0.0.35/modules/pending/discord_desktop_core-1.zip: 35%
2023-11-13T23:18:31.026Z [Modules] Streaming discord_desktop_core@1 to /home/tiroir/.config/discord/0.0.35/modules/pending/discord_desktop_core-1.zip: 36%
2023-11-13T23:18:31.155Z [Modules] Streaming discord_desktop_core@1 to /home/tiroir/.config/discord/0.0.35/modules/pending/discord_desktop_core-1.zip: 37%
2023-11-13T23:18:31.484Z [Modules] Streaming discord_desktop_core@1 to /home/tiroir/.config/discord/0.0.35/modules/pending/discord_desktop_core-1.zip: 38%
2023-11-13T23:18:31.549Z [Modules] Streaming discord_desktop_core@1 to /home/tiroir/.config/discord/0.0.35/modules/pending/discord_desktop_core-1.zip: 39%
2023-11-13T23:18:31.646Z [Modules] Streaming discord_desktop_core@1 to /home/tiroir/.config/discord/0.0.35/modules/pending/discord_desktop_core-1.zip: 40%
2023-11-13T23:18:31.791Z [Modules] Streaming discord_desktop_core@1 to /home/tiroir/.config/discord/0.0.35/modules/pending/discord_desktop_core-1.zip: 41%
2023-11-13T23:18:32.067Z [Modules] Streaming discord_desktop_core@1 to /home/tiroir/.config/discord/0.0.35/modules/pending/discord_desktop_core-1.zip: 42%
2023-11-13T23:18:32.207Z [Modules] Streaming discord_desktop_core@1 to /home/tiroir/.config/discord/0.0.35/modules/pending/discord_desktop_core-1.zip: 43%
2023-11-13T23:18:32.453Z [Modules] Streaming discord_desktop_core@1 to /home/tiroir/.config/discord/0.0.35/modules/pending/discord_desktop_core-1.zip: 44%
2023-11-13T23:18:32.558Z [Modules] Streaming discord_desktop_core@1 to /home/tiroir/.config/discord/0.0.35/modules/pending/discord_desktop_core-1.zip: 45%
2023-11-13T23:18:32.706Z [Modules] Streaming discord_desktop_core@1 to /home/tiroir/.config/discord/0.0.35/modules/pending/discord_desktop_core-1.zip: 46%
2023-11-13T23:18:32.781Z [Modules] Streaming discord_desktop_core@1 to /home/tiroir/.config/discord/0.0.35/modules/pending/discord_desktop_core-1.zip: 47%
2023-11-13T23:18:32.835Z [Modules] Streaming discord_desktop_core@1 to /home/tiroir/.config/discord/0.0.35/modules/pending/discord_desktop_core-1.zip: 48%
2023-11-13T23:18:33.082Z [Modules] Streaming discord_desktop_core@1 to /home/tiroir/.config/discord/0.0.35/modules/pending/discord_desktop_core-1.zip: 49%
2023-11-13T23:18:33.199Z [Modules] Streaming discord_desktop_core@1 to /home/tiroir/.config/discord/0.0.35/modules/pending/discord_desktop_core-1.zip: 50%
2023-11-13T23:18:33.233Z [Modules] Streaming discord_desktop_core@1 to /home/tiroir/.config/discord/0.0.35/modules/pending/discord_desktop_core-1.zip: 51%
2023-11-13T23:18:33.451Z [Modules] Streaming discord_desktop_core@1 to /home/tiroir/.config/discord/0.0.35/modules/pending/discord_desktop_core-1.zip: 52%
2023-11-13T23:18:33.508Z [Modules] Streaming discord_desktop_core@1 to /home/tiroir/.config/discord/0.0.35/modules/pending/discord_desktop_core-1.zip: 53%
2023-11-13T23:18:33.581Z [Modules] Streaming discord_desktop_core@1 to /home/tiroir/.config/discord/0.0.35/modules/pending/discord_desktop_core-1.zip: 54%
2023-11-13T23:18:33.767Z [Modules] Streaming discord_desktop_core@1 to /home/tiroir/.config/discord/0.0.35/modules/pending/discord_desktop_core-1.zip: 55%
2023-11-13T23:18:33.922Z [Modules] Streaming discord_desktop_core@1 to /home/tiroir/.config/discord/0.0.35/modules/pending/discord_desktop_core-1.zip: 56%
2023-11-13T23:18:33.975Z [Modules] Streaming discord_desktop_core@1 to /home/tiroir/.config/discord/0.0.35/modules/pending/discord_desktop_core-1.zip: 57%
2023-11-13T23:18:34.206Z [Modules] Streaming discord_desktop_core@1 to /home/tiroir/.config/discord/0.0.35/modules/pending/discord_desktop_core-1.zip: 58%
2023-11-13T23:18:34.278Z [Modules] Streaming discord_desktop_core@1 to /home/tiroir/.config/discord/0.0.35/modules/pending/discord_desktop_core-1.zip: 59%
2023-11-13T23:18:34.524Z [Modules] Streaming discord_desktop_core@1 to /home/tiroir/.config/discord/0.0.35/modules/pending/discord_desktop_core-1.zip: 60%
2023-11-13T23:18:34.627Z [Modules] Streaming discord_desktop_core@1 to /home/tiroir/.config/discord/0.0.35/modules/pending/discord_desktop_core-1.zip: 61%
2023-11-13T23:18:34.782Z [Modules] Streaming discord_desktop_core@1 to /home/tiroir/.config/discord/0.0.35/modules/pending/discord_desktop_core-1.zip: 62%
2023-11-13T23:18:34.908Z [Modules] Streaming discord_desktop_core@1 to /home/tiroir/.config/discord/0.0.35/modules/pending/discord_desktop_core-1.zip: 63%
2023-11-13T23:18:35.182Z [Modules] Streaming discord_desktop_core@1 to /home/tiroir/.config/discord/0.0.35/modules/pending/discord_desktop_core-1.zip: 64%
2023-11-13T23:18:35.332Z [Modules] Streaming discord_desktop_core@1 to /home/tiroir/.config/discord/0.0.35/modules/pending/discord_desktop_core-1.zip: 65%
2023-11-13T23:18:35.434Z [Modules] Streaming discord_desktop_core@1 to /home/tiroir/.config/discord/0.0.35/modules/pending/discord_desktop_core-1.zip: 66%
2023-11-13T23:18:35.578Z [Modules] Streaming discord_desktop_core@1 to /home/tiroir/.config/discord/0.0.35/modules/pending/discord_desktop_core-1.zip: 67%
2023-11-13T23:18:35.701Z [Modules] Streaming discord_desktop_core@1 to /home/tiroir/.config/discord/0.0.35/modules/pending/discord_desktop_core-1.zip: 68%
2023-11-13T23:18:35.774Z [Modules] Streaming discord_desktop_core@1 to /home/tiroir/.config/discord/0.0.35/modules/pending/discord_desktop_core-1.zip: 69%
2023-11-13T23:18:35.987Z [Modules] Streaming discord_desktop_core@1 to /home/tiroir/.config/discord/0.0.35/modules/pending/discord_desktop_core-1.zip: 70%
2023-11-13T23:18:36.064Z [Modules] Streaming discord_desktop_core@1 to /home/tiroir/.config/discord/0.0.35/modules/pending/discord_desktop_core-1.zip: 71%
2023-11-13T23:18:36.293Z [Modules] Streaming discord_desktop_core@1 to /home/tiroir/.config/discord/0.0.35/modules/pending/discord_desktop_core-1.zip: 72%
2023-11-13T23:18:36.376Z [Modules] Streaming discord_desktop_core@1 to /home/tiroir/.config/discord/0.0.35/modules/pending/discord_desktop_core-1.zip: 73%
2023-11-13T23:18:36.472Z [Modules] Streaming discord_desktop_core@1 to /home/tiroir/.config/discord/0.0.35/modules/pending/discord_desktop_core-1.zip: 74%
2023-11-13T23:18:36.695Z [Modules] Streaming discord_desktop_core@1 to /home/tiroir/.config/discord/0.0.35/modules/pending/discord_desktop_core-1.zip: 75%
2023-11-13T23:18:36.793Z [Modules] Streaming discord_desktop_core@1 to /home/tiroir/.config/discord/0.0.35/modules/pending/discord_desktop_core-1.zip: 76%
2023-11-13T23:18:36.897Z [Modules] Streaming discord_desktop_core@1 to /home/tiroir/.config/discord/0.0.35/modules/pending/discord_desktop_core-1.zip: 77%
2023-11-13T23:18:37.105Z [Modules] Streaming discord_desktop_core@1 to /home/tiroir/.config/discord/0.0.35/modules/pending/discord_desktop_core-1.zip: 78%
2023-11-13T23:18:37.203Z [Modules] Streaming discord_desktop_core@1 to /home/tiroir/.config/discord/0.0.35/modules/pending/discord_desktop_core-1.zip: 79%
2023-11-13T23:18:37.280Z [Modules] Streaming discord_desktop_core@1 to /home/tiroir/.config/discord/0.0.35/modules/pending/discord_desktop_core-1.zip: 80%
2023-11-13T23:18:37.524Z [Modules] Streaming discord_desktop_core@1 to /home/tiroir/.config/discord/0.0.35/modules/pending/discord_desktop_core-1.zip: 81%
2023-11-13T23:18:37.590Z [Modules] Streaming discord_desktop_core@1 to /home/tiroir/.config/discord/0.0.35/modules/pending/discord_desktop_core-1.zip: 82%
2023-11-13T23:18:37.774Z [Modules] Streaming discord_desktop_core@1 to /home/tiroir/.config/discord/0.0.35/modules/pending/discord_desktop_core-1.zip: 83%
2023-11-13T23:18:37.981Z [Modules] Streaming discord_desktop_core@1 to /home/tiroir/.config/discord/0.0.35/modules/pending/discord_desktop_core-1.zip: 84%
2023-11-13T23:18:38.015Z [Modules] Streaming discord_desktop_core@1 to /home/tiroir/.config/discord/0.0.35/modules/pending/discord_desktop_core-1.zip: 85%
2023-11-13T23:18:38.197Z [Modules] Streaming discord_desktop_core@1 to /home/tiroir/.config/discord/0.0.35/modules/pending/discord_desktop_core-1.zip: 86%
2023-11-13T23:18:38.557Z [Modules] Streaming discord_desktop_core@1 to /home/tiroir/.config/discord/0.0.35/modules/pending/discord_desktop_core-1.zip: 87%
2023-11-13T23:18:38.659Z [Modules] Streaming discord_desktop_core@1 to /home/tiroir/.config/discord/0.0.35/modules/pending/discord_desktop_core-1.zip: 88%
2023-11-13T23:18:38.742Z [Modules] Streaming discord_desktop_core@1 to /home/tiroir/.config/discord/0.0.35/modules/pending/discord_desktop_core-1.zip: 89%
2023-11-13T23:18:38.942Z [Modules] Streaming discord_desktop_core@1 to /home/tiroir/.config/discord/0.0.35/modules/pending/discord_desktop_core-1.zip: 90%
2023-11-13T23:18:39.043Z [Modules] Streaming discord_desktop_core@1 to /home/tiroir/.config/discord/0.0.35/modules/pending/discord_desktop_core-1.zip: 91%
2023-11-13T23:18:39.135Z [Modules] Streaming discord_desktop_core@1 to /home/tiroir/.config/discord/0.0.35/modules/pending/discord_desktop_core-1.zip: 92%
2023-11-13T23:18:39.402Z [Modules] Streaming discord_desktop_core@1 to /home/tiroir/.config/discord/0.0.35/modules/pending/discord_desktop_core-1.zip: 93%
2023-11-13T23:18:39.626Z [Modules] Streaming discord_desktop_core@1 to /home/tiroir/.config/discord/0.0.35/modules/pending/discord_desktop_core-1.zip: 95%
2023-11-13T23:18:39.743Z [Modules] Streaming discord_desktop_core@1 to /home/tiroir/.config/discord/0.0.35/modules/pending/discord_desktop_core-1.zip: 96%
2023-11-13T23:18:39.821Z [Modules] Streaming discord_desktop_core@1 to /home/tiroir/.config/discord/0.0.35/modules/pending/discord_desktop_core-1.zip: 97%
2023-11-13T23:18:40.005Z [Modules] Streaming discord_desktop_core@1 to /home/tiroir/.config/discord/0.0.35/modules/pending/discord_desktop_core-1.zip: 98%
2023-11-13T23:18:40.133Z [Modules] Streaming discord_desktop_core@1 to /home/tiroir/.config/discord/0.0.35/modules/pending/discord_desktop_core-1.zip: 99%
2023-11-13T23:18:40.198Z [Modules] Streaming discord_desktop_core@1 to /home/tiroir/.config/discord/0.0.35/modules/pending/discord_desktop_core-1.zip: 100%
2023-11-13T23:18:40.203Z [Modules] Fetching discord_erlpack@1 from https://discord.com/api/modules/stable/discord_erlpack/1
2023-11-13T23:18:40.204Z [Modules] Streaming discord_erlpack@1 to /home/tiroir/.config/discord/0.0.35/modules/pending/discord_erlpack-1.zip
2023-11-13T23:18:40.651Z [Modules] Streaming discord_erlpack@1 to /home/tiroir/.config/discord/0.0.35/modules/pending/discord_erlpack-1.zip: 1%
2023-11-13T23:18:40.733Z [Modules] Streaming discord_erlpack@1 to /home/tiroir/.config/discord/0.0.35/modules/pending/discord_erlpack-1.zip: 2%
2023-11-13T23:18:40.805Z [Modules] Streaming discord_erlpack@1 to /home/tiroir/.config/discord/0.0.35/modules/pending/discord_erlpack-1.zip: 3%
2023-11-13T23:18:40.882Z [Modules] Streaming discord_erlpack@1 to /home/tiroir/.config/discord/0.0.35/modules/pending/discord_erlpack-1.zip: 4%
2023-11-13T23:18:40.980Z [Modules] Streaming discord_erlpack@1 to /home/tiroir/.config/discord/0.0.35/modules/pending/discord_erlpack-1.zip: 5%
2023-11-13T23:18:41.157Z [Modules] Streaming discord_erlpack@1 to /home/tiroir/.config/discord/0.0.35/modules/pending/discord_erlpack-1.zip: 6%
2023-11-13T23:18:41.231Z [Modules] Streaming discord_erlpack@1 to /home/tiroir/.config/discord/0.0.35/modules/pending/discord_erlpack-1.zip: 7%
2023-11-13T23:18:41.325Z [Modules] Streaming discord_erlpack@1 to /home/tiroir/.config/discord/0.0.35/modules/pending/discord_erlpack-1.zip: 8%
2023-11-13T23:18:41.447Z [Modules] Streaming discord_erlpack@1 to /home/tiroir/.config/discord/0.0.35/modules/pending/discord_erlpack-1.zip: 9%
2023-11-13T23:18:41.612Z [Modules] Streaming discord_erlpack@1 to /home/tiroir/.config/discord/0.0.35/modules/pending/discord_erlpack-1.zip: 10%
2023-11-13T23:18:41.733Z [Modules] Streaming discord_erlpack@1 to /home/tiroir/.config/discord/0.0.35/modules/pending/discord_erlpack-1.zip: 11%
2023-11-13T23:18:41.930Z [Modules] Streaming discord_erlpack@1 to /home/tiroir/.config/discord/0.0.35/modules/pending/discord_erlpack-1.zip: 12%
2023-11-13T23:18:42.021Z [Modules] Streaming discord_erlpack@1 to /home/tiroir/.config/discord/0.0.35/modules/pending/discord_erlpack-1.zip: 13%
2023-11-13T23:18:42.094Z [Modules] Streaming discord_erlpack@1 to /home/tiroir/.config/discord/0.0.35/modules/pending/discord_erlpack-1.zip: 14%
2023-11-13T23:18:42.150Z [Modules] Streaming discord_erlpack@1 to /home/tiroir/.config/discord/0.0.35/modules/pending/discord_erlpack-1.zip: 15%
2023-11-13T23:18:42.234Z [Modules] Streaming discord_erlpack@1 to /home/tiroir/.config/discord/0.0.35/modules/pending/discord_erlpack-1.zip: 16%
2023-11-13T23:18:42.288Z [Modules] Streaming discord_erlpack@1 to /home/tiroir/.config/discord/0.0.35/modules/pending/discord_erlpack-1.zip: 17%
2023-11-13T23:18:42.442Z [Modules] Streaming discord_erlpack@1 to /home/tiroir/.config/discord/0.0.35/modules/pending/discord_erlpack-1.zip: 18%
2023-11-13T23:18:42.528Z [Modules] Streaming discord_erlpack@1 to /home/tiroir/.config/discord/0.0.35/modules/pending/discord_erlpack-1.zip: 19%
2023-11-13T23:18:42.574Z [Modules] Streaming discord_erlpack@1 to /home/tiroir/.config/discord/0.0.35/modules/pending/discord_erlpack-1.zip: 20%
2023-11-13T23:18:42.656Z [Modules] Streaming discord_erlpack@1 to /home/tiroir/.config/discord/0.0.35/modules/pending/discord_erlpack-1.zip: 21%
2023-11-13T23:18:42.823Z [Modules] Streaming discord_erlpack@1 to /home/tiroir/.config/discord/0.0.35/modules/pending/discord_erlpack-1.zip: 22%
2023-11-13T23:18:43.002Z [Modules] Streaming discord_erlpack@1 to /home/tiroir/.config/discord/0.0.35/modules/pending/discord_erlpack-1.zip: 23%
2023-11-13T23:18:43.234Z [Modules] Streaming discord_erlpack@1 to /home/tiroir/.config/discord/0.0.35/modules/pending/discord_erlpack-1.zip: 24%
2023-11-13T23:18:43.304Z [Modules] Streaming discord_erlpack@1 to /home/tiroir/.config/discord/0.0.35/modules/pending/discord_erlpack-1.zip: 25%
2023-11-13T23:18:43.370Z [Modules] Streaming discord_erlpack@1 to /home/tiroir/.config/discord/0.0.35/modules/pending/discord_erlpack-1.zip: 26%
2023-11-13T23:18:43.638Z [Modules] Streaming discord_erlpack@1 to /home/tiroir/.config/discord/0.0.35/modules/pending/discord_erlpack-1.zip: 27%
2023-11-13T23:18:43.795Z [Modules] Streaming discord_erlpack@1 to /home/tiroir/.config/discord/0.0.35/modules/pending/discord_erlpack-1.zip: 28%
2023-11-13T23:18:43.903Z [Modules] Streaming discord_erlpack@1 to /home/tiroir/.config/discord/0.0.35/modules/pending/discord_erlpack-1.zip: 29%
2023-11-13T23:18:44.128Z [Modules] Streaming discord_erlpack@1 to /home/tiroir/.config/discord/0.0.35/modules/pending/discord_erlpack-1.zip: 30%
2023-11-13T23:18:44.239Z [Modules] Streaming discord_erlpack@1 to /home/tiroir/.config/discord/0.0.35/modules/pending/discord_erlpack-1.zip: 31%
2023-11-13T23:18:44.294Z [Modules] Streaming discord_erlpack@1 to /home/tiroir/.config/discord/0.0.35/modules/pending/discord_erlpack-1.zip: 32%
2023-11-13T23:18:44.412Z [Modules] Streaming discord_erlpack@1 to /home/tiroir/.config/discord/0.0.35/modules/pending/discord_erlpack-1.zip: 33%
2023-11-13T23:18:44.563Z [Modules] Streaming discord_erlpack@1 to /home/tiroir/.config/discord/0.0.35/modules/pending/discord_erlpack-1.zip: 34%
2023-11-13T23:18:44.705Z [Modules] Streaming discord_erlpack@1 to /home/tiroir/.config/discord/0.0.35/modules/pending/discord_erlpack-1.zip: 35%
2023-11-13T23:18:45.033Z [Modules] Streaming discord_erlpack@1 to /home/tiroir/.config/discord/0.0.35/modules/pending/discord_erlpack-1.zip: 36%
2023-11-13T23:18:45.100Z [Modules] Streaming discord_erlpack@1 to /home/tiroir/.config/discord/0.0.35/modules/pending/discord_erlpack-1.zip: 37%
2023-11-13T23:18:45.239Z [Modules] Streaming discord_erlpack@1 to /home/tiroir/.config/discord/0.0.35/modules/pending/discord_erlpack-1.zip: 38%
2023-11-13T23:18:45.418Z [Modules] Streaming discord_erlpack@1 to /home/tiroir/.config/discord/0.0.35/modules/pending/discord_erlpack-1.zip: 39%
2023-11-13T23:18:45.577Z [Modules] Streaming discord_erlpack@1 to /home/tiroir/.config/discord/0.0.35/modules/pending/discord_erlpack-1.zip: 40%
2023-11-13T23:18:45.692Z [Modules] Streaming discord_erlpack@1 to /home/tiroir/.config/discord/0.0.35/modules/pending/discord_erlpack-1.zip: 41%
2023-11-13T23:18:45.877Z [Modules] Streaming discord_erlpack@1 to /home/tiroir/.config/discord/0.0.35/modules/pending/discord_erlpack-1.zip: 42%
2023-11-13T23:18:45.963Z [Modules] Streaming discord_erlpack@1 to /home/tiroir/.config/discord/0.0.35/modules/pending/discord_erlpack-1.zip: 43%
2023-11-13T23:18:46.049Z [Modules] Streaming discord_erlpack@1 to /home/tiroir/.config/discord/0.0.35/modules/pending/discord_erlpack-1.zip: 44%
2023-11-13T23:18:46.115Z [Modules] Streaming discord_erlpack@1 to /home/tiroir/.config/discord/0.0.35/modules/pending/discord_erlpack-1.zip: 45%
2023-11-13T23:18:46.201Z [Modules] Streaming discord_erlpack@1 to /home/tiroir/.config/discord/0.0.35/modules/pending/discord_erlpack-1.zip: 46%
2023-11-13T23:18:46.336Z [Modules] Streaming discord_erlpack@1 to /home/tiroir/.config/discord/0.0.35/modules/pending/discord_erlpack-1.zip: 47%
2023-11-13T23:18:46.489Z [Modules] Streaming discord_erlpack@1 to /home/tiroir/.config/discord/0.0.35/modules/pending/discord_erlpack-1.zip: 48%
2023-11-13T23:18:46.669Z [Modules] Streaming discord_erlpack@1 to /home/tiroir/.config/discord/0.0.35/modules/pending/discord_erlpack-1.zip: 49%
2023-11-13T23:18:46.751Z [Modules] Streaming discord_erlpack@1 to /home/tiroir/.config/discord/0.0.35/modules/pending/discord_erlpack-1.zip: 50%
2023-11-13T23:18:46.858Z [Modules] Streaming discord_erlpack@1 to /home/tiroir/.config/discord/0.0.35/modules/pending/discord_erlpack-1.zip: 51%
2023-11-13T23:18:46.892Z [Modules] Streaming discord_erlpack@1 to /home/tiroir/.config/discord/0.0.35/modules/pending/discord_erlpack-1.zip: 52%
2023-11-13T23:18:47.154Z [Modules] Streaming discord_erlpack@1 to /home/tiroir/.config/discord/0.0.35/modules/pending/discord_erlpack-1.zip: 53%
2023-11-13T23:18:47.334Z [Modules] Streaming discord_erlpack@1 to /home/tiroir/.config/discord/0.0.35/modules/pending/discord_erlpack-1.zip: 54%
2023-11-13T23:18:47.463Z [Modules] Streaming discord_erlpack@1 to /home/tiroir/.config/discord/0.0.35/modules/pending/discord_erlpack-1.zip: 55%
2023-11-13T23:18:47.556Z [Modules] Streaming discord_erlpack@1 to /home/tiroir/.config/discord/0.0.35/modules/pending/discord_erlpack-1.zip: 56%
2023-11-13T23:18:47.628Z [Modules] Streaming discord_erlpack@1 to /home/tiroir/.config/discord/0.0.35/modules/pending/discord_erlpack-1.zip: 57%
2023-11-13T23:18:47.760Z [Modules] Streaming discord_erlpack@1 to /home/tiroir/.config/discord/0.0.35/modules/pending/discord_erlpack-1.zip: 58%
2023-11-13T23:18:47.863Z [Modules] Streaming discord_erlpack@1 to /home/tiroir/.config/discord/0.0.35/modules/pending/discord_erlpack-1.zip: 59%
2023-11-13T23:18:48.006Z [Modules] Streaming discord_erlpack@1 to /home/tiroir/.config/discord/0.0.35/modules/pending/discord_erlpack-1.zip: 60%
2023-11-13T23:18:48.150Z [Modules] Streaming discord_erlpack@1 to /home/tiroir/.config/discord/0.0.35/modules/pending/discord_erlpack-1.zip: 61%
2023-11-13T23:18:48.376Z [Modules] Streaming discord_erlpack@1 to /home/tiroir/.config/discord/0.0.35/modules/pending/discord_erlpack-1.zip: 62%
2023-11-13T23:18:48.464Z [Modules] Streaming discord_erlpack@1 to /home/tiroir/.config/discord/0.0.35/modules/pending/discord_erlpack-1.zip: 63%
2023-11-13T23:18:48.556Z [Modules] Streaming discord_erlpack@1 to /home/tiroir/.config/discord/0.0.35/modules/pending/discord_erlpack-1.zip: 64%
2023-11-13T23:18:48.655Z [Modules] Streaming discord_erlpack@1 to /home/tiroir/.config/discord/0.0.35/modules/pending/discord_erlpack-1.zip: 65%
2023-11-13T23:18:48.995Z [Modules] Streaming discord_erlpack@1 to /home/tiroir/.config/discord/0.0.35/modules/pending/discord_erlpack-1.zip: 66%
2023-11-13T23:18:49.095Z [Modules] Streaming discord_erlpack@1 to /home/tiroir/.config/discord/0.0.35/modules/pending/discord_erlpack-1.zip: 67%
2023-11-13T23:18:49.246Z [Modules] Streaming discord_erlpack@1 to /home/tiroir/.config/discord/0.0.35/modules/pending/discord_erlpack-1.zip: 68%
2023-11-13T23:18:49.349Z [Modules] Streaming discord_erlpack@1 to /home/tiroir/.config/discord/0.0.35/modules/pending/discord_erlpack-1.zip: 69%
2023-11-13T23:18:49.409Z [Modules] Streaming discord_erlpack@1 to /home/tiroir/.config/discord/0.0.35/modules/pending/discord_erlpack-1.zip: 70%
2023-11-13T23:18:49.540Z [Modules] Streaming discord_erlpack@1 to /home/tiroir/.config/discord/0.0.35/modules/pending/discord_erlpack-1.zip: 71%
2023-11-13T23:18:49.882Z [Modules] Streaming discord_erlpack@1 to /home/tiroir/.config/discord/0.0.35/modules/pending/discord_erlpack-1.zip: 72%
2023-11-13T23:18:49.951Z [Modules] Streaming discord_erlpack@1 to /home/tiroir/.config/discord/0.0.35/modules/pending/discord_erlpack-1.zip: 73%
2023-11-13T23:18:50.085Z [Modules] Streaming discord_erlpack@1 to /home/tiroir/.config/discord/0.0.35/modules/pending/discord_erlpack-1.zip: 74%
2023-11-13T23:18:50.322Z [Modules] Streaming discord_erlpack@1 to /home/tiroir/.config/discord/0.0.35/modules/pending/discord_erlpack-1.zip: 75%
2023-11-13T23:18:50.464Z [Modules] Streaming discord_erlpack@1 to /home/tiroir/.config/discord/0.0.35/modules/pending/discord_erlpack-1.zip: 76%
2023-11-13T23:18:50.707Z [Modules] Streaming discord_erlpack@1 to /home/tiroir/.config/discord/0.0.35/modules/pending/discord_erlpack-1.zip: 77%
2023-11-13T23:18:50.801Z [Modules] Streaming discord_erlpack@1 to /home/tiroir/.config/discord/0.0.35/modules/pending/discord_erlpack-1.zip: 78%
2023-11-13T23:18:50.955Z [Modules] Streaming discord_erlpack@1 to /home/tiroir/.config/discord/0.0.35/modules/pending/discord_erlpack-1.zip: 79%
2023-11-13T23:18:51.141Z [Modules] Streaming discord_erlpack@1 to /home/tiroir/.config/discord/0.0.35/modules/pending/discord_erlpack-1.zip: 80%
2023-11-13T23:18:51.529Z [Modules] Streaming discord_erlpack@1 to /home/tiroir/.config/discord/0.0.35/modules/pending/discord_erlpack-1.zip: 81%
2023-11-13T23:18:51.621Z [Modules] Streaming discord_erlpack@1 to /home/tiroir/.config/discord/0.0.35/modules/pending/discord_erlpack-1.zip: 82%
2023-11-13T23:18:51.706Z [Modules] Streaming discord_erlpack@1 to /home/tiroir/.config/discord/0.0.35/modules/pending/discord_erlpack-1.zip: 83%
2023-11-13T23:18:51.784Z [Modules] Streaming discord_erlpack@1 to /home/tiroir/.config/discord/0.0.35/modules/pending/discord_erlpack-1.zip: 84%
2023-11-13T23:18:51.834Z [Modules] Streaming discord_erlpack@1 to /home/tiroir/.config/discord/0.0.35/modules/pending/discord_erlpack-1.zip: 85%
2023-11-13T23:18:51.913Z [Modules] Streaming discord_erlpack@1 to /home/tiroir/.config/discord/0.0.35/modules/pending/discord_erlpack-1.zip: 86%
2023-11-13T23:18:51.981Z [Modules] Streaming discord_erlpack@1 to /home/tiroir/.config/discord/0.0.35/modules/pending/discord_erlpack-1.zip: 87%
2023-11-13T23:18:52.109Z [Modules] Streaming discord_erlpack@1 to /home/tiroir/.config/discord/0.0.35/modules/pending/discord_erlpack-1.zip: 88%
2023-11-13T23:18:52.182Z [Modules] Streaming discord_erlpack@1 to /home/tiroir/.config/discord/0.0.35/modules/pending/discord_erlpack-1.zip: 89%
2023-11-13T23:18:52.270Z [Modules] Streaming discord_erlpack@1 to /home/tiroir/.config/discord/0.0.35/modules/pending/discord_erlpack-1.zip: 90%
2023-11-13T23:18:52.431Z [Modules] Streaming discord_erlpack@1 to /home/tiroir/.config/discord/0.0.35/modules/pending/discord_erlpack-1.zip: 91%
2023-11-13T23:18:52.438Z [Modules] Streaming discord_erlpack@1 to /home/tiroir/.config/discord/0.0.35/modules/pending/discord_erlpack-1.zip: 92%
2023-11-13T23:18:52.677Z [Modules] Streaming discord_erlpack@1 to /home/tiroir/.config/discord/0.0.35/modules/pending/discord_erlpack-1.zip: 93%
2023-11-13T23:18:52.753Z [Modules] Streaming discord_erlpack@1 to /home/tiroir/.config/discord/0.0.35/modules/pending/discord_erlpack-1.zip: 94%
2023-11-13T23:18:53.083Z [Modules] Streaming discord_erlpack@1 to /home/tiroir/.config/discord/0.0.35/modules/pending/discord_erlpack-1.zip: 95%
2023-11-13T23:18:53.134Z [Modules] Streaming discord_erlpack@1 to /home/tiroir/.config/discord/0.0.35/modules/pending/discord_erlpack-1.zip: 96%
2023-11-13T23:18:53.213Z [Modules] Streaming discord_erlpack@1 to /home/tiroir/.config/discord/0.0.35/modules/pending/discord_erlpack-1.zip: 97%
2023-11-13T23:18:53.416Z [Modules] Streaming discord_erlpack@1 to /home/tiroir/.config/discord/0.0.35/modules/pending/discord_erlpack-1.zip: 98%
2023-11-13T23:18:53.470Z [Modules] Streaming discord_erlpack@1 to /home/tiroir/.config/discord/0.0.35/modules/pending/discord_erlpack-1.zip: 99%
2023-11-13T23:18:53.519Z [Modules] Streaming discord_erlpack@1 to /home/tiroir/.config/discord/0.0.35/modules/pending/discord_erlpack-1.zip: 100%
2023-11-13T23:18:53.522Z [Modules] Fetching discord_spellcheck@1 from https://discord.com/api/modules/stable/discord_spellcheck/1
2023-11-13T23:18:53.522Z [Modules] Streaming discord_spellcheck@1 to /home/tiroir/.config/discord/0.0.35/modules/pending/discord_spellcheck-1.zip
2023-11-13T23:18:54.420Z [Modules] Streaming discord_spellcheck@1 to /home/tiroir/.config/discord/0.0.35/modules/pending/discord_spellcheck-1.zip: 1%
2023-11-13T23:18:54.916Z [Modules] Streaming discord_spellcheck@1 to /home/tiroir/.config/discord/0.0.35/modules/pending/discord_spellcheck-1.zip: 2%
2023-11-13T23:18:55.582Z [Modules] Streaming discord_spellcheck@1 to /home/tiroir/.config/discord/0.0.35/modules/pending/discord_spellcheck-1.zip: 3%
2023-11-13T23:18:56.101Z [Modules] Streaming discord_spellcheck@1 to /home/tiroir/.config/discord/0.0.35/modules/pending/discord_spellcheck-1.zip: 4%
2023-11-13T23:18:56.857Z [Modules] Streaming discord_spellcheck@1 to /home/tiroir/.config/discord/0.0.35/modules/pending/discord_spellcheck-1.zip: 5%
2023-11-13T23:18:57.554Z [Modules] Streaming discord_spellcheck@1 to /home/tiroir/.config/discord/0.0.35/modules/pending/discord_spellcheck-1.zip: 6%
2023-11-13T23:18:58.095Z [Modules] Streaming discord_spellcheck@1 to /home/tiroir/.config/discord/0.0.35/modules/pending/discord_spellcheck-1.zip: 7%
2023-11-13T23:18:58.731Z [Modules] Streaming discord_spellcheck@1 to /home/tiroir/.config/discord/0.0.35/modules/pending/discord_spellcheck-1.zip: 8%
2023-11-13T23:18:59.590Z [Modules] Streaming discord_spellcheck@1 to /home/tiroir/.config/discord/0.0.35/modules/pending/discord_spellcheck-1.zip: 9%
2023-11-13T23:19:00.394Z [Modules] Streaming discord_spellcheck@1 to /home/tiroir/.config/discord/0.0.35/modules/pending/discord_spellcheck-1.zip: 10%
2023-11-13T23:19:02.627Z [Modules] Streaming discord_spellcheck@1 to /home/tiroir/.config/discord/0.0.35/modules/pending/discord_spellcheck-1.zip: 11%
2023-11-13T23:19:03.996Z [Modules] Streaming discord_spellcheck@1 to /home/tiroir/.config/discord/0.0.35/modules/pending/discord_spellcheck-1.zip: 12%
2023-11-13T23:19:04.777Z [Modules] Streaming discord_spellcheck@1 to /home/tiroir/.config/discord/0.0.35/modules/pending/discord_spellcheck-1.zip: 13%
2023-11-13T23:19:05.840Z [Modules] Streaming discord_spellcheck@1 to /home/tiroir/.config/discord/0.0.35/modules/pending/discord_spellcheck-1.zip: 14%
2023-11-13T23:19:07.173Z [Modules] Streaming discord_spellcheck@1 to /home/tiroir/.config/discord/0.0.35/modules/pending/discord_spellcheck-1.zip: 15%
2023-11-13T23:19:07.731Z [Modules] Streaming discord_spellcheck@1 to /home/tiroir/.config/discord/0.0.35/modules/pending/discord_spellcheck-1.zip: 16%
2023-11-13T23:19:08.170Z [Modules] Streaming discord_spellcheck@1 to /home/tiroir/.config/discord/0.0.35/modules/pending/discord_spellcheck-1.zip: 17%
2023-11-13T23:19:08.510Z [Modules] Streaming discord_spellcheck@1 to /home/tiroir/.config/discord/0.0.35/modules/pending/discord_spellcheck-1.zip: 18%
2023-11-13T23:19:09.066Z [Modules] Streaming discord_spellcheck@1 to /home/tiroir/.config/discord/0.0.35/modules/pending/discord_spellcheck-1.zip: 19%
2023-11-13T23:19:09.540Z [Modules] Streaming discord_spellcheck@1 to /home/tiroir/.config/discord/0.0.35/modules/pending/discord_spellcheck-1.zip: 20%
2023-11-13T23:19:09.930Z [Modules] Streaming discord_spellcheck@1 to /home/tiroir/.config/discord/0.0.35/modules/pending/discord_spellcheck-1.zip: 21%
2023-11-13T23:19:10.415Z [Modules] Streaming discord_spellcheck@1 to /home/tiroir/.config/discord/0.0.35/modules/pending/discord_spellcheck-1.zip: 22%
2023-11-13T23:19:11.172Z [Modules] Streaming discord_spellcheck@1 to /home/tiroir/.config/discord/0.0.35/modules/pending/discord_spellcheck-1.zip: 23%
2023-11-13T23:19:11.763Z [Modules] Streaming discord_spellcheck@1 to /home/tiroir/.config/discord/0.0.35/modules/pending/discord_spellcheck-1.zip: 24%
2023-11-13T23:19:12.304Z [Modules] Streaming discord_spellcheck@1 to /home/tiroir/.config/discord/0.0.35/modules/pending/discord_spellcheck-1.zip: 25%
2023-11-13T23:19:12.657Z [Modules] Streaming discord_spellcheck@1 to /home/tiroir/.config/discord/0.0.35/modules/pending/discord_spellcheck-1.zip: 26%
2023-11-13T23:19:13.086Z [Modules] Streaming discord_spellcheck@1 to /home/tiroir/.config/discord/0.0.35/modules/pending/discord_spellcheck-1.zip: 27%
2023-11-13T23:19:13.615Z [Modules] Streaming discord_spellcheck@1 to /home/tiroir/.config/discord/0.0.35/modules/pending/discord_spellcheck-1.zip: 28%
2023-11-13T23:19:13.954Z [Modules] Streaming discord_spellcheck@1 to /home/tiroir/.config/discord/0.0.35/modules/pending/discord_spellcheck-1.zip: 29%
2023-11-13T23:19:14.285Z [Modules] Streaming discord_spellcheck@1 to /home/tiroir/.config/discord/0.0.35/modules/pending/discord_spellcheck-1.zip: 30%
2023-11-13T23:19:14.579Z [Modules] Streaming discord_spellcheck@1 to /home/tiroir/.config/discord/0.0.35/modules/pending/discord_spellcheck-1.zip: 31%
2023-11-13T23:19:14.978Z [Modules] Streaming discord_spellcheck@1 to /home/tiroir/.config/discord/0.0.35/modules/pending/discord_spellcheck-1.zip: 32%
2023-11-13T23:19:15.379Z [Modules] Streaming discord_spellcheck@1 to /home/tiroir/.config/discord/0.0.35/modules/pending/discord_spellcheck-1.zip: 33%
2023-11-13T23:19:15.979Z [Modules] Streaming discord_spellcheck@1 to /home/tiroir/.config/discord/0.0.35/modules/pending/discord_spellcheck-1.zip: 34%
2023-11-13T23:19:16.395Z [Modules] Streaming discord_spellcheck@1 to /home/tiroir/.config/discord/0.0.35/modules/pending/discord_spellcheck-1.zip: 35%
2023-11-13T23:19:17.210Z [Modules] Streaming discord_spellcheck@1 to /home/tiroir/.config/discord/0.0.35/modules/pending/discord_spellcheck-1.zip: 36%
2023-11-13T23:19:17.975Z [Modules] Streaming discord_spellcheck@1 to /home/tiroir/.config/discord/0.0.35/modules/pending/discord_spellcheck-1.zip: 37%
2023-11-13T23:19:18.761Z [Modules] Streaming discord_spellcheck@1 to /home/tiroir/.config/discord/0.0.35/modules/pending/discord_spellcheck-1.zip: 38%
2023-11-13T23:19:19.377Z [Modules] Streaming discord_spellcheck@1 to /home/tiroir/.config/discord/0.0.35/modules/pending/discord_spellcheck-1.zip: 39%
2023-11-13T23:19:20.172Z [Modules] Streaming discord_spellcheck@1 to /home/tiroir/.config/discord/0.0.35/modules/pending/discord_spellcheck-1.zip: 40%
2023-11-13T23:19:20.703Z [Modules] Streaming discord_spellcheck@1 to /home/tiroir/.config/discord/0.0.35/modules/pending/discord_spellcheck-1.zip: 41%
2023-11-13T23:19:21.552Z [Modules] Streaming discord_spellcheck@1 to /home/tiroir/.config/discord/0.0.35/modules/pending/discord_spellcheck-1.zip: 42%
2023-11-13T23:19:22.318Z [Modules] Streaming discord_spellcheck@1 to /home/tiroir/.config/discord/0.0.35/modules/pending/discord_spellcheck-1.zip: 43%
2023-11-13T23:19:22.787Z [Modules] Streaming discord_spellcheck@1 to /home/tiroir/.config/discord/0.0.35/modules/pending/discord_spellcheck-1.zip: 44%
2023-11-13T23:19:23.539Z [Modules] Streaming discord_spellcheck@1 to /home/tiroir/.config/discord/0.0.35/modules/pending/discord_spellcheck-1.zip: 45%
2023-11-13T23:19:24.466Z [Modules] Streaming discord_spellcheck@1 to /home/tiroir/.config/discord/0.0.35/modules/pending/discord_spellcheck-1.zip: 46%
2023-11-13T23:19:26.887Z [Modules] Streaming discord_spellcheck@1 to /home/tiroir/.config/discord/0.0.35/modules/pending/discord_spellcheck-1.zip: 47%
2023-11-13T23:19:28.679Z [Modules] Streaming discord_spellcheck@1 to /home/tiroir/.config/discord/0.0.35/modules/pending/discord_spellcheck-1.zip: 48%
2023-11-13T23:19:30.553Z [Modules] Streaming discord_spellcheck@1 to /home/tiroir/.config/discord/0.0.35/modules/pending/discord_spellcheck-1.zip: 49%
2023-11-13T23:19:34.523Z [Modules] Streaming discord_spellcheck@1 to /home/tiroir/.config/discord/0.0.35/modules/pending/discord_spellcheck-1.zip: 50%
2023-11-13T23:19:37.231Z [Modules] Streaming discord_spellcheck@1 to /home/tiroir/.config/discord/0.0.35/modules/pending/discord_spellcheck-1.zip: 51%
2023-11-13T23:19:39.132Z [Modules] Streaming discord_spellcheck@1 to /home/tiroir/.config/discord/0.0.35/modules/pending/discord_spellcheck-1.zip: 52%
2023-11-13T23:19:42.253Z [Modules] Streaming discord_spellcheck@1 to /home/tiroir/.config/discord/0.0.35/modules/pending/discord_spellcheck-1.zip: 53%
2023-11-13T23:19:50.890Z [Modules] Streaming discord_spellcheck@1 to /home/tiroir/.config/discord/0.0.35/modules/pending/discord_spellcheck-1.zip: 54%
2023-11-13T23:19:55.491Z [Modules] Streaming discord_spellcheck@1 to /home/tiroir/.config/discord/0.0.35/modules/pending/discord_spellcheck-1.zip: 55%
2023-11-13T23:19:57.678Z [Modules] Streaming discord_spellcheck@1 to /home/tiroir/.config/discord/0.0.35/modules/pending/discord_spellcheck-1.zip: 56%
2023-11-13T23:19:59.201Z [Modules] Streaming discord_spellcheck@1 to /home/tiroir/.config/discord/0.0.35/modules/pending/discord_spellcheck-1.zip: 57%
2023-11-13T23:20:00.067Z [Modules] Streaming discord_spellcheck@1 to /home/tiroir/.config/discord/0.0.35/modules/pending/discord_spellcheck-1.zip: 58%
2023-11-13T23:20:00.319Z [Modules] Streaming discord_spellcheck@1 to /home/tiroir/.config/discord/0.0.35/modules/pending/discord_spellcheck-1.zip: 59%
2023-11-13T23:20:00.652Z [Modules] Streaming discord_spellcheck@1 to /home/tiroir/.config/discord/0.0.35/modules/pending/discord_spellcheck-1.zip: 60%
2023-11-13T23:20:00.845Z [Modules] Streaming discord_spellcheck@1 to /home/tiroir/.config/discord/0.0.35/modules/pending/discord_spellcheck-1.zip: 61%
2023-11-13T23:20:01.034Z [Modules] Streaming discord_spellcheck@1 to /home/tiroir/.config/discord/0.0.35/modules/pending/discord_spellcheck-1.zip: 62%
2023-11-13T23:20:01.196Z [Modules] Streaming discord_spellcheck@1 to /home/tiroir/.config/discord/0.0.35/modules/pending/discord_spellcheck-1.zip: 63%
2023-11-13T23:20:01.385Z [Modules] Streaming discord_spellcheck@1 to /home/tiroir/.config/discord/0.0.35/modules/pending/discord_spellcheck-1.zip: 64%
2023-11-13T23:20:01.517Z [Modules] Streaming discord_spellcheck@1 to /home/tiroir/.config/discord/0.0.35/modules/pending/discord_spellcheck-1.zip: 65%
2023-11-13T23:20:01.675Z [Modules] Streaming discord_spellcheck@1 to /home/tiroir/.config/discord/0.0.35/modules/pending/discord_spellcheck-1.zip: 66%
2023-11-13T23:20:01.826Z [Modules] Streaming discord_spellcheck@1 to /home/tiroir/.config/discord/0.0.35/modules/pending/discord_spellcheck-1.zip: 67%
2023-11-13T23:20:01.994Z [Modules] Streaming discord_spellcheck@1 to /home/tiroir/.config/discord/0.0.35/modules/pending/discord_spellcheck-1.zip: 68%
2023-11-13T23:20:02.132Z [Modules] Streaming discord_spellcheck@1 to /home/tiroir/.config/discord/0.0.35/modules/pending/discord_spellcheck-1.zip: 69%
2023-11-13T23:20:02.339Z [Modules] Streaming discord_spellcheck@1 to /home/tiroir/.config/discord/0.0.35/modules/pending/discord_spellcheck-1.zip: 70%
2023-11-13T23:20:02.466Z [Modules] Streaming discord_spellcheck@1 to /home/tiroir/.config/discord/0.0.35/modules/pending/discord_spellcheck-1.zip: 71%
2023-11-13T23:20:02.587Z [Modules] Streaming discord_spellcheck@1 to /home/tiroir/.config/discord/0.0.35/modules/pending/discord_spellcheck-1.zip: 72%
2023-11-13T23:20:02.687Z [Modules] Streaming discord_spellcheck@1 to /home/tiroir/.config/discord/0.0.35/modules/pending/discord_spellcheck-1.zip: 73%
2023-11-13T23:20:02.835Z [Modules] Streaming discord_spellcheck@1 to /home/tiroir/.config/discord/0.0.35/modules/pending/discord_spellcheck-1.zip: 74%
2023-11-13T23:20:02.952Z [Modules] Streaming discord_spellcheck@1 to /home/tiroir/.config/discord/0.0.35/modules/pending/discord_spellcheck-1.zip: 75%
2023-11-13T23:20:03.060Z [Modules] Streaming discord_spellcheck@1 to /home/tiroir/.config/discord/0.0.35/modules/pending/discord_spellcheck-1.zip: 76%
2023-11-13T23:20:03.197Z [Modules] Streaming discord_spellcheck@1 to /home/tiroir/.config/discord/0.0.35/modules/pending/discord_spellcheck-1.zip: 77%
2023-11-13T23:20:03.302Z [Modules] Streaming discord_spellcheck@1 to /home/tiroir/.config/discord/0.0.35/modules/pending/discord_spellcheck-1.zip: 78%
2023-11-13T23:20:03.511Z [Modules] Streaming discord_spellcheck@1 to /home/tiroir/.config/discord/0.0.35/modules/pending/discord_spellcheck-1.zip: 79%
2023-11-13T23:20:03.686Z [Modules] Streaming discord_spellcheck@1 to /home/tiroir/.config/discord/0.0.35/modules/pending/discord_spellcheck-1.zip: 80%
2023-11-13T23:20:03.777Z [Modules] Streaming discord_spellcheck@1 to /home/tiroir/.config/discord/0.0.35/modules/pending/discord_spellcheck-1.zip: 81%
2023-11-13T23:20:03.871Z [Modules] Streaming discord_spellcheck@1 to /home/tiroir/.config/discord/0.0.35/modules/pending/discord_spellcheck-1.zip: 82%
2023-11-13T23:20:03.983Z [Modules] Streaming discord_spellcheck@1 to /home/tiroir/.config/discord/0.0.35/modules/pending/discord_spellcheck-1.zip: 83%
2023-11-13T23:20:04.086Z [Modules] Streaming discord_spellcheck@1 to /home/tiroir/.config/discord/0.0.35/modules/pending/discord_spellcheck-1.zip: 84%
2023-11-13T23:20:04.215Z [Modules] Streaming discord_spellcheck@1 to /home/tiroir/.config/discord/0.0.35/modules/pending/discord_spellcheck-1.zip: 85%
2023-11-13T23:20:04.291Z [Modules] Streaming discord_spellcheck@1 to /home/tiroir/.config/discord/0.0.35/modules/pending/discord_spellcheck-1.zip: 86%
2023-11-13T23:20:04.412Z [Modules] Streaming discord_spellcheck@1 to /home/tiroir/.config/discord/0.0.35/modules/pending/discord_spellcheck-1.zip: 87%
2023-11-13T23:20:04.499Z [Modules] Streaming discord_spellcheck@1 to /home/tiroir/.config/discord/0.0.35/modules/pending/discord_spellcheck-1.zip: 88%
2023-11-13T23:20:04.648Z [Modules] Streaming discord_spellcheck@1 to /home/tiroir/.config/discord/0.0.35/modules/pending/discord_spellcheck-1.zip: 89%
2023-11-13T23:20:04.807Z [Modules] Streaming discord_spellcheck@1 to /home/tiroir/.config/discord/0.0.35/modules/pending/discord_spellcheck-1.zip: 90%
2023-11-13T23:20:04.896Z [Modules] Streaming discord_spellcheck@1 to /home/tiroir/.config/discord/0.0.35/modules/pending/discord_spellcheck-1.zip: 91%
2023-11-13T23:20:04.999Z [Modules] Streaming discord_spellcheck@1 to /home/tiroir/.config/discord/0.0.35/modules/pending/discord_spellcheck-1.zip: 92%
2023-11-13T23:20:05.089Z [Modules] Streaming discord_spellcheck@1 to /home/tiroir/.config/discord/0.0.35/modules/pending/discord_spellcheck-1.zip: 93%
2023-11-13T23:20:05.155Z [Modules] Streaming discord_spellcheck@1 to /home/tiroir/.config/discord/0.0.35/modules/pending/discord_spellcheck-1.zip: 94%
2023-11-13T23:20:05.302Z [Modules] Streaming discord_spellcheck@1 to /home/tiroir/.config/discord/0.0.35/modules/pending/discord_spellcheck-1.zip: 95%
2023-11-13T23:20:05.360Z [Modules] Streaming discord_spellcheck@1 to /home/tiroir/.config/discord/0.0.35/modules/pending/discord_spellcheck-1.zip: 96%
2023-11-13T23:20:05.449Z [Modules] Streaming discord_spellcheck@1 to /home/tiroir/.config/discord/0.0.35/modules/pending/discord_spellcheck-1.zip: 97%
2023-11-13T23:20:05.522Z [Modules] Streaming discord_spellcheck@1 to /home/tiroir/.config/discord/0.0.35/modules/pending/discord_spellcheck-1.zip: 98%
2023-11-13T23:20:05.579Z [Modules] Streaming discord_spellcheck@1 to /home/tiroir/.config/discord/0.0.35/modules/pending/discord_spellcheck-1.zip: 99%
2023-11-13T23:20:05.629Z [Modules] Streaming discord_spellcheck@1 to /home/tiroir/.config/discord/0.0.35/modules/pending/discord_spellcheck-1.zip: 100%
2023-11-13T23:20:05.631Z [Modules] Fetching discord_utils@1 from https://discord.com/api/modules/stable/discord_utils/1
2023-11-13T23:20:05.632Z [Modules] Streaming discord_utils@1 to /home/tiroir/.config/discord/0.0.35/modules/pending/discord_utils-1.zip
2023-11-13T23:20:10.945Z [Modules] Streaming discord_utils@1 to /home/tiroir/.config/discord/0.0.35/modules/pending/discord_utils-1.zip: 1%
2023-11-13T23:20:10.980Z [Modules] Streaming discord_utils@1 to /home/tiroir/.config/discord/0.0.35/modules/pending/discord_utils-1.zip: 2%
2023-11-13T23:20:11.017Z [Modules] Streaming discord_utils@1 to /home/tiroir/.config/discord/0.0.35/modules/pending/discord_utils-1.zip: 3%
2023-11-13T23:20:11.029Z [Modules] Streaming discord_utils@1 to /home/tiroir/.config/discord/0.0.35/modules/pending/discord_utils-1.zip: 5%
2023-11-13T23:20:11.046Z [Modules] Streaming discord_utils@1 to /home/tiroir/.config/discord/0.0.35/modules/pending/discord_utils-1.zip: 6%
2023-11-13T23:20:11.055Z [Modules] Streaming discord_utils@1 to /home/tiroir/.config/discord/0.0.35/modules/pending/discord_utils-1.zip: 7%
2023-11-13T23:20:11.123Z [Modules] Streaming discord_utils@1 to /home/tiroir/.config/discord/0.0.35/modules/pending/discord_utils-1.zip: 8%
2023-11-13T23:20:11.150Z [Modules] Streaming discord_utils@1 to /home/tiroir/.config/discord/0.0.35/modules/pending/discord_utils-1.zip: 9%
2023-11-13T23:20:11.184Z [Modules] Streaming discord_utils@1 to /home/tiroir/.config/discord/0.0.35/modules/pending/discord_utils-1.zip: 10%
2023-11-13T23:20:11.224Z [Modules] Streaming discord_utils@1 to /home/tiroir/.config/discord/0.0.35/modules/pending/discord_utils-1.zip: 11%
2023-11-13T23:20:11.288Z [Modules] Streaming discord_utils@1 to /home/tiroir/.config/discord/0.0.35/modules/pending/discord_utils-1.zip: 12%
2023-11-13T23:20:11.465Z [Modules] Streaming discord_utils@1 to /home/tiroir/.config/discord/0.0.35/modules/pending/discord_utils-1.zip: 13%
2023-11-13T23:20:11.517Z [Modules] Streaming discord_utils@1 to /home/tiroir/.config/discord/0.0.35/modules/pending/discord_utils-1.zip: 14%
2023-11-13T23:20:11.612Z [Modules] Streaming discord_utils@1 to /home/tiroir/.config/discord/0.0.35/modules/pending/discord_utils-1.zip: 15%
2023-11-13T23:20:11.654Z [Modules] Streaming discord_utils@1 to /home/tiroir/.config/discord/0.0.35/modules/pending/discord_utils-1.zip: 16%
2023-11-13T23:20:11.700Z [Modules] Streaming discord_utils@1 to /home/tiroir/.config/discord/0.0.35/modules/pending/discord_utils-1.zip: 17%
2023-11-13T23:20:11.813Z [Modules] Streaming discord_utils@1 to /home/tiroir/.config/discord/0.0.35/modules/pending/discord_utils-1.zip: 18%
2023-11-13T23:20:11.815Z [Modules] Streaming discord_utils@1 to /home/tiroir/.config/discord/0.0.35/modules/pending/discord_utils-1.zip: 19%
2023-11-13T23:20:11.843Z [Modules] Streaming discord_utils@1 to /home/tiroir/.config/discord/0.0.35/modules/pending/discord_utils-1.zip: 20%
2023-11-13T23:20:11.869Z [Modules] Streaming discord_utils@1 to /home/tiroir/.config/discord/0.0.35/modules/pending/discord_utils-1.zip: 21%
2023-11-13T23:20:11.891Z [Modules] Streaming discord_utils@1 to /home/tiroir/.config/discord/0.0.35/modules/pending/discord_utils-1.zip: 22%
2023-11-13T23:20:11.914Z [Modules] Streaming discord_utils@1 to /home/tiroir/.config/discord/0.0.35/modules/pending/discord_utils-1.zip: 23%
2023-11-13T23:20:11.931Z [Modules] Streaming discord_utils@1 to /home/tiroir/.config/discord/0.0.35/modules/pending/discord_utils-1.zip: 24%
2023-11-13T23:20:11.963Z [Modules] Streaming discord_utils@1 to /home/tiroir/.config/discord/0.0.35/modules/pending/discord_utils-1.zip: 25%
2023-11-13T23:20:11.992Z [Modules] Streaming discord_utils@1 to /home/tiroir/.config/discord/0.0.35/modules/pending/discord_utils-1.zip: 26%
2023-11-13T23:20:12.020Z [Modules] Streaming discord_utils@1 to /home/tiroir/.config/discord/0.0.35/modules/pending/discord_utils-1.zip: 27%
2023-11-13T23:20:12.038Z [Modules] Streaming discord_utils@1 to /home/tiroir/.config/discord/0.0.35/modules/pending/discord_utils-1.zip: 28%
2023-11-13T23:20:12.093Z [Modules] Streaming discord_utils@1 to /home/tiroir/.config/discord/0.0.35/modules/pending/discord_utils-1.zip: 29%
2023-11-13T23:20:12.134Z [Modules] Streaming discord_utils@1 to /home/tiroir/.config/discord/0.0.35/modules/pending/discord_utils-1.zip: 31%
2023-11-13T23:20:12.149Z [Modules] Streaming discord_utils@1 to /home/tiroir/.config/discord/0.0.35/modules/pending/discord_utils-1.zip: 32%
2023-11-13T23:20:12.158Z [Modules] Streaming discord_utils@1 to /home/tiroir/.config/discord/0.0.35/modules/pending/discord_utils-1.zip: 33%
2023-11-13T23:20:12.176Z [Modules] Streaming discord_utils@1 to /home/tiroir/.config/discord/0.0.35/modules/pending/discord_utils-1.zip: 34%
2023-11-13T23:20:12.186Z [Modules] Streaming discord_utils@1 to /home/tiroir/.config/discord/0.0.35/modules/pending/discord_utils-1.zip: 35%
2023-11-13T23:20:12.207Z [Modules] Streaming discord_utils@1 to /home/tiroir/.config/discord/0.0.35/modules/pending/discord_utils-1.zip: 36%
2023-11-13T23:20:12.233Z [Modules] Streaming discord_utils@1 to /home/tiroir/.config/discord/0.0.35/modules/pending/discord_utils-1.zip: 37%
2023-11-13T23:20:12.253Z [Modules] Streaming discord_utils@1 to /home/tiroir/.config/discord/0.0.35/modules/pending/discord_utils-1.zip: 38%
2023-11-13T23:20:12.270Z [Modules] Streaming discord_utils@1 to /home/tiroir/.config/discord/0.0.35/modules/pending/discord_utils-1.zip: 39%
2023-11-13T23:20:12.289Z [Modules] Streaming discord_utils@1 to /home/tiroir/.config/discord/0.0.35/modules/pending/discord_utils-1.zip: 40%
2023-11-13T23:20:12.344Z [Modules] Streaming discord_utils@1 to /home/tiroir/.config/discord/0.0.35/modules/pending/discord_utils-1.zip: 41%
2023-11-13T23:20:12.353Z [Modules] Streaming discord_utils@1 to /home/tiroir/.config/discord/0.0.35/modules/pending/discord_utils-1.zip: 42%
2023-11-13T23:20:12.364Z [Modules] Streaming discord_utils@1 to /home/tiroir/.config/discord/0.0.35/modules/pending/discord_utils-1.zip: 43%
2023-11-13T23:20:12.389Z [Modules] Streaming discord_utils@1 to /home/tiroir/.config/discord/0.0.35/modules/pending/discord_utils-1.zip: 44%
2023-11-13T23:20:12.398Z [Modules] Streaming discord_utils@1 to /home/tiroir/.config/discord/0.0.35/modules/pending/discord_utils-1.zip: 45%
2023-11-13T23:20:12.429Z [Modules] Streaming discord_utils@1 to /home/tiroir/.config/discord/0.0.35/modules/pending/discord_utils-1.zip: 47%
2023-11-13T23:20:12.446Z [Modules] Streaming discord_utils@1 to /home/tiroir/.config/discord/0.0.35/modules/pending/discord_utils-1.zip: 48%
2023-11-13T23:20:12.521Z [Modules] Streaming discord_utils@1 to /home/tiroir/.config/discord/0.0.35/modules/pending/discord_utils-1.zip: 49%
2023-11-13T23:20:12.527Z [Modules] Streaming discord_utils@1 to /home/tiroir/.config/discord/0.0.35/modules/pending/discord_utils-1.zip: 50%
2023-11-13T23:20:12.601Z [Modules] Streaming discord_utils@1 to /home/tiroir/.config/discord/0.0.35/modules/pending/discord_utils-1.zip: 51%
2023-11-13T23:20:12.644Z [Modules] Streaming discord_utils@1 to /home/tiroir/.config/discord/0.0.35/modules/pending/discord_utils-1.zip: 52%
2023-11-13T23:20:12.741Z [Modules] Streaming discord_utils@1 to /home/tiroir/.config/discord/0.0.35/modules/pending/discord_utils-1.zip: 53%
2023-11-13T23:20:12.841Z [Modules] Streaming discord_utils@1 to /home/tiroir/.config/discord/0.0.35/modules/pending/discord_utils-1.zip: 54%
2023-11-13T23:20:12.876Z [Modules] Streaming discord_utils@1 to /home/tiroir/.config/discord/0.0.35/modules/pending/discord_utils-1.zip: 55%
2023-11-13T23:20:12.936Z [Modules] Streaming discord_utils@1 to /home/tiroir/.config/discord/0.0.35/modules/pending/discord_utils-1.zip: 56%
2023-11-13T23:20:13.024Z [Modules] Streaming discord_utils@1 to /home/tiroir/.config/discord/0.0.35/modules/pending/discord_utils-1.zip: 57%
2023-11-13T23:20:13.066Z [Modules] Streaming discord_utils@1 to /home/tiroir/.config/discord/0.0.35/modules/pending/discord_utils-1.zip: 58%
2023-11-13T23:20:13.141Z [Modules] Streaming discord_utils@1 to /home/tiroir/.config/discord/0.0.35/modules/pending/discord_utils-1.zip: 59%
2023-11-13T23:20:13.246Z [Modules] Streaming discord_utils@1 to /home/tiroir/.config/discord/0.0.35/modules/pending/discord_utils-1.zip: 60%
2023-11-13T23:20:13.271Z [Modules] Streaming discord_utils@1 to /home/tiroir/.config/discord/0.0.35/modules/pending/discord_utils-1.zip: 61%
2023-11-13T23:20:13.619Z [Modules] Streaming discord_utils@1 to /home/tiroir/.config/discord/0.0.35/modules/pending/discord_utils-1.zip: 62%
2023-11-13T23:20:13.936Z [Modules] Streaming discord_utils@1 to /home/tiroir/.config/discord/0.0.35/modules/pending/discord_utils-1.zip: 63%
2023-11-13T23:20:14.025Z [Modules] Streaming discord_utils@1 to /home/tiroir/.config/discord/0.0.35/modules/pending/discord_utils-1.zip: 64%
2023-11-13T23:20:14.231Z [Modules] Streaming discord_utils@1 to /home/tiroir/.config/discord/0.0.35/modules/pending/discord_utils-1.zip: 65%
2023-11-13T23:20:15.663Z [Modules] Streaming discord_utils@1 to /home/tiroir/.config/discord/0.0.35/modules/pending/discord_utils-1.zip: 68%
2023-11-13T23:20:15.664Z [Modules] Streaming discord_utils@1 to /home/tiroir/.config/discord/0.0.35/modules/pending/discord_utils-1.zip: 72%
2023-11-13T23:20:15.757Z [Modules] Streaming discord_utils@1 to /home/tiroir/.config/discord/0.0.35/modules/pending/discord_utils-1.zip: 73%
2023-11-13T23:20:15.941Z [Modules] Streaming discord_utils@1 to /home/tiroir/.config/discord/0.0.35/modules/pending/discord_utils-1.zip: 74%
2023-11-13T23:20:16.090Z [Modules] Streaming discord_utils@1 to /home/tiroir/.config/discord/0.0.35/modules/pending/discord_utils-1.zip: 75%
2023-11-13T23:20:16.295Z [Modules] Streaming discord_utils@1 to /home/tiroir/.config/discord/0.0.35/modules/pending/discord_utils-1.zip: 76%
2023-11-13T23:20:16.522Z [Modules] Streaming discord_utils@1 to /home/tiroir/.config/discord/0.0.35/modules/pending/discord_utils-1.zip: 77%
2023-11-13T23:20:18.201Z [Modules] Streaming discord_utils@1 to /home/tiroir/.config/discord/0.0.35/modules/pending/discord_utils-1.zip: 79%
2023-11-13T23:20:18.529Z [Modules] Streaming discord_utils@1 to /home/tiroir/.config/discord/0.0.35/modules/pending/discord_utils-1.zip: 81%
2023-11-13T23:20:18.530Z [Modules] Streaming discord_utils@1 to /home/tiroir/.config/discord/0.0.35/modules/pending/discord_utils-1.zip: 85%
2023-11-13T23:20:18.546Z [Modules] Streaming discord_utils@1 to /home/tiroir/.config/discord/0.0.35/modules/pending/discord_utils-1.zip: 86%
2023-11-13T23:20:18.707Z [Modules] Streaming discord_utils@1 to /home/tiroir/.config/discord/0.0.35/modules/pending/discord_utils-1.zip: 87%
2023-11-13T23:20:18.875Z [Modules] Streaming discord_utils@1 to /home/tiroir/.config/discord/0.0.35/modules/pending/discord_utils-1.zip: 88%
2023-11-13T23:20:19.086Z [Modules] Streaming discord_utils@1 to /home/tiroir/.config/discord/0.0.35/modules/pending/discord_utils-1.zip: 89%
2023-11-13T23:20:19.317Z [Modules] Streaming discord_utils@1 to /home/tiroir/.config/discord/0.0.35/modules/pending/discord_utils-1.zip: 90%
2023-11-13T23:20:19.497Z [Modules] Streaming discord_utils@1 to /home/tiroir/.config/discord/0.0.35/modules/pending/discord_utils-1.zip: 91%
2023-11-13T23:20:19.603Z [Modules] Streaming discord_utils@1 to /home/tiroir/.config/discord/0.0.35/modules/pending/discord_utils-1.zip: 92%
2023-11-13T23:20:19.915Z [Modules] Streaming discord_utils@1 to /home/tiroir/.config/discord/0.0.35/modules/pending/discord_utils-1.zip: 93%
2023-11-13T23:20:20.021Z [Modules] Streaming discord_utils@1 to /home/tiroir/.config/discord/0.0.35/modules/pending/discord_utils-1.zip: 94%
2023-11-13T23:20:20.068Z [Modules] Streaming discord_utils@1 to /home/tiroir/.config/discord/0.0.35/modules/pending/discord_utils-1.zip: 95%
2023-11-13T23:20:20.107Z [Modules] Streaming discord_utils@1 to /home/tiroir/.config/discord/0.0.35/modules/pending/discord_utils-1.zip: 96%
2023-11-13T23:20:20.163Z [Modules] Streaming discord_utils@1 to /home/tiroir/.config/discord/0.0.35/modules/pending/discord_utils-1.zip: 97%
2023-11-13T23:20:20.248Z [Modules] Streaming discord_utils@1 to /home/tiroir/.config/discord/0.0.35/modules/pending/discord_utils-1.zip: 98%
2023-11-13T23:20:20.407Z [Modules] Streaming discord_utils@1 to /home/tiroir/.config/discord/0.0.35/modules/pending/discord_utils-1.zip: 99%
2023-11-13T23:20:20.469Z [Modules] Streaming discord_utils@1 to /home/tiroir/.config/discord/0.0.35/modules/pending/discord_utils-1.zip: 100%
2023-11-13T23:20:20.470Z [Modules] Fetching discord_voice@1 from https://discord.com/api/modules/stable/discord_voice/1
2023-11-13T23:20:20.470Z [Modules] Streaming discord_voice@1 to /home/tiroir/.config/discord/0.0.35/modules/pending/discord_voice-1.zip
2023-11-13T23:20:21.457Z [Modules] Streaming discord_voice@1 to /home/tiroir/.config/discord/0.0.35/modules/pending/discord_voice-1.zip: 1%
2023-11-13T23:20:21.599Z [Modules] Streaming discord_voice@1 to /home/tiroir/.config/discord/0.0.35/modules/pending/discord_voice-1.zip: 2%
2023-11-13T23:20:21.807Z [Modules] Streaming discord_voice@1 to /home/tiroir/.config/discord/0.0.35/modules/pending/discord_voice-1.zip: 3%
2023-11-13T23:20:21.917Z [Modules] Streaming discord_voice@1 to /home/tiroir/.config/discord/0.0.35/modules/pending/discord_voice-1.zip: 4%
2023-11-13T23:20:22.143Z [Modules] Streaming discord_voice@1 to /home/tiroir/.config/discord/0.0.35/modules/pending/discord_voice-1.zip: 5%
2023-11-13T23:20:22.466Z [Modules] Streaming discord_voice@1 to /home/tiroir/.config/discord/0.0.35/modules/pending/discord_voice-1.zip: 6%
2023-11-13T23:20:23.303Z [Modules] Streaming discord_voice@1 to /home/tiroir/.config/discord/0.0.35/modules/pending/discord_voice-1.zip: 7%
2023-11-13T23:20:24.100Z [Modules] Streaming discord_voice@1 to /home/tiroir/.config/discord/0.0.35/modules/pending/discord_voice-1.zip: 8%
2023-11-13T23:20:24.327Z [Modules] Streaming discord_voice@1 to /home/tiroir/.config/discord/0.0.35/modules/pending/discord_voice-1.zip: 9%
2023-11-13T23:20:24.577Z [Modules] Streaming discord_voice@1 to /home/tiroir/.config/discord/0.0.35/modules/pending/discord_voice-1.zip: 10%
2023-11-13T23:20:24.831Z [Modules] Streaming discord_voice@1 to /home/tiroir/.config/discord/0.0.35/modules/pending/discord_voice-1.zip: 11%
2023-11-13T23:20:25.115Z [Modules] Streaming discord_voice@1 to /home/tiroir/.config/discord/0.0.35/modules/pending/discord_voice-1.zip: 12%
2023-11-13T23:20:25.301Z [Modules] Streaming discord_voice@1 to /home/tiroir/.config/discord/0.0.35/modules/pending/discord_voice-1.zip: 13%
2023-11-13T23:20:25.484Z [Modules] Streaming discord_voice@1 to /home/tiroir/.config/discord/0.0.35/modules/pending/discord_voice-1.zip: 14%
2023-11-13T23:20:25.703Z [Modules] Streaming discord_voice@1 to /home/tiroir/.config/discord/0.0.35/modules/pending/discord_voice-1.zip: 15%
2023-11-13T23:20:25.852Z [Modules] Streaming discord_voice@1 to /home/tiroir/.config/discord/0.0.35/modules/pending/discord_voice-1.zip: 16%
2023-11-13T23:20:25.996Z [Modules] Streaming discord_voice@1 to /home/tiroir/.config/discord/0.0.35/modules/pending/discord_voice-1.zip: 17%
2023-11-13T23:20:26.143Z [Modules] Streaming discord_voice@1 to /home/tiroir/.config/discord/0.0.35/modules/pending/discord_voice-1.zip: 18%
2023-11-13T23:20:26.325Z [Modules] Streaming discord_voice@1 to /home/tiroir/.config/discord/0.0.35/modules/pending/discord_voice-1.zip: 19%
2023-11-13T23:20:26.466Z [Modules] Streaming discord_voice@1 to /home/tiroir/.config/discord/0.0.35/modules/pending/discord_voice-1.zip: 20%
2023-11-13T23:20:26.581Z [Modules] Streaming discord_voice@1 to /home/tiroir/.config/discord/0.0.35/modules/pending/discord_voice-1.zip: 21%
2023-11-13T23:20:26.765Z [Modules] Streaming discord_voice@1 to /home/tiroir/.config/discord/0.0.35/modules/pending/discord_voice-1.zip: 22%
2023-11-13T23:20:26.952Z [Modules] Streaming discord_voice@1 to /home/tiroir/.config/discord/0.0.35/modules/pending/discord_voice-1.zip: 23%
2023-11-13T23:20:27.103Z [Modules] Streaming discord_voice@1 to /home/tiroir/.config/discord/0.0.35/modules/pending/discord_voice-1.zip: 24%
2023-11-13T23:20:27.238Z [Modules] Streaming discord_voice@1 to /home/tiroir/.config/discord/0.0.35/modules/pending/discord_voice-1.zip: 25%
2023-11-13T23:20:27.428Z [Modules] Streaming discord_voice@1 to /home/tiroir/.config/discord/0.0.35/modules/pending/discord_voice-1.zip: 26%
2023-11-13T23:20:27.571Z [Modules] Streaming discord_voice@1 to /home/tiroir/.config/discord/0.0.35/modules/pending/discord_voice-1.zip: 27%
2023-11-13T23:20:27.790Z [Modules] Streaming discord_voice@1 to /home/tiroir/.config/discord/0.0.35/modules/pending/discord_voice-1.zip: 28%
2023-11-13T23:20:28.015Z [Modules] Streaming discord_voice@1 to /home/tiroir/.config/discord/0.0.35/modules/pending/discord_voice-1.zip: 29%
2023-11-13T23:20:28.178Z [Modules] Streaming discord_voice@1 to /home/tiroir/.config/discord/0.0.35/modules/pending/discord_voice-1.zip: 30%
2023-11-13T23:20:28.320Z [Modules] Streaming discord_voice@1 to /home/tiroir/.config/discord/0.0.35/modules/pending/discord_voice-1.zip: 31%
2023-11-13T23:20:28.629Z [Modules] Streaming discord_voice@1 to /home/tiroir/.config/discord/0.0.35/modules/pending/discord_voice-1.zip: 32%
2023-11-13T23:20:28.876Z [Modules] Streaming discord_voice@1 to /home/tiroir/.config/discord/0.0.35/modules/pending/discord_voice-1.zip: 33%
2023-11-13T23:20:29.085Z [Modules] Streaming discord_voice@1 to /home/tiroir/.config/discord/0.0.35/modules/pending/discord_voice-1.zip: 34%
2023-11-13T23:20:29.347Z [Modules] Streaming discord_voice@1 to /home/tiroir/.config/discord/0.0.35/modules/pending/discord_voice-1.zip: 35%
2023-11-13T23:20:29.688Z [Modules] Streaming discord_voice@1 to /home/tiroir/.config/discord/0.0.35/modules/pending/discord_voice-1.zip: 36%
2023-11-13T23:20:30.105Z [Modules] Streaming discord_voice@1 to /home/tiroir/.config/discord/0.0.35/modules/pending/discord_voice-1.zip: 37%
2023-11-13T23:20:30.288Z [Modules] Streaming discord_voice@1 to /home/tiroir/.config/discord/0.0.35/modules/pending/discord_voice-1.zip: 38%
2023-11-13T23:20:30.570Z [Modules] Streaming discord_voice@1 to /home/tiroir/.config/discord/0.0.35/modules/pending/discord_voice-1.zip: 39%
2023-11-13T23:20:30.734Z [Modules] Streaming discord_voice@1 to /home/tiroir/.config/discord/0.0.35/modules/pending/discord_voice-1.zip: 40%
2023-11-13T23:20:30.915Z [Modules] Streaming discord_voice@1 to /home/tiroir/.config/discord/0.0.35/modules/pending/discord_voice-1.zip: 41%
2023-11-13T23:20:31.065Z [Modules] Streaming discord_voice@1 to /home/tiroir/.config/discord/0.0.35/modules/pending/discord_voice-1.zip: 42%
2023-11-13T23:20:31.305Z [Modules] Streaming discord_voice@1 to /home/tiroir/.config/discord/0.0.35/modules/pending/discord_voice-1.zip: 43%
2023-11-13T23:20:31.477Z [Modules] Streaming discord_voice@1 to /home/tiroir/.config/discord/0.0.35/modules/pending/discord_voice-1.zip: 44%
2023-11-13T23:20:31.812Z [Modules] Streaming discord_voice@1 to /home/tiroir/.config/discord/0.0.35/modules/pending/discord_voice-1.zip: 45%
2023-11-13T23:20:32.459Z [Modules] Streaming discord_voice@1 to /home/tiroir/.config/discord/0.0.35/modules/pending/discord_voice-1.zip: 46%
2023-11-13T23:20:33.271Z [Modules] Streaming discord_voice@1 to /home/tiroir/.config/discord/0.0.35/modules/pending/discord_voice-1.zip: 47%
2023-11-13T23:20:34.126Z [Modules] Streaming discord_voice@1 to /home/tiroir/.config/discord/0.0.35/modules/pending/discord_voice-1.zip: 48%
2023-11-13T23:20:34.892Z [Modules] Streaming discord_voice@1 to /home/tiroir/.config/discord/0.0.35/modules/pending/discord_voice-1.zip: 49%
2023-11-13T23:20:35.927Z [Modules] Streaming discord_voice@1 to /home/tiroir/.config/discord/0.0.35/modules/pending/discord_voice-1.zip: 50%
2023-11-13T23:20:36.605Z [Modules] Streaming discord_voice@1 to /home/tiroir/.config/discord/0.0.35/modules/pending/discord_voice-1.zip: 51%
2023-11-13T23:20:37.607Z [Modules] Streaming discord_voice@1 to /home/tiroir/.config/discord/0.0.35/modules/pending/discord_voice-1.zip: 52%
2023-11-13T23:20:38.890Z [Modules] Streaming discord_voice@1 to /home/tiroir/.config/discord/0.0.35/modules/pending/discord_voice-1.zip: 53%
2023-11-13T23:20:39.820Z [Modules] Streaming discord_voice@1 to /home/tiroir/.config/discord/0.0.35/modules/pending/discord_voice-1.zip: 54%
2023-11-13T23:20:40.590Z [Modules] Streaming discord_voice@1 to /home/tiroir/.config/discord/0.0.35/modules/pending/discord_voice-1.zip: 55%
2023-11-13T23:20:41.524Z [Modules] Streaming discord_voice@1 to /home/tiroir/.config/discord/0.0.35/modules/pending/discord_voice-1.zip: 56%
2023-11-13T23:20:42.874Z [Modules] Streaming discord_voice@1 to /home/tiroir/.config/discord/0.0.35/modules/pending/discord_voice-1.zip: 57%
2023-11-13T23:20:44.163Z [Modules] Streaming discord_voice@1 to /home/tiroir/.config/discord/0.0.35/modules/pending/discord_voice-1.zip: 58%
2023-11-13T23:20:45.711Z [Modules] Streaming discord_voice@1 to /home/tiroir/.config/discord/0.0.35/modules/pending/discord_voice-1.zip: 59%
2023-11-13T23:20:47.543Z [Modules] Streaming discord_voice@1 to /home/tiroir/.config/discord/0.0.35/modules/pending/discord_voice-1.zip: 60%
2023-11-13T23:20:49.374Z [Modules] Streaming discord_voice@1 to /home/tiroir/.config/discord/0.0.35/modules/pending/discord_voice-1.zip: 61%
2023-11-13T23:20:51.590Z [Modules] Streaming discord_voice@1 to /home/tiroir/.config/discord/0.0.35/modules/pending/discord_voice-1.zip: 62%
2023-11-13T23:20:54.818Z [Modules] Streaming discord_voice@1 to /home/tiroir/.config/discord/0.0.35/modules/pending/discord_voice-1.zip: 63%
2023-11-13T23:20:58.072Z [Modules] Streaming discord_voice@1 to /home/tiroir/.config/discord/0.0.35/modules/pending/discord_voice-1.zip: 64%
2023-11-13T23:21:00.419Z [Modules] Streaming discord_voice@1 to /home/tiroir/.config/discord/0.0.35/modules/pending/discord_voice-1.zip: 65%
2023-11-13T23:21:01.265Z [Modules] Streaming discord_voice@1 to /home/tiroir/.config/discord/0.0.35/modules/pending/discord_voice-1.zip: 66%
2023-11-13T23:21:01.855Z [Modules] Streaming discord_voice@1 to /home/tiroir/.config/discord/0.0.35/modules/pending/discord_voice-1.zip: 67%
2023-11-13T23:21:02.241Z [Modules] Streaming discord_voice@1 to /home/tiroir/.config/discord/0.0.35/modules/pending/discord_voice-1.zip: 68%
2023-11-13T23:21:02.563Z [Modules] Streaming discord_voice@1 to /home/tiroir/.config/discord/0.0.35/modules/pending/discord_voice-1.zip: 69%
2023-11-13T23:21:02.875Z [Modules] Streaming discord_voice@1 to /home/tiroir/.config/discord/0.0.35/modules/pending/discord_voice-1.zip: 70%
2023-11-13T23:21:03.238Z [Modules] Streaming discord_voice@1 to /home/tiroir/.config/discord/0.0.35/modules/pending/discord_voice-1.zip: 71%
2023-11-13T23:21:03.497Z [Modules] Streaming discord_voice@1 to /home/tiroir/.config/discord/0.0.35/modules/pending/discord_voice-1.zip: 72%
2023-11-13T23:21:03.742Z [Modules] Streaming discord_voice@1 to /home/tiroir/.config/discord/0.0.35/modules/pending/discord_voice-1.zip: 73%
2023-11-13T23:21:03.952Z [Modules] Streaming discord_voice@1 to /home/tiroir/.config/discord/0.0.35/modules/pending/discord_voice-1.zip: 74%
2023-11-13T23:21:04.157Z [Modules] Streaming discord_voice@1 to /home/tiroir/.config/discord/0.0.35/modules/pending/discord_voice-1.zip: 75%
2023-11-13T23:21:04.438Z [Modules] Streaming discord_voice@1 to /home/tiroir/.config/discord/0.0.35/modules/pending/discord_voice-1.zip: 76%
2023-11-13T23:21:04.803Z [Modules] Streaming discord_voice@1 to /home/tiroir/.config/discord/0.0.35/modules/pending/discord_voice-1.zip: 77%
2023-11-13T23:21:05.476Z [Modules] Streaming discord_voice@1 to /home/tiroir/.config/discord/0.0.35/modules/pending/discord_voice-1.zip: 78%
2023-11-13T23:21:06.102Z [Modules] Streaming discord_voice@1 to /home/tiroir/.config/discord/0.0.35/modules/pending/discord_voice-1.zip: 79%
2023-11-13T23:21:06.311Z [Modules] Streaming discord_voice@1 to /home/tiroir/.config/discord/0.0.35/modules/pending/discord_voice-1.zip: 80%
2023-11-13T23:21:06.737Z [Modules] Streaming discord_voice@1 to /home/tiroir/.config/discord/0.0.35/modules/pending/discord_voice-1.zip: 81%
2023-11-13T23:21:07.508Z [Modules] Streaming discord_voice@1 to /home/tiroir/.config/discord/0.0.35/modules/pending/discord_voice-1.zip: 82%
2023-11-13T23:21:07.892Z [Modules] Streaming discord_voice@1 to /home/tiroir/.config/discord/0.0.35/modules/pending/discord_voice-1.zip: 83%
2023-11-13T23:21:08.831Z [Modules] Streaming discord_voice@1 to /home/tiroir/.config/discord/0.0.35/modules/pending/discord_voice-1.zip: 84%
2023-11-13T23:21:09.736Z [Modules] Streaming discord_voice@1 to /home/tiroir/.config/discord/0.0.35/modules/pending/discord_voice-1.zip: 85%
2023-11-13T23:21:10.516Z [Modules] Streaming discord_voice@1 to /home/tiroir/.config/discord/0.0.35/modules/pending/discord_voice-1.zip: 86%
2023-11-13T23:21:12.076Z [Modules] Streaming discord_voice@1 to /home/tiroir/.config/discord/0.0.35/modules/pending/discord_voice-1.zip: 87%
2023-11-13T23:21:13.370Z [Modules] Streaming discord_voice@1 to /home/tiroir/.config/discord/0.0.35/modules/pending/discord_voice-1.zip: 88%
2023-11-13T23:21:14.333Z [Modules] Streaming discord_voice@1 to /home/tiroir/.config/discord/0.0.35/modules/pending/discord_voice-1.zip: 89%
2023-11-13T23:21:15.054Z [Modules] Streaming discord_voice@1 to /home/tiroir/.config/discord/0.0.35/modules/pending/discord_voice-1.zip: 90%
2023-11-13T23:21:15.730Z [Modules] Streaming discord_voice@1 to /home/tiroir/.config/discord/0.0.35/modules/pending/discord_voice-1.zip: 91%
2023-11-13T23:21:16.580Z [Modules] Streaming discord_voice@1 to /home/tiroir/.config/discord/0.0.35/modules/pending/discord_voice-1.zip: 92%
2023-11-13T23:21:17.330Z [Modules] Streaming discord_voice@1 to /home/tiroir/.config/discord/0.0.35/modules/pending/discord_voice-1.zip: 93%
2023-11-13T23:21:18.052Z [Modules] Streaming discord_voice@1 to /home/tiroir/.config/discord/0.0.35/modules/pending/discord_voice-1.zip: 94%
2023-11-13T23:21:18.669Z [Modules] Streaming discord_voice@1 to /home/tiroir/.config/discord/0.0.35/modules/pending/discord_voice-1.zip: 95%
2023-11-13T23:21:19.469Z [Modules] Streaming discord_voice@1 to /home/tiroir/.config/discord/0.0.35/modules/pending/discord_voice-1.zip: 96%
2023-11-13T23:21:20.320Z [Modules] Streaming discord_voice@1 to /home/tiroir/.config/discord/0.0.35/modules/pending/discord_voice-1.zip: 97%
2023-11-13T23:21:21.035Z [Modules] Streaming discord_voice@1 to /home/tiroir/.config/discord/0.0.35/modules/pending/discord_voice-1.zip: 98%
2023-11-13T23:21:21.794Z [Modules] Streaming discord_voice@1 to /home/tiroir/.config/discord/0.0.35/modules/pending/discord_voice-1.zip: 99%
2023-11-13T23:21:23.412Z [Modules] Streaming discord_voice@1 to /home/tiroir/.config/discord/0.0.35/modules/pending/discord_voice-1.zip: 100%
2023-11-13T23:21:23.413Z [Modules] Finished module downloads. [success: 5] [failure: 0]
2023-11-13T23:21:23.413Z [Modules] Installing updates...
2023-11-13T23:21:23.413Z [Modules] Installing discord_desktop_core@1 from /home/tiroir/.config/discord/0.0.35/modules/pending/discord_desktop_core-1.zip
2023-11-13T23:21:23.478Z [Modules] Installing discord_erlpack@1 from /home/tiroir/.config/discord/0.0.35/modules/pending/discord_erlpack-1.zip
2023-11-13T23:21:23.519Z [Modules] Installing discord_spellcheck@1 from /home/tiroir/.config/discord/0.0.35/modules/pending/discord_spellcheck-1.zip
2023-11-13T23:21:23.953Z [Modules] Installing discord_utils@1 from /home/tiroir/.config/discord/0.0.35/modules/pending/discord_utils-1.zip
2023-11-13T23:21:24.075Z [Modules] Installing discord_voice@1 from /home/tiroir/.config/discord/0.0.35/modules/pending/discord_voice-1.zip
2023-11-13T23:21:24.553Z [Modules] Finished module installations. [success: 5] [failure: 0]
2023-11-13T23:21:24.554Z [Modules] Checking for host updates.
2023-11-13T23:21:24.929Z [Modules] Host is up to date.
2023-11-13T23:21:24.930Z [Modules] Checking for module updates at https://discord.com/api/modules/stable/versions.json
2023-11-13T23:21:25.368Z [Modules] No module updates available.
2023-11-13T23:21:26.894Z [Modules] Starting to install discord_krisp...
2023-11-13T23:21:26.895Z [Modules] Fetching discord_krisp@1 from https://discord.com/api/modules/stable/discord_krisp/1
2023-11-13T23:21:26.895Z [Modules] Streaming discord_krisp@1 to /home/tiroir/.config/discord/0.0.35/modules/pending/discord_krisp-1.zip
2023-11-13T23:21:26.910Z [Modules] Starting to install discord_game_utils...
2023-11-13T23:21:27.296Z [Modules] Checking for host updates.
2023-11-13T23:21:27.361Z [Modules] Starting to install discord_rpc...
2023-11-13T23:21:27.637Z [Modules] Host is up to date.
2023-11-13T23:21:27.637Z [Modules] Checking for module updates at https://discord.com/api/modules/stable/versions.json
2023-11-13T23:21:28.729Z [Modules] No module updates available.
2023-11-13T23:21:30.629Z [Modules] Streaming discord_krisp@1 to /home/tiroir/.config/discord/0.0.35/modules/pending/discord_krisp-1.zip: 1%
2023-11-13T23:21:31.903Z [Modules] Streaming discord_krisp@1 to /home/tiroir/.config/discord/0.0.35/modules/pending/discord_krisp-1.zip: 2%
2023-11-13T23:21:33.076Z [Modules] Streaming discord_krisp@1 to /home/tiroir/.config/discord/0.0.35/modules/pending/discord_krisp-1.zip: 3%
2023-11-13T23:21:35.626Z [Modules] Streaming discord_krisp@1 to /home/tiroir/.config/discord/0.0.35/modules/pending/discord_krisp-1.zip: 4%
2023-11-13T23:21:35.626Z [Modules] Streaming discord_krisp@1 to /home/tiroir/.config/discord/0.0.35/modules/pending/discord_krisp-1.zip: 5%
2023-11-13T23:21:36.243Z [Modules] Streaming discord_krisp@1 to /home/tiroir/.config/discord/0.0.35/modules/pending/discord_krisp-1.zip: 6%
2023-11-13T23:21:37.627Z [Modules] Streaming discord_krisp@1 to /home/tiroir/.config/discord/0.0.35/modules/pending/discord_krisp-1.zip: 7%
2023-11-13T23:21:39.019Z [Modules] Streaming discord_krisp@1 to /home/tiroir/.config/discord/0.0.35/modules/pending/discord_krisp-1.zip: 8%
2023-11-13T23:21:40.053Z [Modules] Streaming discord_krisp@1 to /home/tiroir/.config/discord/0.0.35/modules/pending/discord_krisp-1.zip: 9%
2023-11-13T23:21:41.087Z [Modules] Streaming discord_krisp@1 to /home/tiroir/.config/discord/0.0.35/modules/pending/discord_krisp-1.zip: 10%
2023-11-13T23:21:41.704Z [Modules] Streaming discord_krisp@1 to /home/tiroir/.config/discord/0.0.35/modules/pending/discord_krisp-1.zip: 11%
2023-11-13T23:21:43.976Z [Modules] Streaming discord_krisp@1 to /home/tiroir/.config/discord/0.0.35/modules/pending/discord_krisp-1.zip: 12%
2023-11-13T23:21:46.450Z [Modules] Streaming discord_krisp@1 to /home/tiroir/.config/discord/0.0.35/modules/pending/discord_krisp-1.zip: 13%
2023-11-13T23:21:48.593Z [Modules] Streaming discord_krisp@1 to /home/tiroir/.config/discord/0.0.35/modules/pending/discord_krisp-1.zip: 14%
2023-11-13T23:21:50.864Z [Modules] Streaming discord_krisp@1 to /home/tiroir/.config/discord/0.0.35/modules/pending/discord_krisp-1.zip: 15%
2023-11-13T23:21:52.654Z [Modules] Streaming discord_krisp@1 to /home/tiroir/.config/discord/0.0.35/modules/pending/discord_krisp-1.zip: 16%
2023-11-13T23:21:54.128Z [Modules] Streaming discord_krisp@1 to /home/tiroir/.config/discord/0.0.35/modules/pending/discord_krisp-1.zip: 17%
2023-11-13T23:21:55.163Z [Modules] Streaming discord_krisp@1 to /home/tiroir/.config/discord/0.0.35/modules/pending/discord_krisp-1.zip: 18%
2023-11-13T23:21:56.352Z [Modules] Streaming discord_krisp@1 to /home/tiroir/.config/discord/0.0.35/modules/pending/discord_krisp-1.zip: 19%
2023-11-13T23:21:58.546Z [Modules] Streaming discord_krisp@1 to /home/tiroir/.config/discord/0.0.35/modules/pending/discord_krisp-1.zip: 20%
2023-11-13T23:22:00.195Z [Modules] Streaming discord_krisp@1 to /home/tiroir/.config/discord/0.0.35/modules/pending/discord_krisp-1.zip: 21%
2023-11-13T23:22:01.771Z [Modules] Streaming discord_krisp@1 to /home/tiroir/.config/discord/0.0.35/modules/pending/discord_krisp-1.zip: 22%
2023-11-13T23:22:02.696Z [Modules] Streaming discord_krisp@1 to /home/tiroir/.config/discord/0.0.35/modules/pending/discord_krisp-1.zip: 23%
2023-11-13T23:22:03.205Z [Modules] Streaming discord_krisp@1 to /home/tiroir/.config/discord/0.0.35/modules/pending/discord_krisp-1.zip: 24%
2023-11-13T23:22:06.462Z [Modules] Streaming discord_krisp@1 to /home/tiroir/.config/discord/0.0.35/modules/pending/discord_krisp-1.zip: 25%
2023-11-13T23:22:11.151Z [Modules] Streaming discord_krisp@1 to /home/tiroir/.config/discord/0.0.35/modules/pending/discord_krisp-1.zip: 26%
2023-11-13T23:22:12.062Z [Modules] Streaming discord_krisp@1 to /home/tiroir/.config/discord/0.0.35/modules/pending/discord_krisp-1.zip: 27%
2023-11-13T23:22:14.118Z [Modules] Streaming discord_krisp@1 to /home/tiroir/.config/discord/0.0.35/modules/pending/discord_krisp-1.zip: 28%
2023-11-13T23:22:15.826Z [Modules] Streaming discord_krisp@1 to /home/tiroir/.config/discord/0.0.35/modules/pending/discord_krisp-1.zip: 29%
2023-11-13T23:22:16.998Z [Modules] Streaming discord_krisp@1 to /home/tiroir/.config/discord/0.0.35/modules/pending/discord_krisp-1.zip: 30%
2023-11-13T23:22:19.344Z [Modules] Streaming discord_krisp@1 to /home/tiroir/.config/discord/0.0.35/modules/pending/discord_krisp-1.zip: 31%
2023-11-13T23:22:21.160Z [Modules] Streaming discord_krisp@1 to /home/tiroir/.config/discord/0.0.35/modules/pending/discord_krisp-1.zip: 32%
2023-11-13T23:22:24.239Z [Modules] Streaming discord_krisp@1 to /home/tiroir/.config/discord/0.0.35/modules/pending/discord_krisp-1.zip: 33%
2023-11-13T23:22:26.037Z [Modules] Streaming discord_krisp@1 to /home/tiroir/.config/discord/0.0.35/modules/pending/discord_krisp-1.zip: 34%
2023-11-13T23:22:28.929Z [Modules] Streaming discord_krisp@1 to /home/tiroir/.config/discord/0.0.35/modules/pending/discord_krisp-1.zip: 35%
2023-11-13T23:22:30.563Z [Modules] Streaming discord_krisp@1 to /home/tiroir/.config/discord/0.0.35/modules/pending/discord_krisp-1.zip: 36%
2023-11-13T23:22:34.597Z [Modules] Streaming discord_krisp@1 to /home/tiroir/.config/discord/0.0.35/modules/pending/discord_krisp-1.zip: 37%
2023-11-13T23:22:36.474Z [Modules] Streaming discord_krisp@1 to /home/tiroir/.config/discord/0.0.35/modules/pending/discord_krisp-1.zip: 38%
2023-11-13T23:22:39.410Z [Modules] Streaming discord_krisp@1 to /home/tiroir/.config/discord/0.0.35/modules/pending/discord_krisp-1.zip: 39%
2023-11-13T23:22:42.194Z [Modules] Streaming discord_krisp@1 to /home/tiroir/.config/discord/0.0.35/modules/pending/discord_krisp-1.zip: 40%
2023-11-13T23:22:43.939Z [Modules] Streaming discord_krisp@1 to /home/tiroir/.config/discord/0.0.35/modules/pending/discord_krisp-1.zip: 41%
2023-11-13T23:22:46.531Z [Modules] Streaming discord_krisp@1 to /home/tiroir/.config/discord/0.0.35/modules/pending/discord_krisp-1.zip: 42%
2023-11-13T23:22:47.887Z [Modules] Streaming discord_krisp@1 to /home/tiroir/.config/discord/0.0.35/modules/pending/discord_krisp-1.zip: 43%
2023-11-13T23:22:48.891Z [Modules] Streaming discord_krisp@1 to /home/tiroir/.config/discord/0.0.35/modules/pending/discord_krisp-1.zip: 44%
2023-11-13T23:22:49.649Z [Modules] Streaming discord_krisp@1 to /home/tiroir/.config/discord/0.0.35/modules/pending/discord_krisp-1.zip: 45%
2023-11-13T23:22:50.368Z [Modules] Streaming discord_krisp@1 to /home/tiroir/.config/discord/0.0.35/modules/pending/discord_krisp-1.zip: 46%
2023-11-13T23:22:52.441Z [Modules] Streaming discord_krisp@1 to /home/tiroir/.config/discord/0.0.35/modules/pending/discord_krisp-1.zip: 47%
2023-11-13T23:22:54.320Z [Modules] Streaming discord_krisp@1 to /home/tiroir/.config/discord/0.0.35/modules/pending/discord_krisp-1.zip: 48%
2023-11-13T23:22:54.977Z [Modules] Streaming discord_krisp@1 to /home/tiroir/.config/discord/0.0.35/modules/pending/discord_krisp-1.zip: 49%
2023-11-13T23:22:55.748Z [Modules] Streaming discord_krisp@1 to /home/tiroir/.config/discord/0.0.35/modules/pending/discord_krisp-1.zip: 50%
2023-11-13T23:22:56.415Z [Modules] Streaming discord_krisp@1 to /home/tiroir/.config/discord/0.0.35/modules/pending/discord_krisp-1.zip: 51%
2023-11-13T23:22:57.291Z [Modules] Streaming discord_krisp@1 to /home/tiroir/.config/discord/0.0.35/modules/pending/discord_krisp-1.zip: 52%
2023-11-13T23:22:59.067Z [Modules] Streaming discord_krisp@1 to /home/tiroir/.config/discord/0.0.35/modules/pending/discord_krisp-1.zip: 53%
2023-11-13T23:23:01.762Z [Modules] Streaming discord_krisp@1 to /home/tiroir/.config/discord/0.0.35/modules/pending/discord_krisp-1.zip: 54%
2023-11-13T23:23:03.544Z [Modules] Streaming discord_krisp@1 to /home/tiroir/.config/discord/0.0.35/modules/pending/discord_krisp-1.zip: 55%
2023-11-13T23:23:04.091Z [Modules] Streaming discord_krisp@1 to /home/tiroir/.config/discord/0.0.35/modules/pending/discord_krisp-1.zip: 56%
2023-11-13T23:23:04.543Z [Modules] Streaming discord_krisp@1 to /home/tiroir/.config/discord/0.0.35/modules/pending/discord_krisp-1.zip: 57%
2023-11-13T23:23:04.884Z [Modules] Streaming discord_krisp@1 to /home/tiroir/.config/discord/0.0.35/modules/pending/discord_krisp-1.zip: 58%
2023-11-13T23:23:05.134Z [Modules] Streaming discord_krisp@1 to /home/tiroir/.config/discord/0.0.35/modules/pending/discord_krisp-1.zip: 59%
2023-11-13T23:23:05.370Z [Modules] Streaming discord_krisp@1 to /home/tiroir/.config/discord/0.0.35/modules/pending/discord_krisp-1.zip: 60%
2023-11-13T23:23:05.601Z [Modules] Streaming discord_krisp@1 to /home/tiroir/.config/discord/0.0.35/modules/pending/discord_krisp-1.zip: 61%
2023-11-13T23:23:05.834Z [Modules] Streaming discord_krisp@1 to /home/tiroir/.config/discord/0.0.35/modules/pending/discord_krisp-1.zip: 62%
2023-11-13T23:23:06.003Z [Modules] Streaming discord_krisp@1 to /home/tiroir/.config/discord/0.0.35/modules/pending/discord_krisp-1.zip: 63%
2023-11-13T23:23:06.192Z [Modules] Streaming discord_krisp@1 to /home/tiroir/.config/discord/0.0.35/modules/pending/discord_krisp-1.zip: 64%
2023-11-13T23:23:06.390Z [Modules] Streaming discord_krisp@1 to /home/tiroir/.config/discord/0.0.35/modules/pending/discord_krisp-1.zip: 65%
2023-11-13T23:23:06.557Z [Modules] Streaming discord_krisp@1 to /home/tiroir/.config/discord/0.0.35/modules/pending/discord_krisp-1.zip: 66%
2023-11-13T23:23:06.732Z [Modules] Streaming discord_krisp@1 to /home/tiroir/.config/discord/0.0.35/modules/pending/discord_krisp-1.zip: 67%
2023-11-13T23:23:06.875Z [Modules] Streaming discord_krisp@1 to /home/tiroir/.config/discord/0.0.35/modules/pending/discord_krisp-1.zip: 68%
2023-11-13T23:23:07.062Z [Modules] Streaming discord_krisp@1 to /home/tiroir/.config/discord/0.0.35/modules/pending/discord_krisp-1.zip: 69%
2023-11-13T23:23:07.284Z [Modules] Streaming discord_krisp@1 to /home/tiroir/.config/discord/0.0.35/modules/pending/discord_krisp-1.zip: 70%
2023-11-13T23:23:07.530Z [Modules] Streaming discord_krisp@1 to /home/tiroir/.config/discord/0.0.35/modules/pending/discord_krisp-1.zip: 71%
2023-11-13T23:23:07.860Z [Modules] Streaming discord_krisp@1 to /home/tiroir/.config/discord/0.0.35/modules/pending/discord_krisp-1.zip: 72%
2023-11-13T23:23:08.112Z [Modules] Streaming discord_krisp@1 to /home/tiroir/.config/discord/0.0.35/modules/pending/discord_krisp-1.zip: 73%
2023-11-13T23:23:08.290Z [Modules] Streaming discord_krisp@1 to /home/tiroir/.config/discord/0.0.35/modules/pending/discord_krisp-1.zip: 74%
2023-11-13T23:23:08.507Z [Modules] Streaming discord_krisp@1 to /home/tiroir/.config/discord/0.0.35/modules/pending/discord_krisp-1.zip: 75%
2023-11-13T23:23:08.688Z [Modules] Streaming discord_krisp@1 to /home/tiroir/.config/discord/0.0.35/modules/pending/discord_krisp-1.zip: 76%
2023-11-13T23:23:08.901Z [Modules] Streaming discord_krisp@1 to /home/tiroir/.config/discord/0.0.35/modules/pending/discord_krisp-1.zip: 77%
2023-11-13T23:23:09.053Z [Modules] Streaming discord_krisp@1 to /home/tiroir/.config/discord/0.0.35/modules/pending/discord_krisp-1.zip: 78%
2023-11-13T23:23:09.197Z [Modules] Streaming discord_krisp@1 to /home/tiroir/.config/discord/0.0.35/modules/pending/discord_krisp-1.zip: 79%
2023-11-13T23:23:09.348Z [Modules] Streaming discord_krisp@1 to /home/tiroir/.config/discord/0.0.35/modules/pending/discord_krisp-1.zip: 80%
2023-11-13T23:23:09.570Z [Modules] Streaming discord_krisp@1 to /home/tiroir/.config/discord/0.0.35/modules/pending/discord_krisp-1.zip: 81%
2023-11-13T23:23:09.916Z [Modules] Streaming discord_krisp@1 to /home/tiroir/.config/discord/0.0.35/modules/pending/discord_krisp-1.zip: 82%
2023-11-13T23:23:10.109Z [Modules] Streaming discord_krisp@1 to /home/tiroir/.config/discord/0.0.35/modules/pending/discord_krisp-1.zip: 83%
2023-11-13T23:23:10.291Z [Modules] Streaming discord_krisp@1 to /home/tiroir/.config/discord/0.0.35/modules/pending/discord_krisp-1.zip: 84%
2023-11-13T23:23:10.434Z [Modules] Streaming discord_krisp@1 to /home/tiroir/.config/discord/0.0.35/modules/pending/discord_krisp-1.zip: 85%
2023-11-13T23:23:10.586Z [Modules] Streaming discord_krisp@1 to /home/tiroir/.config/discord/0.0.35/modules/pending/discord_krisp-1.zip: 86%
2023-11-13T23:23:10.847Z [Modules] Streaming discord_krisp@1 to /home/tiroir/.config/discord/0.0.35/modules/pending/discord_krisp-1.zip: 87%
2023-11-13T23:23:11.068Z [Modules] Streaming discord_krisp@1 to /home/tiroir/.config/discord/0.0.35/modules/pending/discord_krisp-1.zip: 88%
2023-11-13T23:23:11.367Z [Modules] Streaming discord_krisp@1 to /home/tiroir/.config/discord/0.0.35/modules/pending/discord_krisp-1.zip: 89%
2023-11-13T23:23:11.895Z [Modules] Streaming discord_krisp@1 to /home/tiroir/.config/discord/0.0.35/modules/pending/discord_krisp-1.zip: 90%
2023-11-13T23:23:12.301Z [Modules] Streaming discord_krisp@1 to /home/tiroir/.config/discord/0.0.35/modules/pending/discord_krisp-1.zip: 91%
2023-11-13T23:23:12.483Z [Modules] Streaming discord_krisp@1 to /home/tiroir/.config/discord/0.0.35/modules/pending/discord_krisp-1.zip: 92%
2023-11-13T23:23:12.619Z [Modules] Streaming discord_krisp@1 to /home/tiroir/.config/discord/0.0.35/modules/pending/discord_krisp-1.zip: 93%
2023-11-13T23:23:12.856Z [Modules] Streaming discord_krisp@1 to /home/tiroir/.config/discord/0.0.35/modules/pending/discord_krisp-1.zip: 94%
2023-11-13T23:23:13.023Z [Modules] Streaming discord_krisp@1 to /home/tiroir/.config/discord/0.0.35/modules/pending/discord_krisp-1.zip: 95%
2023-11-13T23:23:13.424Z [Modules] Streaming discord_krisp@1 to /home/tiroir/.config/discord/0.0.35/modules/pending/discord_krisp-1.zip: 96%
2023-11-13T23:23:13.843Z [Modules] Streaming discord_krisp@1 to /home/tiroir/.config/discord/0.0.35/modules/pending/discord_krisp-1.zip: 97%
2023-11-13T23:23:14.199Z [Modules] Streaming discord_krisp@1 to /home/tiroir/.config/discord/0.0.35/modules/pending/discord_krisp-1.zip: 98%
2023-11-13T23:23:14.361Z [Modules] Streaming discord_krisp@1 to /home/tiroir/.config/discord/0.0.35/modules/pending/discord_krisp-1.zip: 99%
2023-11-13T23:31:12.258Z [Modules] Modules initializing
2023-11-13T23:31:12.258Z [Modules] Distribution: remote
2023-11-13T23:31:12.258Z [Modules] Host updates: enabled
2023-11-13T23:31:12.258Z [Modules] Module updates: enabled
2023-11-13T23:31:12.259Z [Modules] Module install path: /home/tiroir/.config/discord/0.0.34/modules
2023-11-13T23:31:12.259Z [Modules] Module installed file path: /home/tiroir/.config/discord/0.0.34/modules/installed.json
2023-11-13T23:31:12.259Z [Modules] Module download path: /home/tiroir/.config/discord/0.0.34/modules/pending
2023-11-13T23:31:13.474Z [Modules] Bootstrapping...
2023-11-13T23:31:13.475Z [Modules] Installing discord_desktop_core@0 from /opt/discord/resources/bootstrap/discord_desktop_core.zip
2023-11-13T23:31:13.476Z [Modules] Failed installing discord_desktop_core@0: Error: ENOENT: no such file or directory, open '/opt/discord/resources/bootstrap/discord_desktop_core.zip'
2023-11-13T23:31:13.476Z [Modules] Installing discord_erlpack@0 from /opt/discord/resources/bootstrap/discord_erlpack.zip
2023-11-13T23:31:13.477Z [Modules] Failed installing discord_erlpack@0: Error: ENOENT: no such file or directory, open '/opt/discord/resources/bootstrap/discord_erlpack.zip'
2023-11-13T23:31:13.477Z [Modules] Installing discord_spellcheck@0 from /opt/discord/resources/bootstrap/discord_spellcheck.zip
2023-11-13T23:31:13.478Z [Modules] Failed installing discord_spellcheck@0: Error: ENOENT: no such file or directory, open '/opt/discord/resources/bootstrap/discord_spellcheck.zip'
2023-11-13T23:31:13.478Z [Modules] Installing discord_utils@0 from /opt/discord/resources/bootstrap/discord_utils.zip
2023-11-13T23:31:13.478Z [Modules] Failed installing discord_utils@0: Error: ENOENT: no such file or directory, open '/opt/discord/resources/bootstrap/discord_utils.zip'
2023-11-13T23:31:13.478Z [Modules] Installing discord_voice@0 from /opt/discord/resources/bootstrap/discord_voice.zip
2023-11-13T23:31:13.479Z [Modules] Failed installing discord_voice@0: Error: ENOENT: no such file or directory, open '/opt/discord/resources/bootstrap/discord_voice.zip'
2023-11-13T23:31:13.479Z [Modules] Finished module installations. [success: 0] [failure: 5]
2023-11-13T23:31:13.479Z [Modules] Checking for host updates.
2023-11-13T23:31:14.312Z [Modules] Host update is available. Manual update required!
2023-11-14T12:21:24.892Z [Modules] Modules initializing
2023-11-14T12:21:24.892Z [Modules] Distribution: remote
2023-11-14T12:21:24.892Z [Modules] Host updates: enabled
2023-11-14T12:21:24.892Z [Modules] Module updates: enabled
2023-11-14T12:21:24.892Z [Modules] Module install path: /home/tiroir/.config/discord/0.0.34/modules
2023-11-14T12:21:24.893Z [Modules] Module installed file path: /home/tiroir/.config/discord/0.0.34/modules/installed.json
2023-11-14T12:21:24.893Z [Modules] Module download path: /home/tiroir/.config/discord/0.0.34/modules/pending
2023-11-14T12:21:25.014Z [Modules] No updates to install
2023-11-14T12:21:25.014Z [Modules] Checking for host updates.
2023-11-14T12:21:25.031Z [Modules] Host update failed: Error: getaddrinfo EAI_AGAIN discord.com
2023-11-14T12:21:35.038Z [Modules] Checking for host updates.
2023-11-14T12:21:35.046Z [Modules] Host update failed: Error: getaddrinfo EAI_AGAIN discord.com
2023-11-14T12:21:55.066Z [Modules] Checking for host updates.
2023-11-14T12:21:55.430Z [Modules] Host update is available. Manual update required!
2023-11-14T12:33:37.135Z [Modules] Modules initializing
2023-11-14T12:33:37.135Z [Modules] Distribution: remote
2023-11-14T12:33:37.135Z [Modules] Host updates: enabled
2023-11-14T12:33:37.135Z [Modules] Module updates: enabled
2023-11-14T12:33:37.135Z [Modules] Module install path: /home/tiroir/.config/discord/0.0.34/modules
2023-11-14T12:33:37.135Z [Modules] Module installed file path: /home/tiroir/.config/discord/0.0.34/modules/installed.json
2023-11-14T12:33:37.135Z [Modules] Module download path: /home/tiroir/.config/discord/0.0.34/modules/pending
2023-11-14T12:33:37.506Z [Modules] No updates to install
2023-11-14T12:33:37.507Z [Modules] Checking for host updates.
2023-11-14T12:33:44.757Z [Modules] Host update is available. Manual update required!
2023-11-14T13:39:27.322Z [Modules] Modules initializing
2023-11-14T13:39:27.322Z [Modules] Distribution: remote
2023-11-14T13:39:27.322Z [Modules] Host updates: enabled
2023-11-14T13:39:27.322Z [Modules] Module updates: enabled
2023-11-14T13:39:27.322Z [Modules] Module install path: /home/tiroir/.config/discord/0.0.35/modules
2023-11-14T13:39:27.322Z [Modules] Module installed file path: /home/tiroir/.config/discord/0.0.35/modules/installed.json
2023-11-14T13:39:27.322Z [Modules] Module download path: /home/tiroir/.config/discord/0.0.35/modules/pending
2023-11-14T13:39:27.685Z [Modules] Bootstrapping...
2023-11-14T13:39:27.686Z [Modules] Installing discord_desktop_core@0 from /opt/discord/resources/bootstrap/discord_desktop_core.zip
2023-11-14T13:39:27.686Z [Modules] Failed installing discord_desktop_core@0: Error: ENOENT: no such file or directory, open '/opt/discord/resources/bootstrap/discord_desktop_core.zip'
2023-11-14T13:39:27.687Z [Modules] Installing discord_erlpack@0 from /opt/discord/resources/bootstrap/discord_erlpack.zip
2023-11-14T13:39:27.687Z [Modules] Failed installing discord_erlpack@0: Error: ENOENT: no such file or directory, open '/opt/discord/resources/bootstrap/discord_erlpack.zip'
2023-11-14T13:39:27.688Z [Modules] Installing discord_spellcheck@0 from /opt/discord/resources/bootstrap/discord_spellcheck.zip
2023-11-14T13:39:27.688Z [Modules] Failed installing discord_spellcheck@0: Error: ENOENT: no such file or directory, open '/opt/discord/resources/bootstrap/discord_spellcheck.zip'
2023-11-14T13:39:27.697Z [Modules] Installing discord_utils@0 from /opt/discord/resources/bootstrap/discord_utils.zip
2023-11-14T13:39:27.698Z [Modules] Failed installing discord_utils@0: Error: ENOENT: no such file or directory, open '/opt/discord/resources/bootstrap/discord_utils.zip'
2023-11-14T13:39:27.698Z [Modules] Installing discord_voice@0 from /opt/discord/resources/bootstrap/discord_voice.zip
2023-11-14T13:39:27.699Z [Modules] Failed installing discord_voice@0: Error: ENOENT: no such file or directory, open '/opt/discord/resources/bootstrap/discord_voice.zip'
2023-11-14T13:39:27.699Z [Modules] Finished module installations. [success: 0] [failure: 5]
2023-11-14T13:39:27.699Z [Modules] Checking for host updates.
2023-11-14T13:39:28.103Z [Modules] Host is up to date.
2023-11-14T13:39:28.103Z [Modules] Checking for module updates at https://discord.com/api/modules/stable/versions.json
2023-11-14T13:39:28.159Z [Modules] Module update available: discord_desktop_core@1 [installed: 0]
2023-11-14T13:39:28.159Z [Modules] Module update available: discord_erlpack@1 [installed: 0]
2023-11-14T13:39:28.159Z [Modules] Module update available: discord_spellcheck@1 [installed: 0]
2023-11-14T13:39:28.159Z [Modules] Module update available: discord_utils@1 [installed: 0]
2023-11-14T13:39:28.159Z [Modules] Module update available: discord_voice@1 [installed: 0]
2023-11-14T13:39:28.160Z [Modules] Fetching discord_desktop_core@1 from https://discord.com/api/modules/stable/discord_desktop_core/1
2023-11-14T13:39:28.160Z [Modules] Streaming discord_desktop_core@1 to /home/tiroir/.config/discord/0.0.35/modules/pending/discord_desktop_core-1.zip
2023-11-14T13:39:28.872Z [Modules] Streaming discord_desktop_core@1 to /home/tiroir/.config/discord/0.0.35/modules/pending/discord_desktop_core-1.zip: 100%
2023-11-14T13:39:28.879Z [Modules] Fetching discord_erlpack@1 from https://discord.com/api/modules/stable/discord_erlpack/1
2023-11-14T13:39:28.879Z [Modules] Streaming discord_erlpack@1 to /home/tiroir/.config/discord/0.0.35/modules/pending/discord_erlpack-1.zip
2023-11-14T13:39:29.283Z [Modules] Streaming discord_erlpack@1 to /home/tiroir/.config/discord/0.0.35/modules/pending/discord_erlpack-1.zip: 100%
2023-11-14T13:39:29.288Z [Modules] Fetching discord_spellcheck@1 from https://discord.com/api/modules/stable/discord_spellcheck/1
2023-11-14T13:39:29.289Z [Modules] Streaming discord_spellcheck@1 to /home/tiroir/.config/discord/0.0.35/modules/pending/discord_spellcheck-1.zip
2023-11-14T13:39:29.689Z [Modules] Streaming discord_spellcheck@1 to /home/tiroir/.config/discord/0.0.35/modules/pending/discord_spellcheck-1.zip: 100%
2023-11-14T13:39:29.699Z [Modules] Fetching discord_utils@1 from https://discord.com/api/modules/stable/discord_utils/1
2023-11-14T13:39:29.699Z [Modules] Streaming discord_utils@1 to /home/tiroir/.config/discord/0.0.35/modules/pending/discord_utils-1.zip
2023-11-14T13:39:29.985Z [Modules] Streaming discord_utils@1 to /home/tiroir/.config/discord/0.0.35/modules/pending/discord_utils-1.zip: 100%
2023-11-14T13:39:29.998Z [Modules] Fetching discord_voice@1 from https://discord.com/api/modules/stable/discord_voice/1
2023-11-14T13:39:29.998Z [Modules] Streaming discord_voice@1 to /home/tiroir/.config/discord/0.0.35/modules/pending/discord_voice-1.zip
2023-11-14T13:39:30.458Z [Modules] Streaming discord_voice@1 to /home/tiroir/.config/discord/0.0.35/modules/pending/discord_voice-1.zip: 100%
2023-11-14T13:39:30.483Z [Modules] Finished module downloads. [success: 5] [failure: 0]
2023-11-14T13:39:30.483Z [Modules] Installing updates...
2023-11-14T13:39:30.483Z [Modules] Installing discord_desktop_core@1 from /home/tiroir/.config/discord/0.0.35/modules/pending/discord_desktop_core-1.zip
2023-11-14T13:39:30.537Z [Modules] Installing discord_erlpack@1 from /home/tiroir/.config/discord/0.0.35/modules/pending/discord_erlpack-1.zip
2023-11-14T13:39:30.566Z [Modules] Installing discord_spellcheck@1 from /home/tiroir/.config/discord/0.0.35/modules/pending/discord_spellcheck-1.zip
2023-11-14T13:39:30.941Z [Modules] Installing discord_utils@1 from /home/tiroir/.config/discord/0.0.35/modules/pending/discord_utils-1.zip
2023-11-14T13:39:31.052Z [Modules] Installing discord_voice@1 from /home/tiroir/.config/discord/0.0.35/modules/pending/discord_voice-1.zip
2023-11-14T13:39:31.442Z [Modules] Finished module installations. [success: 5] [failure: 0]
2023-11-14T13:39:31.442Z [Modules] Checking for host updates.
2023-11-14T13:39:31.661Z [Modules] Host is up to date.
2023-11-14T13:39:31.661Z [Modules] Checking for module updates at https://discord.com/api/modules/stable/versions.json
2023-11-14T13:39:31.665Z [Modules] No module updates available.
2023-11-14T13:39:39.215Z [Modules] Starting to install discord_krisp...
2023-11-14T13:39:39.215Z [Modules] Fetching discord_krisp@1 from https://discord.com/api/modules/stable/discord_krisp/1
2023-11-14T13:39:39.216Z [Modules] Streaming discord_krisp@1 to /home/tiroir/.config/discord/0.0.35/modules/pending/discord_krisp-1.zip
2023-11-14T13:39:39.221Z [Modules] Starting to install discord_game_utils...
2023-11-14T13:39:39.791Z [Modules] Streaming discord_krisp@1 to /home/tiroir/.config/discord/0.0.35/modules/pending/discord_krisp-1.zip: 100%
2023-11-14T13:39:40.080Z [Modules] Fetching discord_game_utils@1 from https://discord.com/api/modules/stable/discord_game_utils/1
2023-11-14T13:39:40.081Z [Modules] Streaming discord_game_utils@1 to /home/tiroir/.config/discord/0.0.35/modules/pending/discord_game_utils-1.zip
2023-11-14T13:39:40.081Z [Modules] Installing discord_krisp@1 from /home/tiroir/.config/discord/0.0.35/modules/pending/discord_krisp-1.zip
2023-11-14T13:39:40.202Z [Modules] Checking for host updates.
2023-11-14T13:39:40.258Z [Modules] Starting to install discord_rpc...
2023-11-14T13:39:40.353Z [Modules] Finished module installations. [success: 1] [failure: 0]
2023-11-14T13:39:40.356Z [Modules] Streaming discord_game_utils@1 to /home/tiroir/.config/discord/0.0.35/modules/pending/discord_game_utils-1.zip: 1%
2023-11-14T13:39:40.389Z [Modules] Streaming discord_game_utils@1 to /home/tiroir/.config/discord/0.0.35/modules/pending/discord_game_utils-1.zip: 2%
2023-11-14T13:39:40.408Z [Modules] Host is up to date.
2023-11-14T13:39:40.409Z [Modules] Checking for module updates at https://discord.com/api/modules/stable/versions.json
2023-11-14T13:39:40.410Z [Modules] No module updates available.
2023-11-14T13:39:40.419Z [Modules] Streaming discord_game_utils@1 to /home/tiroir/.config/discord/0.0.35/modules/pending/discord_game_utils-1.zip: 3%
2023-11-14T13:39:40.486Z [Modules] Streaming discord_game_utils@1 to /home/tiroir/.config/discord/0.0.35/modules/pending/discord_game_utils-1.zip: 4%
2023-11-14T13:39:40.592Z [Modules] Streaming discord_game_utils@1 to /home/tiroir/.config/discord/0.0.35/modules/pending/discord_game_utils-1.zip: 5%
2023-11-14T13:39:40.692Z [Modules] Streaming discord_game_utils@1 to /home/tiroir/.config/discord/0.0.35/modules/pending/discord_game_utils-1.zip: 6%
2023-11-14T13:39:40.822Z [Modules] Streaming discord_game_utils@1 to /home/tiroir/.config/discord/0.0.35/modules/pending/discord_game_utils-1.zip: 7%
2023-11-14T13:39:40.921Z [Modules] Streaming discord_game_utils@1 to /home/tiroir/.config/discord/0.0.35/modules/pending/discord_game_utils-1.zip: 9%
2023-11-14T13:39:40.932Z [Modules] Streaming discord_game_utils@1 to /home/tiroir/.config/discord/0.0.35/modules/pending/discord_game_utils-1.zip: 10%
2023-11-14T13:39:40.950Z [Modules] Streaming discord_game_utils@1 to /home/tiroir/.config/discord/0.0.35/modules/pending/discord_game_utils-1.zip: 12%
2023-11-14T13:39:40.972Z [Modules] Streaming discord_game_utils@1 to /home/tiroir/.config/discord/0.0.35/modules/pending/discord_game_utils-1.zip: 13%
2023-11-14T13:39:40.986Z [Modules] Streaming discord_game_utils@1 to /home/tiroir/.config/discord/0.0.35/modules/pending/discord_game_utils-1.zip: 14%
2023-11-14T13:39:40.998Z [Modules] Streaming discord_game_utils@1 to /home/tiroir/.config/discord/0.0.35/modules/pending/discord_game_utils-1.zip: 15%
2023-11-14T13:39:41.033Z [Modules] Streaming discord_game_utils@1 to /home/tiroir/.config/discord/0.0.35/modules/pending/discord_game_utils-1.zip: 16%
2023-11-14T13:39:41.046Z [Modules] Streaming discord_game_utils@1 to /home/tiroir/.config/discord/0.0.35/modules/pending/discord_game_utils-1.zip: 17%
2023-11-14T13:39:41.051Z [Modules] Streaming discord_game_utils@1 to /home/tiroir/.config/discord/0.0.35/modules/pending/discord_game_utils-1.zip: 18%
2023-11-14T13:39:41.101Z [Modules] Streaming discord_game_utils@1 to /home/tiroir/.config/discord/0.0.35/modules/pending/discord_game_utils-1.zip: 20%
2023-11-14T13:39:41.125Z [Modules] Streaming discord_game_utils@1 to /home/tiroir/.config/discord/0.0.35/modules/pending/discord_game_utils-1.zip: 21%
2023-11-14T13:39:41.164Z [Modules] Streaming discord_game_utils@1 to /home/tiroir/.config/discord/0.0.35/modules/pending/discord_game_utils-1.zip: 22%
2023-11-14T13:39:41.223Z [Modules] Streaming discord_game_utils@1 to /home/tiroir/.config/discord/0.0.35/modules/pending/discord_game_utils-1.zip: 23%
2023-11-14T13:39:41.230Z [Modules] Streaming discord_game_utils@1 to /home/tiroir/.config/discord/0.0.35/modules/pending/discord_game_utils-1.zip: 24%
2023-11-14T13:39:41.265Z [Modules] Streaming discord_game_utils@1 to /home/tiroir/.config/discord/0.0.35/modules/pending/discord_game_utils-1.zip: 25%
2023-11-14T13:39:41.326Z [Modules] Streaming discord_game_utils@1 to /home/tiroir/.config/discord/0.0.35/modules/pending/discord_game_utils-1.zip: 26%
2023-11-14T13:39:41.345Z [Modules] Streaming discord_game_utils@1 to /home/tiroir/.config/discord/0.0.35/modules/pending/discord_game_utils-1.zip: 27%
2023-11-14T13:39:41.404Z [Modules] Streaming discord_game_utils@1 to /home/tiroir/.config/discord/0.0.35/modules/pending/discord_game_utils-1.zip: 28%
2023-11-14T13:39:41.426Z [Modules] Streaming discord_game_utils@1 to /home/tiroir/.config/discord/0.0.35/modules/pending/discord_game_utils-1.zip: 29%
2023-11-14T13:39:41.450Z [Modules] Streaming discord_game_utils@1 to /home/tiroir/.config/discord/0.0.35/modules/pending/discord_game_utils-1.zip: 30%
2023-11-14T13:39:41.480Z [Modules] Streaming discord_game_utils@1 to /home/tiroir/.config/discord/0.0.35/modules/pending/discord_game_utils-1.zip: 31%
2023-11-14T13:39:41.523Z [Modules] Streaming discord_game_utils@1 to /home/tiroir/.config/discord/0.0.35/modules/pending/discord_game_utils-1.zip: 32%
2023-11-14T13:39:41.529Z [Modules] Streaming discord_game_utils@1 to /home/tiroir/.config/discord/0.0.35/modules/pending/discord_game_utils-1.zip: 33%
2023-11-14T13:39:41.598Z [Modules] Streaming discord_game_utils@1 to /home/tiroir/.config/discord/0.0.35/modules/pending/discord_game_utils-1.zip: 35%
2023-11-14T13:39:41.610Z [Modules] Streaming discord_game_utils@1 to /home/tiroir/.config/discord/0.0.35/modules/pending/discord_game_utils-1.zip: 36%
2023-11-14T13:39:41.624Z [Modules] Streaming discord_game_utils@1 to /home/tiroir/.config/discord/0.0.35/modules/pending/discord_game_utils-1.zip: 37%
2023-11-14T13:39:41.626Z [Modules] Streaming discord_game_utils@1 to /home/tiroir/.config/discord/0.0.35/modules/pending/discord_game_utils-1.zip: 38%
2023-11-14T13:39:41.693Z [Modules] Streaming discord_game_utils@1 to /home/tiroir/.config/discord/0.0.35/modules/pending/discord_game_utils-1.zip: 40%
2023-11-14T13:39:41.737Z [Modules] Streaming discord_game_utils@1 to /home/tiroir/.config/discord/0.0.35/modules/pending/discord_game_utils-1.zip: 41%
2023-11-14T13:39:41.755Z [Modules] Streaming discord_game_utils@1 to /home/tiroir/.config/discord/0.0.35/modules/pending/discord_game_utils-1.zip: 42%
2023-11-14T13:39:41.808Z [Modules] Streaming discord_game_utils@1 to /home/tiroir/.config/discord/0.0.35/modules/pending/discord_game_utils-1.zip: 43%
2023-11-14T13:39:41.829Z [Modules] Streaming discord_game_utils@1 to /home/tiroir/.config/discord/0.0.35/modules/pending/discord_game_utils-1.zip: 44%
2023-11-14T13:39:41.870Z [Modules] Streaming discord_game_utils@1 to /home/tiroir/.config/discord/0.0.35/modules/pending/discord_game_utils-1.zip: 45%
2023-11-14T13:39:41.885Z [Modules] Streaming discord_game_utils@1 to /home/tiroir/.config/discord/0.0.35/modules/pending/discord_game_utils-1.zip: 46%
2023-11-14T13:39:41.956Z [Modules] Streaming discord_game_utils@1 to /home/tiroir/.config/discord/0.0.35/modules/pending/discord_game_utils-1.zip: 47%
2023-11-14T13:39:42.024Z [Modules] Streaming discord_game_utils@1 to /home/tiroir/.config/discord/0.0.35/modules/pending/discord_game_utils-1.zip: 48%
2023-11-14T13:39:42.137Z [Modules] Streaming discord_game_utils@1 to /home/tiroir/.config/discord/0.0.35/modules/pending/discord_game_utils-1.zip: 49%
2023-11-14T13:39:42.151Z [Modules] Streaming discord_game_utils@1 to /home/tiroir/.config/discord/0.0.35/modules/pending/discord_game_utils-1.zip: 50%
2023-11-14T13:39:42.166Z [Modules] Streaming discord_game_utils@1 to /home/tiroir/.config/discord/0.0.35/modules/pending/discord_game_utils-1.zip: 51%
2023-11-14T13:39:42.187Z [Modules] Streaming discord_game_utils@1 to /home/tiroir/.config/discord/0.0.35/modules/pending/discord_game_utils-1.zip: 52%
2023-11-14T13:39:42.200Z [Modules] Streaming discord_game_utils@1 to /home/tiroir/.config/discord/0.0.35/modules/pending/discord_game_utils-1.zip: 53%
2023-11-14T13:39:42.224Z [Modules] Streaming discord_game_utils@1 to /home/tiroir/.config/discord/0.0.35/modules/pending/discord_game_utils-1.zip: 54%
2023-11-14T13:39:42.242Z [Modules] Streaming discord_game_utils@1 to /home/tiroir/.config/discord/0.0.35/modules/pending/discord_game_utils-1.zip: 55%
2023-11-14T13:39:42.271Z [Modules] Streaming discord_game_utils@1 to /home/tiroir/.config/discord/0.0.35/modules/pending/discord_game_utils-1.zip: 56%
2023-11-14T13:39:42.279Z [Modules] Streaming discord_game_utils@1 to /home/tiroir/.config/discord/0.0.35/modules/pending/discord_game_utils-1.zip: 57%
2023-11-14T13:39:42.319Z [Modules] Streaming discord_game_utils@1 to /home/tiroir/.config/discord/0.0.35/modules/pending/discord_game_utils-1.zip: 58%
2023-11-14T13:39:42.335Z [Modules] Streaming discord_game_utils@1 to /home/tiroir/.config/discord/0.0.35/modules/pending/discord_game_utils-1.zip: 59%
2023-11-14T13:39:42.355Z [Modules] Streaming discord_game_utils@1 to /home/tiroir/.config/discord/0.0.35/modules/pending/discord_game_utils-1.zip: 60%
2023-11-14T13:39:42.374Z [Modules] Streaming discord_game_utils@1 to /home/tiroir/.config/discord/0.0.35/modules/pending/discord_game_utils-1.zip: 61%
2023-11-14T13:39:42.408Z [Modules] Streaming discord_game_utils@1 to /home/tiroir/.config/discord/0.0.35/modules/pending/discord_game_utils-1.zip: 62%
2023-11-14T13:39:42.455Z [Modules] Streaming discord_game_utils@1 to /home/tiroir/.config/discord/0.0.35/modules/pending/discord_game_utils-1.zip: 63%
2023-11-14T13:39:42.468Z [Modules] Streaming discord_game_utils@1 to /home/tiroir/.config/discord/0.0.35/modules/pending/discord_game_utils-1.zip: 64%
2023-11-14T13:39:42.560Z [Modules] Streaming discord_game_utils@1 to /home/tiroir/.config/discord/0.0.35/modules/pending/discord_game_utils-1.zip: 66%
2023-11-14T13:39:42.666Z [Modules] Streaming discord_game_utils@1 to /home/tiroir/.config/discord/0.0.35/modules/pending/discord_game_utils-1.zip: 68%
2023-11-14T13:39:42.726Z [Modules] Streaming discord_game_utils@1 to /home/tiroir/.config/discord/0.0.35/modules/pending/discord_game_utils-1.zip: 69%
2023-11-14T13:39:42.762Z [Modules] Streaming discord_game_utils@1 to /home/tiroir/.config/discord/0.0.35/modules/pending/discord_game_utils-1.zip: 70%
2023-11-14T13:39:43.191Z [Modules] Streaming discord_game_utils@1 to /home/tiroir/.config/discord/0.0.35/modules/pending/discord_game_utils-1.zip: 71%
2023-11-14T13:39:43.198Z [Modules] Streaming discord_game_utils@1 to /home/tiroir/.config/discord/0.0.35/modules/pending/discord_game_utils-1.zip: 72%
2023-11-14T13:39:43.259Z [Modules] Streaming discord_game_utils@1 to /home/tiroir/.config/discord/0.0.35/modules/pending/discord_game_utils-1.zip: 73%
2023-11-14T13:39:43.262Z [Modules] Streaming discord_game_utils@1 to /home/tiroir/.config/discord/0.0.35/modules/pending/discord_game_utils-1.zip: 74%
2023-11-14T13:39:43.286Z [Modules] Streaming discord_game_utils@1 to /home/tiroir/.config/discord/0.0.35/modules/pending/discord_game_utils-1.zip: 75%
2023-11-14T13:39:43.293Z [Modules] Streaming discord_game_utils@1 to /home/tiroir/.config/discord/0.0.35/modules/pending/discord_game_utils-1.zip: 76%
2023-11-14T13:39:43.318Z [Modules] Streaming discord_game_utils@1 to /home/tiroir/.config/discord/0.0.35/modules/pending/discord_game_utils-1.zip: 77%
2023-11-14T13:39:43.323Z [Modules] Streaming discord_game_utils@1 to /home/tiroir/.config/discord/0.0.35/modules/pending/discord_game_utils-1.zip: 79%
2023-11-14T13:39:43.330Z [Modules] Streaming discord_game_utils@1 to /home/tiroir/.config/discord/0.0.35/modules/pending/discord_game_utils-1.zip: 80%
2023-11-14T13:39:43.332Z [Modules] Streaming discord_game_utils@1 to /home/tiroir/.config/discord/0.0.35/modules/pending/discord_game_utils-1.zip: 81%
2023-11-14T13:39:43.352Z [Modules] Streaming discord_game_utils@1 to /home/tiroir/.config/discord/0.0.35/modules/pending/discord_game_utils-1.zip: 82%
2023-11-14T13:39:43.362Z [Modules] Streaming discord_game_utils@1 to /home/tiroir/.config/discord/0.0.35/modules/pending/discord_game_utils-1.zip: 83%
2023-11-14T13:39:43.395Z [Modules] Streaming discord_game_utils@1 to /home/tiroir/.config/discord/0.0.35/modules/pending/discord_game_utils-1.zip: 84%
2023-11-14T13:39:43.403Z [Modules] Streaming discord_game_utils@1 to /home/tiroir/.config/discord/0.0.35/modules/pending/discord_game_utils-1.zip: 85%
2023-11-14T13:39:43.417Z [Modules] Streaming discord_game_utils@1 to /home/tiroir/.config/discord/0.0.35/modules/pending/discord_game_utils-1.zip: 86%
2023-11-14T13:39:43.419Z [Modules] Streaming discord_game_utils@1 to /home/tiroir/.config/discord/0.0.35/modules/pending/discord_game_utils-1.zip: 88%
2023-11-14T13:39:43.420Z [Modules] Streaming discord_game_utils@1 to /home/tiroir/.config/discord/0.0.35/modules/pending/discord_game_utils-1.zip: 92%
2023-11-14T13:39:43.421Z [Modules] Streaming discord_game_utils@1 to /home/tiroir/.config/discord/0.0.35/modules/pending/discord_game_utils-1.zip: 93%
2023-11-14T13:39:43.426Z [Modules] Streaming discord_game_utils@1 to /home/tiroir/.config/discord/0.0.35/modules/pending/discord_game_utils-1.zip: 94%
2023-11-14T13:39:43.429Z [Modules] Streaming discord_game_utils@1 to /home/tiroir/.config/discord/0.0.35/modules/pending/discord_game_utils-1.zip: 97%
2023-11-14T13:39:43.431Z [Modules] Streaming discord_game_utils@1 to /home/tiroir/.config/discord/0.0.35/modules/pending/discord_game_utils-1.zip: 100%
2023-11-14T13:39:43.433Z [Modules] Fetching discord_rpc@1 from https://discord.com/api/modules/stable/discord_rpc/1
2023-11-14T13:39:43.433Z [Modules] Streaming discord_rpc@1 to /home/tiroir/.config/discord/0.0.35/modules/pending/discord_rpc-1.zip
2023-11-14T13:39:43.433Z [Modules] Installing discord_game_utils@1 from /home/tiroir/.config/discord/0.0.35/modules/pending/discord_game_utils-1.zip
2023-11-14T13:39:43.487Z [Modules] Finished module installations. [success: 1] [failure: 0]
2023-11-14T13:39:43.771Z [Modules] Streaming discord_rpc@1 to /home/tiroir/.config/discord/0.0.35/modules/pending/discord_rpc-1.zip: 38%
2023-11-14T13:39:43.786Z [Modules] Streaming discord_rpc@1 to /home/tiroir/.config/discord/0.0.35/modules/pending/discord_rpc-1.zip: 75%
2023-11-14T13:39:43.809Z [Modules] Streaming discord_rpc@1 to /home/tiroir/.config/discord/0.0.35/modules/pending/discord_rpc-1.zip: 100%
2023-11-14T13:39:43.809Z [Modules] Finished module downloads. [success: 3] [failure: 0]
2023-11-14T13:39:43.810Z [Modules] Installing discord_rpc@1 from /home/tiroir/.config/discord/0.0.35/modules/pending/discord_rpc-1.zip
2023-11-14T13:39:43.818Z [Modules] Finished module installations. [success: 1] [failure: 0]
2023-11-14T13:50:02.485Z [Modules] Modules initializing
2023-11-14T13:50:02.485Z [Modules] Distribution: remote
2023-11-14T13:50:02.485Z [Modules] Host updates: enabled
2023-11-14T13:50:02.485Z [Modules] Module updates: enabled
2023-11-14T13:50:02.485Z [Modules] Module install path: /home/tiroir/.config/discord/0.0.35/modules
2023-11-14T13:50:02.485Z [Modules] Module installed file path: /home/tiroir/.config/discord/0.0.35/modules/installed.json
2023-11-14T13:50:02.485Z [Modules] Module download path: /home/tiroir/.config/discord/0.0.35/modules/pending
2023-11-14T13:50:02.814Z [Modules] No updates to install
2023-11-14T13:50:02.814Z [Modules] Checking for host updates.
2023-11-14T13:50:03.161Z [Modules] Host is up to date.
2023-11-14T13:50:03.161Z [Modules] Checking for module updates at https://discord.com/api/modules/stable/versions.json
2023-11-14T13:50:03.763Z [Modules] No module updates available.
2023-11-14T13:50:05.226Z [Modules] Checking for host updates.
2023-11-14T13:50:05.500Z [Modules] Host is up to date.
2023-11-14T13:50:05.500Z [Modules] Checking for module updates at https://discord.com/api/modules/stable/versions.json
2023-11-14T13:50:05.502Z [Modules] No module updates available.
2023-11-14T13:54:45.449Z [Modules] Modules initializing
2023-11-14T13:54:45.449Z [Modules] Distribution: remote
2023-11-14T13:54:45.449Z [Modules] Host updates: enabled
2023-11-14T13:54:45.449Z [Modules] Module updates: enabled
2023-11-14T13:54:45.450Z [Modules] Module install path: /home/tiroir/.config/discord/0.0.35/modules
2023-11-14T13:54:45.450Z [Modules] Module installed file path: /home/tiroir/.config/discord/0.0.35/modules/installed.json
2023-11-14T13:54:45.450Z [Modules] Module download path: /home/tiroir/.config/discord/0.0.35/modules/pending
2023-11-14T13:54:45.800Z [Modules] No updates to install
2023-11-14T13:54:45.800Z [Modules] Checking for host updates.
2023-11-14T13:54:46.154Z [Modules] Host is up to date.
2023-11-14T13:54:46.154Z [Modules] Checking for module updates at https://discord.com/api/modules/stable/versions.json
2023-11-14T13:54:46.158Z [Modules] No module updates available.
2023-11-14T13:54:48.165Z [Modules] Checking for host updates.
2023-11-14T13:54:48.401Z [Modules] Host is up to date.
2023-11-14T13:54:48.401Z [Modules] Checking for module updates at https://discord.com/api/modules/stable/versions.json
2023-11-14T13:54:48.403Z [Modules] No module updates available.
2023-11-14T13:57:12.952Z [Modules] Modules initializing
2023-11-14T13:57:12.952Z [Modules] Distribution: remote
2023-11-14T13:57:12.952Z [Modules] Host updates: enabled
2023-11-14T13:57:12.952Z [Modules] Module updates: enabled
2023-11-14T13:57:12.952Z [Modules] Module install path: /home/tiroir/.config/discord/0.0.35/modules
2023-11-14T13:57:12.952Z [Modules] Module installed file path: /home/tiroir/.config/discord/0.0.35/modules/installed.json
2023-11-14T13:57:12.952Z [Modules] Module download path: /home/tiroir/.config/discord/0.0.35/modules/pending
2023-11-14T13:57:13.075Z [Modules] No updates to install
2023-11-14T13:57:13.075Z [Modules] Checking for host updates.
2023-11-14T13:57:13.092Z [Modules] Host update failed: Error: getaddrinfo EAI_AGAIN discord.com
2023-11-14T13:57:23.099Z [Modules] Checking for host updates.
2023-11-14T13:57:23.110Z [Modules] Host update failed: Error: getaddrinfo EAI_AGAIN discord.com
2023-11-14T13:57:43.131Z [Modules] Checking for host updates.
2023-11-14T13:57:43.139Z [Modules] Host update failed: Error: getaddrinfo EAI_AGAIN discord.com
2023-11-14T13:59:58.538Z [Modules] Modules initializing
2023-11-14T13:59:58.538Z [Modules] Distribution: remote
2023-11-14T13:59:58.538Z [Modules] Host updates: enabled
2023-11-14T13:59:58.538Z [Modules] Module updates: enabled
2023-11-14T13:59:58.538Z [Modules] Module install path: /home/tiroir/.config/discord/0.0.35/modules
2023-11-14T13:59:58.538Z [Modules] Module installed file path: /home/tiroir/.config/discord/0.0.35/modules/installed.json
2023-11-14T13:59:58.539Z [Modules] Module download path: /home/tiroir/.config/discord/0.0.35/modules/pending
2023-11-14T13:59:59.746Z [Modules] No updates to install
2023-11-14T13:59:59.746Z [Modules] Checking for host updates.
2023-11-14T14:00:00.260Z [Modules] Host is up to date.
2023-11-14T14:00:00.261Z [Modules] Checking for module updates at https://discord.com/api/modules/stable/versions.json
2023-11-14T14:00:00.542Z [Modules] No module updates available.
2023-11-14T14:00:02.191Z [Modules] Checking for host updates.
2023-11-14T14:00:02.517Z [Modules] Host is up to date.
2023-11-14T14:00:02.517Z [Modules] Checking for module updates at https://discord.com/api/modules/stable/versions.json
2023-11-14T14:00:02.519Z [Modules] No module updates available.
2023-11-14T15:00:02.195Z [Modules] Checking for host updates.
2023-11-14T15:00:07.591Z [Modules] Host is up to date.
2023-11-14T15:00:07.591Z [Modules] Checking for module updates at https://discord.com/api/modules/stable/versions.json
2023-11-14T15:00:08.515Z [Modules] No module updates available.
2023-11-14T17:22:31.561Z [Modules] Modules initializing
2023-11-14T17:22:31.562Z [Modules] Distribution: remote
2023-11-14T17:22:31.562Z [Modules] Host updates: enabled
2023-11-14T17:22:31.562Z [Modules] Module updates: enabled
2023-11-14T17:22:31.562Z [Modules] Module install path: /home/tiroir/.config/discord/0.0.35/modules
2023-11-14T17:22:31.562Z [Modules] Module installed file path: /home/tiroir/.config/discord/0.0.35/modules/installed.json
2023-11-14T17:22:31.562Z [Modules] Module download path: /home/tiroir/.config/discord/0.0.35/modules/pending
2023-11-14T17:22:32.771Z [Modules] No updates to install
2023-11-14T17:22:32.772Z [Modules] Checking for host updates.
2023-11-14T17:22:33.572Z [Modules] Host is up to date.
2023-11-14T17:22:33.572Z [Modules] Checking for module updates at https://discord.com/api/modules/stable/versions.json
2023-11-14T17:22:33.669Z [Modules] No module updates available.
2023-11-14T17:22:35.673Z [Modules] Checking for host updates.
2023-11-14T17:22:35.920Z [Modules] Host is up to date.
2023-11-14T17:22:35.920Z [Modules] Checking for module updates at https://discord.com/api/modules/stable/versions.json
2023-11-14T17:22:35.922Z [Modules] No module updates available.
2023-11-15T13:21:39.438Z [Modules] Modules initializing
2023-11-15T13:21:39.438Z [Modules] Distribution: remote
2023-11-15T13:21:39.438Z [Modules] Host updates: enabled
2023-11-15T13:21:39.438Z [Modules] Module updates: enabled
2023-11-15T13:21:39.438Z [Modules] Module install path: /home/tiroir/.config/discord/0.0.35/modules
2023-11-15T13:21:39.438Z [Modules] Module installed file path: /home/tiroir/.config/discord/0.0.35/modules/installed.json
2023-11-15T13:21:39.438Z [Modules] Module download path: /home/tiroir/.config/discord/0.0.35/modules/pending
2023-11-15T13:21:39.787Z [Modules] No updates to install
2023-11-15T13:21:39.787Z [Modules] Checking for host updates.
2023-11-15T13:21:40.161Z [Modules] Host is up to date.
2023-11-15T13:21:40.162Z [Modules] Checking for module updates at https://discord.com/api/modules/stable/versions.json
2023-11-15T13:21:40.225Z [Modules] No module updates available.
2023-11-15T13:21:41.898Z [Modules] Checking for host updates.
2023-11-15T13:21:42.086Z [Modules] Host is up to date.
2023-11-15T13:21:42.086Z [Modules] Checking for module updates at https://discord.com/api/modules/stable/versions.json
2023-11-15T13:21:42.094Z [Modules] No module updates available.
2023-11-15T14:31:40.278Z [Modules] Modules initializing
2023-11-15T14:31:40.278Z [Modules] Distribution: remote
2023-11-15T14:31:40.278Z [Modules] Host updates: enabled
2023-11-15T14:31:40.279Z [Modules] Module updates: enabled
2023-11-15T14:31:40.279Z [Modules] Module install path: /home/tiroir/.config/discord/0.0.35/modules
2023-11-15T14:31:40.279Z [Modules] Module installed file path: /home/tiroir/.config/discord/0.0.35/modules/installed.json
2023-11-15T14:31:40.279Z [Modules] Module download path: /home/tiroir/.config/discord/0.0.35/modules/pending
2023-11-15T14:31:40.614Z [Modules] No updates to install
2023-11-15T14:31:40.614Z [Modules] Checking for host updates.
2023-11-15T14:31:41.071Z [Modules] Host is up to date.
2023-11-15T14:31:41.072Z [Modules] Checking for module updates at https://discord.com/api/modules/stable/versions.json
2023-11-15T14:31:41.147Z [Modules] No module updates available.
2023-11-15T14:31:42.826Z [Modules] Checking for host updates.
2023-11-15T14:31:43.088Z [Modules] Host is up to date.
2023-11-15T14:31:43.088Z [Modules] Checking for module updates at https://discord.com/api/modules/stable/versions.json
2023-11-15T14:31:43.090Z [Modules] No module updates available.
2023-11-15T15:23:00.158Z [Modules] Modules initializing
2023-11-15T15:23:00.158Z [Modules] Distribution: remote
2023-11-15T15:23:00.158Z [Modules] Host updates: enabled
2023-11-15T15:23:00.158Z [Modules] Module updates: enabled
2023-11-15T15:23:00.159Z [Modules] Module install path: /home/tiroir/.config/discord/0.0.35/modules
2023-11-15T15:23:00.159Z [Modules] Module installed file path: /home/tiroir/.config/discord/0.0.35/modules/installed.json
2023-11-15T15:23:00.159Z [Modules] Module download path: /home/tiroir/.config/discord/0.0.35/modules/pending
2023-11-15T15:23:00.529Z [Modules] No updates to install
2023-11-15T15:23:00.529Z [Modules] Checking for host updates.
2023-11-15T15:23:00.547Z [Modules] Host update failed: Error: getaddrinfo EAI_AGAIN discord.com
2023-11-15T15:23:10.552Z [Modules] Checking for host updates.
2023-11-15T15:23:10.563Z [Modules] Host update failed: Error: getaddrinfo EAI_AGAIN discord.com
2023-11-15T15:23:30.584Z [Modules] Checking for host updates.
2023-11-15T15:23:30.592Z [Modules] Host update failed: Error: getaddrinfo EAI_AGAIN discord.com
2023-11-15T15:24:00.622Z [Modules] Checking for host updates.
2023-11-15T15:24:00.631Z [Modules] Host update failed: Error: getaddrinfo EAI_AGAIN discord.com
2023-11-15T15:24:27.635Z [Modules] Modules initializing
2023-11-15T15:24:27.635Z [Modules] Distribution: remote
2023-11-15T15:24:27.635Z [Modules] Host updates: enabled
2023-11-15T15:24:27.635Z [Modules] Module updates: enabled
2023-11-15T15:24:27.635Z [Modules] Module install path: /home/tiroir/.config/discord/0.0.35/modules
2023-11-15T15:24:27.635Z [Modules] Module installed file path: /home/tiroir/.config/discord/0.0.35/modules/installed.json
2023-11-15T15:24:27.635Z [Modules] Module download path: /home/tiroir/.config/discord/0.0.35/modules/pending
2023-11-15T15:24:27.973Z [Modules] No updates to install
2023-11-15T15:24:27.974Z [Modules] Checking for host updates.
2023-11-15T15:24:28.378Z [Modules] Host is up to date.
2023-11-15T15:24:28.378Z [Modules] Checking for module updates at https://discord.com/api/modules/stable/versions.json
2023-11-15T15:24:28.442Z [Modules] No module updates available.
2023-11-15T15:24:30.211Z [Modules] Checking for host updates.
2023-11-15T15:24:30.485Z [Modules] Host is up to date.
2023-11-15T15:24:30.485Z [Modules] Checking for module updates at https://discord.com/api/modules/stable/versions.json
2023-11-15T15:24:30.487Z [Modules] No module updates available.
2023-11-15T15:35:32.868Z [Modules] Modules initializing
2023-11-15T15:35:32.868Z [Modules] Distribution: remote
2023-11-15T15:35:32.868Z [Modules] Host updates: enabled
2023-11-15T15:35:32.868Z [Modules] Module updates: enabled
2023-11-15T15:35:32.868Z [Modules] Module install path: /home/tiroir/.config/discord/0.0.35/modules
2023-11-15T15:35:32.868Z [Modules] Module installed file path: /home/tiroir/.config/discord/0.0.35/modules/installed.json
2023-11-15T15:35:32.868Z [Modules] Module download path: /home/tiroir/.config/discord/0.0.35/modules/pending
2023-11-15T15:35:33.203Z [Modules] No updates to install
2023-11-15T15:35:33.204Z [Modules] Checking for host updates.
2023-11-15T15:35:33.617Z [Modules] Host is up to date.
2023-11-15T15:35:33.617Z [Modules] Checking for module updates at https://discord.com/api/modules/stable/versions.json
2023-11-15T15:35:33.707Z [Modules] No module updates available.
2023-11-15T15:35:35.262Z [Modules] Checking for host updates.
2023-11-15T15:35:35.546Z [Modules] Host is up to date.
2023-11-15T15:35:35.547Z [Modules] Checking for module updates at https://discord.com/api/modules/stable/versions.json
2023-11-15T15:35:35.550Z [Modules] No module updates available.
2023-11-15T16:50:23.610Z [Modules] Checking for host updates.
2023-11-15T16:50:23.629Z [Modules] Host update failed: Error: getaddrinfo EAI_AGAIN discord.com
2023-11-15T17:50:23.613Z [Modules] Checking for host updates.
2023-11-15T17:50:23.893Z [Modules] Host is up to date.
2023-11-15T17:50:23.894Z [Modules] Checking for module updates at https://discord.com/api/modules/stable/versions.json
2023-11-15T17:50:24.183Z [Modules] No module updates available.
2023-11-16T13:23:40.344Z [Modules] Modules initializing
2023-11-16T13:23:40.344Z [Modules] Distribution: remote
2023-11-16T13:23:40.345Z [Modules] Host updates: enabled
2023-11-16T13:23:40.345Z [Modules] Module updates: enabled
2023-11-16T13:23:40.345Z [Modules] Module install path: /home/tiroir/.config/discord/0.0.35/modules
2023-11-16T13:23:40.345Z [Modules] Module installed file path: /home/tiroir/.config/discord/0.0.35/modules/installed.json
2023-11-16T13:23:40.345Z [Modules] Module download path: /home/tiroir/.config/discord/0.0.35/modules/pending
2023-11-16T13:23:40.706Z [Modules] No updates to install
2023-11-16T13:23:40.706Z [Modules] Checking for host updates.
2023-11-16T13:23:40.720Z [Modules] Host update failed: Error: getaddrinfo EAI_AGAIN discord.com
2023-11-16T13:23:50.725Z [Modules] Checking for host updates.
2023-11-16T13:23:50.733Z [Modules] Host update failed: Error: getaddrinfo EAI_AGAIN discord.com
2023-11-16T13:24:10.744Z [Modules] Checking for host updates.
2023-11-16T13:24:10.753Z [Modules] Host update failed: Error: getaddrinfo EAI_AGAIN discord.com
2023-11-16T13:31:06.740Z [Modules] Modules initializing
2023-11-16T13:31:06.740Z [Modules] Distribution: remote
2023-11-16T13:31:06.740Z [Modules] Host updates: enabled
2023-11-16T13:31:06.740Z [Modules] Module updates: enabled
2023-11-16T13:31:06.740Z [Modules] Module install path: /home/tiroir/.config/discord/0.0.35/modules
2023-11-16T13:31:06.740Z [Modules] Module installed file path: /home/tiroir/.config/discord/0.0.35/modules/installed.json
2023-11-16T13:31:06.740Z [Modules] Module download path: /home/tiroir/.config/discord/0.0.35/modules/pending
2023-11-16T13:31:07.108Z [Modules] No updates to install
2023-11-16T13:31:07.108Z [Modules] Checking for host updates.
2023-11-16T13:31:07.502Z [Modules] Host is up to date.
2023-11-16T13:31:07.503Z [Modules] Checking for module updates at https://discord.com/api/modules/stable/versions.json
2023-11-16T13:31:07.570Z [Modules] No module updates available.
2023-11-16T13:31:10.568Z [Modules] Checking for host updates.
2023-11-16T13:31:10.803Z [Modules] Host is up to date.
2023-11-16T13:31:10.803Z [Modules] Checking for module updates at https://discord.com/api/modules/stable/versions.json
2023-11-16T13:31:10.805Z [Modules] No module updates available.
2023-11-16T14:31:10.574Z [Modules] Checking for host updates.
2023-11-16T14:31:10.850Z [Modules] Host is up to date.
2023-11-16T14:31:10.850Z [Modules] Checking for module updates at https://discord.com/api/modules/stable/versions.json
2023-11-16T14:31:10.903Z [Modules] No module updates available.
2023-11-16T15:05:28.185Z [Modules] Modules initializing
2023-11-16T15:05:28.185Z [Modules] Distribution: remote
2023-11-16T15:05:28.185Z [Modules] Host updates: enabled
2023-11-16T15:05:28.185Z [Modules] Module updates: enabled
2023-11-16T15:05:28.186Z [Modules] Module install path: /home/tiroir/.config/discord/0.0.35/modules
2023-11-16T15:05:28.186Z [Modules] Module installed file path: /home/tiroir/.config/discord/0.0.35/modules/installed.json
2023-11-16T15:05:28.186Z [Modules] Module download path: /home/tiroir/.config/discord/0.0.35/modules/pending
2023-11-16T15:05:28.522Z [Modules] No updates to install
2023-11-16T15:05:28.523Z [Modules] Checking for host updates.
2023-11-16T15:05:29.107Z [Modules] Host is up to date.
2023-11-16T15:05:29.107Z [Modules] Checking for module updates at https://discord.com/api/modules/stable/versions.json
2023-11-16T15:05:29.165Z [Modules] No module updates available.
2023-11-16T15:05:30.771Z [Modules] Checking for host updates.
2023-11-16T15:05:30.958Z [Modules] Host is up to date.
2023-11-16T15:05:30.958Z [Modules] Checking for module updates at https://discord.com/api/modules/stable/versions.json
2023-11-16T15:05:30.961Z [Modules] No module updates available.
2023-11-16T16:37:41.407Z [Modules] Modules initializing
2023-11-16T16:37:41.407Z [Modules] Distribution: remote
2023-11-16T16:37:41.407Z [Modules] Host updates: enabled
2023-11-16T16:37:41.407Z [Modules] Module updates: enabled
2023-11-16T16:37:41.407Z [Modules] Module install path: /home/tiroir/.config/discord/0.0.35/modules
2023-11-16T16:37:41.407Z [Modules] Module installed file path: /home/tiroir/.config/discord/0.0.35/modules/installed.json
2023-11-16T16:37:41.407Z [Modules] Module download path: /home/tiroir/.config/discord/0.0.35/modules/pending
2023-11-16T16:37:41.749Z [Modules] No updates to install
2023-11-16T16:37:41.749Z [Modules] Checking for host updates.
2023-11-16T16:37:42.052Z [Modules] Host is up to date.
2023-11-16T16:37:42.052Z [Modules] Checking for module updates at https://discord.com/api/modules/stable/versions.json
2023-11-16T16:37:42.177Z [Modules] No module updates available.
2023-11-16T16:37:43.748Z [Modules] Checking for host updates.
2023-11-16T16:37:43.944Z [Modules] Host is up to date.
2023-11-16T16:37:43.945Z [Modules] Checking for module updates at https://discord.com/api/modules/stable/versions.json
2023-11-16T16:37:43.947Z [Modules] No module updates available.
2023-11-16T17:37:43.752Z [Modules] Checking for host updates.
2023-11-16T17:37:44.490Z [Modules] Host is up to date.
2023-11-16T17:37:44.490Z [Modules] Checking for module updates at https://discord.com/api/modules/stable/versions.json
2023-11-16T17:37:44.639Z [Modules] No module updates available.
2023-11-16T21:34:56.323Z [Modules] Modules initializing
2023-11-16T21:34:56.323Z [Modules] Distribution: remote
2023-11-16T21:34:56.323Z [Modules] Host updates: enabled
2023-11-16T21:34:56.323Z [Modules] Module updates: enabled
2023-11-16T21:34:56.323Z [Modules] Module install path: /home/tiroir/.config/discord/0.0.35/modules
2023-11-16T21:34:56.323Z [Modules] Module installed file path: /home/tiroir/.config/discord/0.0.35/modules/installed.json
2023-11-16T21:34:56.323Z [Modules] Module download path: /home/tiroir/.config/discord/0.0.35/modules/pending
2023-11-16T21:34:56.699Z [Modules] No updates to install
2023-11-16T21:34:56.699Z [Modules] Checking for host updates.
2023-11-16T21:34:57.304Z [Modules] Host is up to date.
2023-11-16T21:34:57.305Z [Modules] Checking for module updates at https://discord.com/api/modules/stable/versions.json
2023-11-16T21:34:57.581Z [Modules] No module updates available.
2023-11-16T21:34:59.154Z [Modules] Checking for host updates.
2023-11-16T21:34:59.548Z [Modules] Host is up to date.
2023-11-16T21:34:59.549Z [Modules] Checking for module updates at https://discord.com/api/modules/stable/versions.json
2023-11-16T21:34:59.551Z [Modules] No module updates available.
2023-11-16T22:34:59.157Z [Modules] Checking for host updates.
2023-11-16T22:34:59.336Z [Modules] Host is up to date.
2023-11-16T22:34:59.337Z [Modules] Checking for module updates at https://discord.com/api/modules/stable/versions.json
2023-11-16T22:34:59.383Z [Modules] No module updates available.
2023-11-17T12:05:18.676Z [Modules] Modules initializing
2023-11-17T12:05:18.676Z [Modules] Distribution: remote
2023-11-17T12:05:18.676Z [Modules] Host updates: enabled
2023-11-17T12:05:18.676Z [Modules] Module updates: enabled
2023-11-17T12:05:18.676Z [Modules] Module install path: /home/tiroir/.config/discord/0.0.35/modules
2023-11-17T12:05:18.676Z [Modules] Module installed file path: /home/tiroir/.config/discord/0.0.35/modules/installed.json
2023-11-17T12:05:18.676Z [Modules] Module download path: /home/tiroir/.config/discord/0.0.35/modules/pending
2023-11-17T12:05:19.038Z [Modules] No updates to install
2023-11-17T12:05:19.038Z [Modules] Checking for host updates.
2023-11-17T12:05:19.272Z [Modules] Host is up to date.
2023-11-17T12:05:19.272Z [Modules] Checking for module updates at https://discord.com/api/modules/stable/versions.json
2023-11-17T12:05:19.314Z [Modules] No module updates available.
2023-11-17T12:05:20.787Z [Modules] Checking for host updates.
2023-11-17T12:05:20.963Z [Modules] Host is up to date.
2023-11-17T12:05:20.963Z [Modules] Checking for module updates at https://discord.com/api/modules/stable/versions.json
2023-11-17T12:05:20.965Z [Modules] No module updates available.
2023-11-17T13:05:20.792Z [Modules] Checking for host updates.
2023-11-17T13:05:20.973Z [Modules] Host is up to date.
2023-11-17T13:05:20.973Z [Modules] Checking for module updates at https://discord.com/api/modules/stable/versions.json
2023-11-17T13:05:21.014Z [Modules] No module updates available.
2023-11-17T14:05:20.796Z [Modules] Checking for host updates.
2023-11-17T14:05:20.980Z [Modules] Host is up to date.
2023-11-17T14:05:20.980Z [Modules] Checking for module updates at https://discord.com/api/modules/stable/versions.json
2023-11-17T14:05:21.059Z [Modules] No module updates available.
2023-11-17T15:05:20.795Z [Modules] Checking for host updates.
2023-11-17T15:05:55.350Z [Modules] Host update failed: Error: getaddrinfo EAI_AGAIN discord.com
2023-11-17T21:57:11.412Z [Modules] Modules initializing
2023-11-17T21:57:11.412Z [Modules] Distribution: remote
2023-11-17T21:57:11.412Z [Modules] Host updates: enabled
2023-11-17T21:57:11.412Z [Modules] Module updates: enabled
2023-11-17T21:57:11.412Z [Modules] Module install path: /home/tiroir/.config/discord/0.0.35/modules
2023-11-17T21:57:11.412Z [Modules] Module installed file path: /home/tiroir/.config/discord/0.0.35/modules/installed.json
2023-11-17T21:57:11.412Z [Modules] Module download path: /home/tiroir/.config/discord/0.0.35/modules/pending
2023-11-17T21:57:11.757Z [Modules] No updates to install
2023-11-17T21:57:11.757Z [Modules] Checking for host updates.
2023-11-17T21:57:11.976Z [Modules] Host is up to date.
2023-11-17T21:57:11.976Z [Modules] Checking for module updates at https://discord.com/api/modules/stable/versions.json
2023-11-17T21:57:12.023Z [Modules] No module updates available.
2023-11-17T21:57:13.473Z [Modules] Checking for host updates.
2023-11-17T21:57:13.623Z [Modules] Host is up to date.
2023-11-17T21:57:13.623Z [Modules] Checking for module updates at https://discord.com/api/modules/stable/versions.json
2023-11-17T21:57:13.625Z [Modules] No module updates available.
2023-11-17T22:57:13.477Z [Modules] Checking for host updates.
2023-11-17T22:57:14.622Z [Modules] Host is up to date.
2023-11-17T22:57:14.622Z [Modules] Checking for module updates at https://discord.com/api/modules/stable/versions.json
2023-11-17T22:57:14.675Z [Modules] No module updates available.
2023-11-18T10:04:23.951Z [Modules] Checking for host updates.
2023-11-18T10:04:24.117Z [Modules] Host is up to date.
2023-11-18T10:04:24.118Z [Modules] Checking for module updates at https://discord.com/api/modules/stable/versions.json
2023-11-18T10:04:24.158Z [Modules] No module updates available.
2023-11-18T11:04:23.953Z [Modules] Checking for host updates.
2023-11-18T11:04:24.215Z [Modules] Host is up to date.
2023-11-18T11:04:24.215Z [Modules] Checking for module updates at https://discord.com/api/modules/stable/versions.json
2023-11-18T11:04:24.270Z [Modules] No module updates available.
2023-11-18T12:04:23.950Z [Modules] Checking for host updates.
2023-11-18T12:04:24.143Z [Modules] Host is up to date.
2023-11-18T12:04:24.143Z [Modules] Checking for module updates at https://discord.com/api/modules/stable/versions.json
2023-11-18T12:04:24.208Z [Modules] No module updates available.
2023-11-18T13:04:23.951Z [Modules] Checking for host updates.
2023-11-18T13:04:24.262Z [Modules] Host is up to date.
2023-11-18T13:04:24.262Z [Modules] Checking for module updates at https://discord.com/api/modules/stable/versions.json
2023-11-18T13:04:24.510Z [Modules] No module updates available.
2023-11-18T14:04:23.948Z [Modules] Checking for host updates.
2023-11-18T14:04:24.113Z [Modules] Host is up to date.
2023-11-18T14:04:24.113Z [Modules] Checking for module updates at https://discord.com/api/modules/stable/versions.json
2023-11-18T14:04:24.150Z [Modules] No module updates available.
2023-11-18T15:57:35.409Z [Modules] Checking for host updates.
2023-11-18T15:57:35.584Z [Modules] Host is up to date.
2023-11-18T15:57:35.584Z [Modules] Checking for module updates at https://discord.com/api/modules/stable/versions.json
2023-11-18T15:57:35.627Z [Modules] No module updates available.
2023-11-19T15:24:11.122Z [Modules] Modules initializing
2023-11-19T15:24:11.122Z [Modules] Distribution: remote
2023-11-19T15:24:11.122Z [Modules] Host updates: enabled
2023-11-19T15:24:11.122Z [Modules] Module updates: enabled
2023-11-19T15:24:11.123Z [Modules] Module install path: /home/tiroir/.config/discord/0.0.35/modules
2023-11-19T15:24:11.123Z [Modules] Module installed file path: /home/tiroir/.config/discord/0.0.35/modules/installed.json
2023-11-19T15:24:11.123Z [Modules] Module download path: /home/tiroir/.config/discord/0.0.35/modules/pending
2023-11-19T15:24:11.475Z [Modules] No updates to install
2023-11-19T15:24:11.475Z [Modules] Checking for host updates.
2023-11-19T15:24:12.000Z [Modules] Host is up to date.
2023-11-19T15:24:12.000Z [Modules] Checking for module updates at https://discord.com/api/modules/stable/versions.json
2023-11-19T15:24:12.076Z [Modules] No module updates available.
2023-11-19T15:24:26.143Z [Modules] Checking for host updates.
2023-11-19T15:24:26.744Z [Modules] Host is up to date.
2023-11-19T15:24:26.744Z [Modules] Checking for module updates at https://discord.com/api/modules/stable/versions.json
2023-11-19T15:24:26.756Z [Modules] No module updates available.
2023-11-19T18:20:04.180Z [Modules] Modules initializing
2023-11-19T18:20:04.180Z [Modules] Distribution: remote
2023-11-19T18:20:04.181Z [Modules] Host updates: enabled
2023-11-19T18:20:04.181Z [Modules] Module updates: enabled
2023-11-19T18:20:04.181Z [Modules] Module install path: /home/tiroir/.config/discord/0.0.35/modules
2023-11-19T18:20:04.181Z [Modules] Module installed file path: /home/tiroir/.config/discord/0.0.35/modules/installed.json
2023-11-19T18:20:04.181Z [Modules] Module download path: /home/tiroir/.config/discord/0.0.35/modules/pending
2023-11-19T18:20:04.528Z [Modules] No updates to install
2023-11-19T18:20:04.529Z [Modules] Checking for host updates.
2023-11-19T18:20:06.025Z [Modules] Host is up to date.
2023-11-19T18:20:06.026Z [Modules] Checking for module updates at https://discord.com/api/modules/stable/versions.json
2023-11-19T18:20:06.189Z [Modules] No module updates available.
2023-11-19T18:20:07.939Z [Modules] Checking for host updates.
2023-11-19T18:20:08.182Z [Modules] Host is up to date.
2023-11-19T18:20:08.182Z [Modules] Checking for module updates at https://discord.com/api/modules/stable/versions.json
2023-11-19T18:20:08.184Z [Modules] No module updates available.
2023-11-19T19:23:28.867Z [Modules] Modules initializing
2023-11-19T19:23:28.867Z [Modules] Distribution: remote
2023-11-19T19:23:28.868Z [Modules] Host updates: enabled
2023-11-19T19:23:28.868Z [Modules] Module updates: enabled
2023-11-19T19:23:28.868Z [Modules] Module install path: /home/tiroir/.config/discord/0.0.35/modules
2023-11-19T19:23:28.868Z [Modules] Module installed file path: /home/tiroir/.config/discord/0.0.35/modules/installed.json
2023-11-19T19:23:28.868Z [Modules] Module download path: /home/tiroir/.config/discord/0.0.35/modules/pending
2023-11-19T19:23:29.225Z [Modules] No updates to install
2023-11-19T19:23:29.225Z [Modules] Checking for host updates.
2023-11-19T19:23:29.693Z [Modules] Host is up to date.
2023-11-19T19:23:29.693Z [Modules] Checking for module updates at https://discord.com/api/modules/stable/versions.json
2023-11-19T19:23:29.910Z [Modules] No module updates available.
2023-11-19T19:23:31.749Z [Modules] Checking for host updates.
2023-11-19T19:23:32.030Z [Modules] Host is up to date.
2023-11-19T19:23:32.030Z [Modules] Checking for module updates at https://discord.com/api/modules/stable/versions.json
2023-11-19T19:23:32.032Z [Modules] No module updates available.
2023-11-19T20:23:31.757Z [Modules] Checking for host updates.
2023-11-19T20:23:32.464Z [Modules] Host is up to date.
2023-11-19T20:23:32.464Z [Modules] Checking for module updates at https://discord.com/api/modules/stable/versions.json
2023-11-19T20:23:32.562Z [Modules] No module updates available.
2023-11-19T21:23:31.760Z [Modules] Checking for host updates.
2023-11-19T21:23:32.471Z [Modules] Host is up to date.
2023-11-19T21:23:32.471Z [Modules] Checking for module updates at https://discord.com/api/modules/stable/versions.json
2023-11-19T21:23:32.780Z [Modules] No module updates available.
2023-11-20T07:15:57.926Z [Modules] Modules initializing
2023-11-20T07:15:57.926Z [Modules] Distribution: remote
2023-11-20T07:15:57.926Z [Modules] Host updates: enabled
2023-11-20T07:15:57.926Z [Modules] Module updates: enabled
2023-11-20T07:15:57.927Z [Modules] Module install path: /home/tiroir/.config/discord/0.0.35/modules
2023-11-20T07:15:57.927Z [Modules] Module installed file path: /home/tiroir/.config/discord/0.0.35/modules/installed.json
2023-11-20T07:15:57.927Z [Modules] Module download path: /home/tiroir/.config/discord/0.0.35/modules/pending
2023-11-20T07:15:58.280Z [Modules] No updates to install
2023-11-20T07:15:58.280Z [Modules] Checking for host updates.
2023-11-20T07:15:58.645Z [Modules] Host is up to date.
2023-11-20T07:15:58.645Z [Modules] Checking for module updates at https://discord.com/api/modules/stable/versions.json
2023-11-20T07:15:58.718Z [Modules] No module updates available.
2023-11-20T07:16:00.329Z [Modules] Checking for host updates.
2023-11-20T07:16:00.505Z [Modules] Host is up to date.
2023-11-20T07:16:00.505Z [Modules] Checking for module updates at https://discord.com/api/modules/stable/versions.json
2023-11-20T07:16:00.507Z [Modules] No module updates available.
2023-11-20T08:15:59.805Z [Modules] Checking for host updates.
2023-11-20T08:16:00.061Z [Modules] Host is up to date.
2023-11-20T08:16:00.062Z [Modules] Checking for module updates at https://discord.com/api/modules/stable/versions.json
2023-11-20T08:16:00.100Z [Modules] No module updates available.
2023-11-20T19:52:44.959Z [Modules] Checking for host updates.
2023-11-20T19:52:45.459Z [Modules] Host is up to date.
2023-11-20T19:52:45.459Z [Modules] Checking for module updates at https://discord.com/api/modules/stable/versions.json
2023-11-20T19:52:45.556Z [Modules] No module updates available.
2023-11-20T20:37:00.148Z [Modules] Modules initializing
2023-11-20T20:37:00.148Z [Modules] Distribution: remote
2023-11-20T20:37:00.148Z [Modules] Host updates: enabled
2023-11-20T20:37:00.148Z [Modules] Module updates: enabled
2023-11-20T20:37:00.148Z [Modules] Module install path: /home/tiroir/.config/discord/0.0.35/modules
2023-11-20T20:37:00.148Z [Modules] Module installed file path: /home/tiroir/.config/discord/0.0.35/modules/installed.json
2023-11-20T20:37:00.149Z [Modules] Module download path: /home/tiroir/.config/discord/0.0.35/modules/pending
2023-11-20T20:37:00.507Z [Modules] No updates to install
2023-11-20T20:37:00.508Z [Modules] Checking for host updates.
2023-11-20T20:37:00.719Z [Modules] Host is up to date.
2023-11-20T20:37:00.719Z [Modules] Checking for module updates at https://discord.com/api/modules/stable/versions.json
2023-11-20T20:37:00.765Z [Modules] No module updates available.
2023-11-20T20:37:02.382Z [Modules] Checking for host updates.
2023-11-20T20:37:02.565Z [Modules] Host is up to date.
2023-11-20T20:37:02.565Z [Modules] Checking for module updates at https://discord.com/api/modules/stable/versions.json
2023-11-20T20:37:02.567Z [Modules] No module updates available.
2023-11-20T21:37:02.388Z [Modules] Checking for host updates.
2023-11-20T21:37:02.570Z [Modules] Host is up to date.
2023-11-20T21:37:02.570Z [Modules] Checking for module updates at https://discord.com/api/modules/stable/versions.json
2023-11-20T21:37:02.624Z [Modules] No module updates available.
2023-11-22T19:38:40.909Z [Modules] Modules initializing
2023-11-22T19:38:40.909Z [Modules] Distribution: remote
2023-11-22T19:38:40.909Z [Modules] Host updates: enabled
2023-11-22T19:38:40.909Z [Modules] Module updates: enabled
2023-11-22T19:38:40.909Z [Modules] Module install path: /home/tiroir/.config/discord/0.0.35/modules
2023-11-22T19:38:40.909Z [Modules] Module installed file path: /home/tiroir/.config/discord/0.0.35/modules/installed.json
2023-11-22T19:38:40.909Z [Modules] Module download path: /home/tiroir/.config/discord/0.0.35/modules/pending
2023-11-22T19:38:41.275Z [Modules] No updates to install
2023-11-22T19:38:41.276Z [Modules] Checking for host updates.
2023-11-22T19:38:42.663Z [Modules] Host is up to date.
2023-11-22T19:38:42.663Z [Modules] Checking for module updates at https://discord.com/api/modules/stable/versions.json
2023-11-22T19:38:42.762Z [Modules] No module updates available.
2023-11-22T19:39:01.356Z [Modules] Checking for host updates.
2023-11-22T19:39:01.521Z [Modules] Host is up to date.
2023-11-22T19:39:01.521Z [Modules] Checking for module updates at https://discord.com/api/modules/stable/versions.json
2023-11-22T19:39:01.523Z [Modules] No module updates available.
2023-11-22T20:39:00.837Z [Modules] Checking for host updates.
2023-11-22T20:39:01.185Z [Modules] Host is up to date.
2023-11-22T20:39:01.185Z [Modules] Checking for module updates at https://discord.com/api/modules/stable/versions.json
2023-11-22T20:39:01.262Z [Modules] No module updates available.
2023-11-23T22:28:38.460Z [Modules] Modules initializing
2023-11-23T22:28:38.461Z [Modules] Distribution: remote
2023-11-23T22:28:38.461Z [Modules] Host updates: enabled
2023-11-23T22:28:38.461Z [Modules] Module updates: enabled
2023-11-23T22:28:38.462Z [Modules] Module install path: /home/tiroir/.config/discord/0.0.35/modules
2023-11-23T22:28:38.462Z [Modules] Module installed file path: /home/tiroir/.config/discord/0.0.35/modules/installed.json
2023-11-23T22:28:38.462Z [Modules] Module download path: /home/tiroir/.config/discord/0.0.35/modules/pending
2023-11-23T22:28:38.681Z [Modules] No updates to install
2023-11-23T22:28:38.681Z [Modules] Checking for host updates.
2023-11-23T22:28:38.906Z [Modules] Host is up to date.
2023-11-23T22:28:38.907Z [Modules] Checking for module updates at https://discord.com/api/modules/stable/versions.json
2023-11-23T22:28:38.976Z [Modules] No module updates available.
2023-11-23T22:28:41.730Z [Modules] Checking for host updates.
2023-11-23T22:28:41.890Z [Modules] Host is up to date.
2023-11-23T22:28:41.890Z [Modules] Checking for module updates at https://discord.com/api/modules/stable/versions.json
2023-11-23T22:28:41.893Z [Modules] No module updates available.
2023-11-24T18:21:39.054Z [Modules] Modules initializing
2023-11-24T18:21:39.054Z [Modules] Distribution: remote
2023-11-24T18:21:39.054Z [Modules] Host updates: enabled
2023-11-24T18:21:39.054Z [Modules] Module updates: enabled
2023-11-24T18:21:39.055Z [Modules] Module install path: /home/tiroir/.config/discord/0.0.35/modules
2023-11-24T18:21:39.055Z [Modules] Module installed file path: /home/tiroir/.config/discord/0.0.35/modules/installed.json
2023-11-24T18:21:39.055Z [Modules] Module download path: /home/tiroir/.config/discord/0.0.35/modules/pending
2023-11-24T18:21:39.424Z [Modules] No updates to install
2023-11-24T18:21:39.424Z [Modules] Checking for host updates.
2023-11-24T18:21:39.629Z [Modules] Host is up to date.
2023-11-24T18:21:39.629Z [Modules] Checking for module updates at https://discord.com/api/modules/stable/versions.json
2023-11-24T18:21:39.694Z [Modules] No module updates available.
2023-11-24T18:21:41.312Z [Modules] Checking for host updates.
2023-11-24T18:21:41.497Z [Modules] Host is up to date.
2023-11-24T18:21:41.497Z [Modules] Checking for module updates at https://discord.com/api/modules/stable/versions.json
2023-11-24T18:21:41.499Z [Modules] No module updates available.
2023-11-24T19:21:41.325Z [Modules] Checking for host updates.
2023-11-24T19:21:41.503Z [Modules] Host is up to date.
2023-11-24T19:21:41.504Z [Modules] Checking for module updates at https://discord.com/api/modules/stable/versions.json
2023-11-24T19:21:41.525Z [Modules] No module updates available.
2023-11-24T20:28:00.963Z [Modules] Checking for host updates.
2023-11-24T20:28:01.110Z [Modules] Host is up to date.
2023-11-24T20:28:01.111Z [Modules] Checking for module updates at https://discord.com/api/modules/stable/versions.json
2023-11-24T20:28:01.138Z [Modules] No module updates available.
2023-11-24T22:35:14.880Z [Modules] Modules initializing
2023-11-24T22:35:14.881Z [Modules] Distribution: remote
2023-11-24T22:35:14.881Z [Modules] Host updates: enabled
2023-11-24T22:35:14.881Z [Modules] Module updates: enabled
2023-11-24T22:35:14.881Z [Modules] Module install path: /home/tiroir/.config/discord/0.0.35/modules
2023-11-24T22:35:14.881Z [Modules] Module installed file path: /home/tiroir/.config/discord/0.0.35/modules/installed.json
2023-11-24T22:35:14.881Z [Modules] Module download path: /home/tiroir/.config/discord/0.0.35/modules/pending
2023-11-24T22:35:15.246Z [Modules] No updates to install
2023-11-24T22:35:15.246Z [Modules] Checking for host updates.
2023-11-24T22:35:15.492Z [Modules] Host is up to date.
2023-11-24T22:35:15.492Z [Modules] Checking for module updates at https://discord.com/api/modules/stable/versions.json
2023-11-24T22:35:15.514Z [Modules] No module updates available.
2023-11-24T22:35:17.046Z [Modules] Checking for host updates.
2023-11-24T22:35:17.182Z [Modules] Host is up to date.
2023-11-24T22:35:17.183Z [Modules] Checking for module updates at https://discord.com/api/modules/stable/versions.json
2023-11-24T22:35:17.185Z [Modules] No module updates available.
2023-11-24T23:35:17.057Z [Modules] Checking for host updates.
2023-11-24T23:35:17.263Z [Modules] Host is up to date.
2023-11-24T23:35:17.263Z [Modules] Checking for module updates at https://discord.com/api/modules/stable/versions.json
2023-11-24T23:35:17.280Z [Modules] No module updates available.
2023-11-25T00:35:17.058Z [Modules] Checking for host updates.
2023-11-25T00:35:17.279Z [Modules] Host is up to date.
2023-11-25T00:35:17.279Z [Modules] Checking for module updates at https://discord.com/api/modules/stable/versions.json
2023-11-25T00:35:17.300Z [Modules] No module updates available.
2023-11-26T12:17:31.817Z [Modules] Modules initializing
2023-11-26T12:17:31.817Z [Modules] Distribution: remote
2023-11-26T12:17:31.817Z [Modules] Host updates: enabled
2023-11-26T12:17:31.817Z [Modules] Module updates: enabled
2023-11-26T12:17:31.817Z [Modules] Module install path: /home/tiroir/.config/discord/0.0.35/modules
2023-11-26T12:17:31.817Z [Modules] Module installed file path: /home/tiroir/.config/discord/0.0.35/modules/installed.json
2023-11-26T12:17:31.817Z [Modules] Module download path: /home/tiroir/.config/discord/0.0.35/modules/pending
2023-11-26T12:17:33.033Z [Modules] No updates to install
2023-11-26T12:17:33.034Z [Modules] Checking for host updates.
2023-11-26T12:17:36.134Z [Modules] Host is up to date.
2023-11-26T12:17:36.134Z [Modules] Checking for module updates at https://discord.com/api/modules/stable/versions.json
2023-11-26T12:17:36.500Z [Modules] No module updates available.
2023-11-26T12:17:40.847Z [Modules] Checking for host updates.
2023-11-26T12:17:41.417Z [Modules] Host is up to date.
2023-11-26T12:17:41.417Z [Modules] Checking for module updates at https://discord.com/api/modules/stable/versions.json
2023-11-26T12:17:41.424Z [Modules] No module updates available.
2023-11-26T13:17:40.865Z [Modules] Checking for host updates.
2023-11-26T13:17:41.037Z [Modules] Host is up to date.
2023-11-26T13:17:41.037Z [Modules] Checking for module updates at https://discord.com/api/modules/stable/versions.json
2023-11-26T13:17:41.089Z [Modules] No module updates available.
2023-11-26T15:47:43.519Z [Modules] Modules initializing
2023-11-26T15:47:43.519Z [Modules] Distribution: remote
2023-11-26T15:47:43.519Z [Modules] Host updates: enabled
2023-11-26T15:47:43.519Z [Modules] Module updates: enabled
2023-11-26T15:47:43.519Z [Modules] Module install path: /home/tiroir/.config/discord/0.0.35/modules
2023-11-26T15:47:43.519Z [Modules] Module installed file path: /home/tiroir/.config/discord/0.0.35/modules/installed.json
2023-11-26T15:47:43.519Z [Modules] Module download path: /home/tiroir/.config/discord/0.0.35/modules/pending
2023-11-26T15:47:44.729Z [Modules] No updates to install
2023-11-26T15:47:44.729Z [Modules] Checking for host updates.
2023-11-26T15:47:44.973Z [Modules] Host is up to date.
2023-11-26T15:47:44.973Z [Modules] Checking for module updates at https://discord.com/api/modules/stable/versions.json
2023-11-26T15:47:45.020Z [Modules] No module updates available.
2023-11-26T15:47:46.496Z [Modules] Checking for host updates.
2023-11-26T15:47:46.650Z [Modules] Host is up to date.
2023-11-26T15:47:46.650Z [Modules] Checking for module updates at https://discord.com/api/modules/stable/versions.json
2023-11-26T15:47:46.652Z [Modules] No module updates available.
2023-11-26T16:47:47.233Z [Modules] Checking for host updates.
2023-11-26T16:47:47.509Z [Modules] Host is up to date.
2023-11-26T16:47:47.509Z [Modules] Checking for module updates at https://discord.com/api/modules/stable/versions.json
2023-11-26T16:47:47.551Z [Modules] No module updates available.
2023-11-26T17:47:47.235Z [Modules] Checking for host updates.
2023-11-26T17:47:47.544Z [Modules] Host is up to date.
2023-11-26T17:47:47.544Z [Modules] Checking for module updates at https://discord.com/api/modules/stable/versions.json
2023-11-26T17:47:47.828Z [Modules] No module updates available.
2023-11-26T19:46:15.856Z [Modules] Checking for host updates.
2023-11-26T19:46:17.300Z [Modules] Host is up to date.
2023-11-26T19:46:17.300Z [Modules] Checking for module updates at https://discord.com/api/modules/stable/versions.json
2023-11-26T19:46:17.772Z [Modules] No module updates available.
2023-11-26T20:39:37.364Z [Modules] Modules initializing
2023-11-26T20:39:37.364Z [Modules] Distribution: remote
2023-11-26T20:39:37.364Z [Modules] Host updates: enabled
2023-11-26T20:39:37.364Z [Modules] Module updates: enabled
2023-11-26T20:39:37.364Z [Modules] Module install path: /home/tiroir/.config/discord/0.0.35/modules
2023-11-26T20:39:37.364Z [Modules] Module installed file path: /home/tiroir/.config/discord/0.0.35/modules/installed.json
2023-11-26T20:39:37.364Z [Modules] Module download path: /home/tiroir/.config/discord/0.0.35/modules/pending
2023-11-26T20:39:38.566Z [Modules] No updates to install
2023-11-26T20:39:38.567Z [Modules] Checking for host updates.
2023-11-26T20:39:39.001Z [Modules] Host is up to date.
2023-11-26T20:39:39.001Z [Modules] Checking for module updates at https://discord.com/api/modules/stable/versions.json
2023-11-26T20:39:39.062Z [Modules] No module updates available.
2023-11-26T20:39:44.127Z [Modules] Checking for host updates.
2023-11-26T20:39:44.289Z [Modules] Host is up to date.
2023-11-26T20:39:44.289Z [Modules] Checking for module updates at https://discord.com/api/modules/stable/versions.json
2023-11-26T20:39:44.293Z [Modules] No module updates available.
2023-11-26T20:40:19.706Z [Modules] Modules initializing
2023-11-26T20:40:19.706Z [Modules] Distribution: remote
2023-11-26T20:40:19.706Z [Modules] Host updates: enabled
2023-11-26T20:40:19.706Z [Modules] Module updates: enabled
2023-11-26T20:40:19.706Z [Modules] Module install path: /home/tiroir/.config/discord/0.0.35/modules
2023-11-26T20:40:19.706Z [Modules] Module installed file path: /home/tiroir/.config/discord/0.0.35/modules/installed.json
2023-11-26T20:40:19.706Z [Modules] Module download path: /home/tiroir/.config/discord/0.0.35/modules/pending
2023-11-26T20:40:20.912Z [Modules] No updates to install
2023-11-26T20:40:20.913Z [Modules] Checking for host updates.
2023-11-26T20:40:21.415Z [Modules] Host is up to date.
2023-11-26T20:40:21.416Z [Modules] Checking for module updates at https://discord.com/api/modules/stable/versions.json
2023-11-26T20:40:21.463Z [Modules] No module updates available.
2023-11-26T20:40:23.059Z [Modules] Checking for host updates.
2023-11-26T20:40:23.241Z [Modules] Host is up to date.
2023-11-26T20:40:23.241Z [Modules] Checking for module updates at https://discord.com/api/modules/stable/versions.json
2023-11-26T20:40:23.243Z [Modules] No module updates available.
2023-11-27T10:30:53.571Z [Modules] Modules initializing
2023-11-27T10:30:53.571Z [Modules] Distribution: remote
2023-11-27T10:30:53.571Z [Modules] Host updates: enabled
2023-11-27T10:30:53.571Z [Modules] Module updates: enabled
2023-11-27T10:30:53.571Z [Modules] Module install path: /home/tiroir/.config/discord/0.0.35/modules
2023-11-27T10:30:53.571Z [Modules] Module installed file path: /home/tiroir/.config/discord/0.0.35/modules/installed.json
2023-11-27T10:30:53.571Z [Modules] Module download path: /home/tiroir/.config/discord/0.0.35/modules/pending
2023-11-27T10:30:53.940Z [Modules] No updates to install
2023-11-27T10:30:53.941Z [Modules] Checking for host updates.
2023-11-27T10:30:54.360Z [Modules] Host is up to date.
2023-11-27T10:30:54.360Z [Modules] Checking for module updates at https://discord.com/api/modules/stable/versions.json
2023-11-27T10:30:54.406Z [Modules] No module updates available.
2023-11-27T10:30:56.243Z [Modules] Checking for host updates.
2023-11-27T10:30:56.461Z [Modules] Host is up to date.
2023-11-27T10:30:56.461Z [Modules] Checking for module updates at https://discord.com/api/modules/stable/versions.json
2023-11-27T10:30:56.463Z [Modules] No module updates available.
2023-11-27T11:46:38.788Z [Modules] Checking for host updates.
2023-11-27T11:46:38.995Z [Modules] Host is up to date.
2023-11-27T11:46:38.996Z [Modules] Checking for module updates at https://discord.com/api/modules/stable/versions.json
2023-11-27T11:46:39.038Z [Modules] No module updates available.
2023-11-27T12:10:57.224Z [Modules] Modules initializing
2023-11-27T12:10:57.224Z [Modules] Distribution: remote
2023-11-27T12:10:57.224Z [Modules] Host updates: enabled
2023-11-27T12:10:57.224Z [Modules] Module updates: enabled
2023-11-27T12:10:57.224Z [Modules] Module install path: /home/tiroir/.config/discord/0.0.35/modules
2023-11-27T12:10:57.224Z [Modules] Module installed file path: /home/tiroir/.config/discord/0.0.35/modules/installed.json
2023-11-27T12:10:57.224Z [Modules] Module download path: /home/tiroir/.config/discord/0.0.35/modules/pending
2023-11-27T12:10:57.355Z [Modules] No updates to install
2023-11-27T12:10:57.355Z [Modules] Checking for host updates.
2023-11-27T12:10:57.585Z [Modules] Host is up to date.
2023-11-27T12:10:57.586Z [Modules] Checking for module updates at https://discord.com/api/modules/stable/versions.json
2023-11-27T12:10:57.621Z [Modules] No module updates available.
2023-11-27T12:10:59.371Z [Modules] Checking for host updates.
2023-11-27T12:10:59.556Z [Modules] Host is up to date.
2023-11-27T12:10:59.556Z [Modules] Checking for module updates at https://discord.com/api/modules/stable/versions.json
2023-11-27T12:10:59.559Z [Modules] No module updates available.
2023-11-27T12:18:09.431Z [Modules] Modules initializing
2023-11-27T12:18:09.431Z [Modules] Distribution: remote
2023-11-27T12:18:09.431Z [Modules] Host updates: enabled
2023-11-27T12:18:09.431Z [Modules] Module updates: enabled
2023-11-27T12:18:09.432Z [Modules] Module install path: /home/tiroir/.config/discord/0.0.35/modules
2023-11-27T12:18:09.432Z [Modules] Module installed file path: /home/tiroir/.config/discord/0.0.35/modules/installed.json
2023-11-27T12:18:09.432Z [Modules] Module download path: /home/tiroir/.config/discord/0.0.35/modules/pending
2023-11-27T12:18:09.801Z [Modules] No updates to install
2023-11-27T12:18:09.802Z [Modules] Checking for host updates.
2023-11-27T12:18:10.020Z [Modules] Host is up to date.
2023-11-27T12:18:10.020Z [Modules] Checking for module updates at https://discord.com/api/modules/stable/versions.json
2023-11-27T12:18:10.063Z [Modules] No module updates available.
2023-11-27T12:18:11.596Z [Modules] Checking for host updates.
2023-11-27T12:18:11.734Z [Modules] Host is up to date.
2023-11-27T12:18:11.734Z [Modules] Checking for module updates at https://discord.com/api/modules/stable/versions.json
2023-11-27T12:18:11.736Z [Modules] No module updates available.
2023-11-27T17:32:31.965Z [Modules] Modules initializing
2023-11-27T17:32:31.965Z [Modules] Distribution: remote
2023-11-27T17:32:31.965Z [Modules] Host updates: enabled
2023-11-27T17:32:31.965Z [Modules] Module updates: enabled
2023-11-27T17:32:31.965Z [Modules] Module install path: /home/tiroir/.config/discord/0.0.35/modules
2023-11-27T17:32:31.965Z [Modules] Module installed file path: /home/tiroir/.config/discord/0.0.35/modules/installed.json
2023-11-27T17:32:31.965Z [Modules] Module download path: /home/tiroir/.config/discord/0.0.35/modules/pending
2023-11-27T17:32:32.333Z [Modules] No updates to install
2023-11-27T17:32:32.334Z [Modules] Checking for host updates.
2023-11-27T17:32:32.576Z [Modules] Host is up to date.
2023-11-27T17:32:32.577Z [Modules] Checking for module updates at https://discord.com/api/modules/stable/versions.json
2023-11-27T17:32:32.625Z [Modules] No module updates available.
2023-11-27T17:32:34.213Z [Modules] Checking for host updates.
2023-11-27T17:32:34.363Z [Modules] Host is up to date.
2023-11-27T17:32:34.363Z [Modules] Checking for module updates at https://discord.com/api/modules/stable/versions.json
2023-11-27T17:32:34.365Z [Modules] No module updates available.
2023-11-27T18:32:34.224Z [Modules] Checking for host updates.
2023-11-27T18:32:34.444Z [Modules] Host is up to date.
2023-11-27T18:32:34.444Z [Modules] Checking for module updates at https://discord.com/api/modules/stable/versions.json
2023-11-27T18:32:34.492Z [Modules] No module updates available.
2023-11-27T19:32:34.225Z [Modules] Checking for host updates.
2023-11-27T19:32:34.409Z [Modules] Host is up to date.
2023-11-27T19:32:34.409Z [Modules] Checking for module updates at https://discord.com/api/modules/stable/versions.json
2023-11-27T19:32:34.458Z [Modules] No module updates available.
2023-11-28T14:15:44.366Z [Modules] Checking for host updates.
2023-11-28T14:15:44.557Z [Modules] Host is up to date.
2023-11-28T14:15:44.557Z [Modules] Checking for module updates at https://discord.com/api/modules/stable/versions.json
2023-11-28T14:15:44.595Z [Modules] No module updates available.
2023-11-28T15:15:44.365Z [Modules] Checking for host updates.
2023-11-28T15:15:44.611Z [Modules] Host is up to date.
2023-11-28T15:15:44.611Z [Modules] Checking for module updates at https://discord.com/api/modules/stable/versions.json
2023-11-28T15:15:44.650Z [Modules] No module updates available.
2023-11-28T16:15:44.353Z [Modules] Checking for host updates.
2023-11-28T16:15:44.626Z [Modules] Host is up to date.
2023-11-28T16:15:44.626Z [Modules] Checking for module updates at https://discord.com/api/modules/stable/versions.json
2023-11-28T16:15:44.659Z [Modules] No module updates available.
